ID,Year_Birth,Education,Marital_Status,Income,Kidhome,Teenhome,Dt_Customer,Recency,MntWines,MntFruits,MntMeatProducts,MntFishProducts,MntSweetProducts,MntGoldProds,NumDealsPurchases,NumWebPurchases,NumCatalogPurchases,NumStorePurchases,NumWebVisitsMonth,AcceptedCmp3,AcceptedCmp4,AcceptedCmp5,AcceptedCmp1,AcceptedCmp2,Complain,Z_CostContact,Z_Revenue,Response,Age,Year,Month,Day
5524.0,1957.0,Graduation,Single,58138.0,0.0,0.0,2012-09-04,58.0,635.0,81.0,546.0,120.5,81.0,88.0,3.0,8.0,10.0,4.0,7.0,0.0,0.0,0.0,0.0,0.0,0.0,3.0,11.0,0.0,57.0,2012,9,4
2174.0,1954.0,Graduation,Single,46344.0,1.0,1.0,2014-03-08,38.0,11.0,1.0,6.0,2.0,1.0,6.0,2.0,1.0,1.0,2.0,5.0,0.0,0.0,0.0,0.0,0.0,0.0,3.0,11.0,0.0,60.0,2014,3,8
4141.0,1965.0,Graduation,Married,71613.0,0.0,0.0,2013-08-21,26.0,426.0,49.0,127.0,111.0,21.0,42.0,1.0,8.0,2.0,10.0,4.0,0.0,0.0,0.0,0.0,0.0,0.0,3.0,11.0,0.0,49.0,2013,8,21
6182.0,1984.0,Graduation,Married,26646.0,1.0,0.0,2014-02-10,26.0,11.0,4.0,20.0,10.0,3.0,5.0,2.0,2.0,0.0,4.0,6.0,0.0,0.0,0.0,0.0,0.0,0.0,3.0,11.0,0.0,30.0,2014,2,10
5324.0,1981.0,Phd,Married,58293.0,1.0,0.0,2014-01-19,94.0,173.0,43.0,118.0,46.0,27.0,15.0,5.0,5.0,3.0,6.0,5.0,0.0,0.0,0.0,0.0,0.0,0.0,3.0,11.0,0.0,33.0,2014,1,19
7446.0,1967.0,Master,Married,62513.0,0.0,1.0,2013-09-09,16.0,520.0,42.0,98.0,0.0,42.0,14.0,2.0,6.0,4.0,10.0,6.0,0.0,0.0,0.0,0.0,0.0,0.0,3.0,11.0,0.0,47.0,2013,9,9
965.0,1971.0,Graduation,Divorced,55635.0,0.0,1.0,2012-11-13,34.0,235.0,65.0,164.0,50.0,49.0,27.0,4.0,7.0,3.0,7.0,6.0,0.0,0.0,0.0,0.0,0.0,0.0,3.0,11.0,0.0,43.0,2012,11,13
6177.0,1985.0,Phd,Married,33454.0,1.0,0.0,2013-05-08,32.0,76.0,10.0,56.0,3.0,1.0,23.0,2.0,4.0,0.0,4.0,8.0,0.0,0.0,0.0,0.0,0.0,0.0,3.0,11.0,0.0,29.0,2013,5,8
4855.0,1974.0,Phd,Married,30351.0,1.0,0.0,2013-06-06,19.0,14.0,0.0,24.0,3.0,3.0,2.0,1.0,3.0,0.0,2.0,9.0,0.0,0.0,0.0,0.0,0.0,0.0,3.0,11.0,0.0,40.0,2013,6,6
5899.0,1950.0,Phd,Married,5648.0,1.0,1.0,2014-03-13,68.0,28.0,0.0,6.0,1.0,1.0,13.0,1.0,1.0,0.0,0.0,13.0,0.0,0.0,0.0,0.0,0.0,0.0,3.0,11.0,0.0,64.0,2014,3,13
1994.0,1983.0,Graduation,Married,51381.5,1.0,0.0,2013-11-15,11.0,5.0,5.0,6.0,0.0,2.0,1.0,1.0,1.0,0.0,2.0,7.0,0.0,0.0,0.0,0.0,0.0,0.0,3.0,11.0,0.0,31.0,2013,11,15
387.0,1976.0,Basic,Married,7500.0,0.0,0.0,2012-11-13,59.0,6.0,16.0,11.0,11.0,1.0,16.0,1.0,2.0,0.0,3.0,8.0,0.0,0.0,0.0,0.0,0.0,0.0,3.0,11.0,0.0,38.0,2012,11,13
2125.0,1959.0,Graduation,Divorced,63033.0,0.0,0.0,2013-11-15,82.0,194.0,61.0,480.0,120.5,81.0,30.0,1.0,3.0,4.0,8.0,2.0,0.0,0.0,0.0,0.0,0.0,0.0,3.0,11.0,0.0,55.0,2013,11,15
8180.0,1952.0,Master,Divorced,59354.0,1.0,1.0,2013-11-15,53.0,233.0,2.0,53.0,3.0,5.0,14.0,3.0,6.0,1.0,5.0,6.0,0.0,0.0,0.0,0.0,0.0,0.0,3.0,11.0,0.0,62.0,2013,11,15
2569.0,1987.0,Graduation,Married,17323.0,0.0,0.0,2012-10-10,38.0,3.0,14.0,17.0,6.0,1.0,5.0,1.0,1.0,0.0,3.0,8.0,0.0,0.0,0.0,0.0,0.0,0.0,3.0,11.0,0.0,27.0,2012,10,10
2114.0,1946.0,Phd,Single,82800.0,0.0,0.0,2012-11-24,23.0,1006.0,22.0,115.0,59.0,68.0,45.0,1.0,7.0,6.0,12.0,3.0,0.0,0.0,0.0,0.0,0.0,0.0,3.0,11.0,0.0,68.0,2012,11,24
9736.0,1980.0,Graduation,Married,41850.0,1.0,1.0,2012-12-24,51.0,53.0,5.0,19.0,2.0,13.0,4.0,3.0,3.0,0.0,3.0,8.0,0.0,0.0,0.0,0.0,0.0,0.0,3.0,11.0,0.0,34.0,2012,12,24
4939.0,1946.0,Graduation,Married,37760.0,0.0,0.0,2012-08-31,20.0,84.0,5.0,38.0,120.5,12.0,28.0,2.0,4.0,1.0,6.0,7.0,0.0,0.0,0.0,0.0,0.0,0.0,3.0,11.0,0.0,68.0,2012,8,31
6565.0,1949.0,Master,Married,76995.0,0.0,1.0,2013-03-28,91.0,1012.0,80.0,498.0,0.0,16.0,126.5,2.0,11.0,4.0,9.0,5.0,0.0,0.0,0.0,0.0,0.0,0.0,3.0,11.0,0.0,65.0,2013,3,28
2278.0,1985.0,2N Cycle,Single,33812.0,1.0,0.0,2012-11-03,86.0,4.0,17.0,19.0,30.0,24.0,39.0,2.0,2.0,1.0,3.0,6.0,0.0,0.0,0.0,0.0,0.0,0.0,3.0,11.0,0.0,29.0,2012,11,3
9360.0,1982.0,Graduation,Married,37040.0,0.0,0.0,2012-08-08,41.0,86.0,2.0,73.0,69.0,38.0,48.0,1.0,4.0,2.0,5.0,8.0,0.0,0.0,0.0,0.0,0.0,0.0,3.0,11.0,0.0,32.0,2012,8,8
5376.0,1979.0,Graduation,Married,2447.0,1.0,0.0,2013-01-06,42.0,1.0,1.0,556.0,1.0,1.0,1.0,6.0,0.0,10.0,0.0,1.0,0.0,0.0,0.0,0.0,0.0,0.0,3.0,11.0,0.0,35.0,2013,1,6
1993.0,1949.0,Phd,Married,58607.0,0.0,1.0,2012-12-23,63.0,867.0,0.0,86.0,0.0,0.0,19.0,3.0,2.0,3.0,9.0,8.0,0.0,0.0,0.0,0.0,0.0,0.0,3.0,11.0,0.0,65.0,2012,12,23
4047.0,1954.0,Phd,Married,65324.0,0.0,1.0,2014-01-11,0.0,384.0,0.0,102.0,21.0,32.0,5.0,3.0,6.0,2.0,9.0,4.0,0.0,0.0,0.0,0.0,0.0,0.0,3.0,11.0,0.0,60.0,2014,1,11
1409.0,1951.0,Graduation,Married,40689.0,0.0,1.0,2013-03-18,69.0,270.0,3.0,27.0,39.0,6.0,99.0,6.0,7.0,1.0,5.0,8.0,0.0,0.0,0.0,0.0,0.0,0.0,3.0,11.0,0.0,63.0,2013,3,18
7892.0,1969.0,Graduation,Single,18589.0,0.0,0.0,2013-01-02,89.0,6.0,4.0,25.0,15.0,12.0,13.0,2.0,2.0,1.0,3.0,7.0,0.0,0.0,0.0,0.0,0.0,0.0,3.0,11.0,0.0,45.0,2013,1,2
2404.0,1976.0,Graduation,Married,53359.0,1.0,1.0,2013-05-27,4.0,173.0,4.0,30.0,3.0,6.0,41.0,4.0,5.0,1.0,4.0,7.0,0.0,0.0,0.0,0.0,0.0,0.0,3.0,11.0,0.0,38.0,2013,5,27
5255.0,1986.0,Graduation,Single,51381.5,1.0,0.0,2013-02-20,19.0,5.0,1.0,3.0,3.0,81.0,126.5,0.0,12.0,0.0,0.0,1.0,0.0,0.0,0.0,0.0,0.0,0.0,3.0,11.0,0.0,28.0,2013,2,20
9422.0,1989.0,Graduation,Married,38360.0,1.0,0.0,2013-05-31,26.0,36.0,2.0,42.0,20.0,21.0,10.0,2.0,2.0,1.0,4.0,3.0,0.0,0.0,0.0,0.0,0.0,0.0,3.0,11.0,0.0,25.0,2013,5,31
1966.0,1965.0,Phd,Married,84618.0,0.0,0.0,2013-11-22,96.0,684.0,81.0,556.0,21.0,66.0,0.0,1.0,6.0,9.0,10.0,2.0,0.0,0.0,0.0,0.0,0.0,0.0,3.0,11.0,0.0,49.0,2013,11,22
6864.0,1989.0,Master,Divorced,10979.0,0.0,0.0,2014-05-22,34.0,8.0,4.0,10.0,2.0,2.0,4.0,2.0,3.0,0.0,3.0,5.0,0.0,0.0,0.0,0.0,0.0,0.0,3.0,11.0,0.0,25.0,2014,5,22
3033.0,1963.0,Master,Married,38620.0,0.0,0.0,2013-05-11,56.0,112.0,17.0,44.0,34.0,22.0,89.0,1.0,2.0,5.0,3.0,3.0,0.0,0.0,0.0,0.0,0.0,0.0,3.0,11.0,0.0,51.0,2013,5,11
5710.0,1970.0,Graduation,Married,40548.0,0.0,1.0,2012-10-10,31.0,110.0,0.0,5.0,2.0,0.0,3.0,2.0,2.0,1.0,4.0,5.0,0.0,0.0,0.0,0.0,0.0,0.0,3.0,11.0,0.0,44.0,2012,10,10
7373.0,1952.0,Phd,Divorced,46610.0,0.0,2.0,2012-10-29,8.0,96.0,12.0,96.0,33.0,22.0,43.0,6.0,4.0,1.0,6.0,6.0,0.0,0.0,0.0,0.0,0.0,0.0,3.0,11.0,0.0,62.0,2012,10,29
8755.0,1946.0,Master,Married,68657.0,0.0,0.0,2013-02-20,4.0,482.0,34.0,471.0,119.0,68.0,22.0,1.0,3.0,5.0,9.0,7.0,0.0,0.0,0.0,0.0,0.0,0.0,3.0,11.0,0.0,68.0,2013,2,20
10738.0,1951.0,Master,Single,49389.0,1.0,1.0,2013-08-29,55.0,40.0,0.0,19.0,2.0,1.0,3.0,1.0,2.0,0.0,3.0,7.0,0.0,0.0,0.0,0.0,0.0,0.0,3.0,11.0,0.0,63.0,2013,8,29
4339.0,1970.0,Phd,Married,67353.0,0.0,1.0,2013-12-31,37.0,702.0,17.0,151.0,0.0,8.0,35.0,5.0,5.0,6.0,12.0,2.0,0.0,0.0,0.0,0.0,0.0,0.0,3.0,11.0,0.0,44.0,2013,12,31
10755.0,1976.0,2N Cycle,Married,23718.0,1.0,0.0,2013-09-02,76.0,6.0,3.0,14.0,15.0,7.0,36.0,3.0,3.0,1.0,2.0,7.0,0.0,0.0,0.0,0.0,0.0,0.0,3.0,11.0,0.0,38.0,2013,9,2
8595.0,1973.0,Graduation,Widow,42429.0,0.0,1.0,2014-02-11,99.0,55.0,0.0,6.0,2.0,0.0,4.0,2.0,1.0,1.0,3.0,5.0,0.0,0.0,0.0,0.0,0.0,0.0,3.0,11.0,0.0,41.0,2014,2,11
2968.0,1943.0,Phd,Divorced,48948.0,0.0,0.0,2013-02-01,53.0,437.0,8.0,206.0,120.5,49.0,42.0,2.0,7.0,10.0,5.0,6.0,0.0,0.0,0.0,0.0,0.0,0.0,3.0,11.0,0.0,71.0,2013,2,1
8601.0,1980.0,Graduation,Married,80011.0,0.0,1.0,2013-04-29,3.0,421.0,76.0,536.0,82.0,81.0,102.0,2.0,8.0,6.0,5.0,4.0,0.0,0.0,0.0,0.0,0.0,0.0,3.0,11.0,0.0,34.0,2013,4,29
503.0,1985.0,Master,Married,20559.0,1.0,0.0,2013-03-12,88.0,13.0,1.0,29.0,3.0,0.0,7.0,2.0,2.0,0.0,3.0,8.0,0.0,0.0,0.0,0.0,0.0,0.0,3.0,11.0,0.0,29.0,2013,3,12
8430.0,1957.0,Graduation,Married,21994.0,0.0,1.0,2012-12-24,4.0,9.0,0.0,6.0,3.0,1.0,3.0,1.0,0.0,0.0,3.0,5.0,0.0,0.0,0.0,0.0,0.0,0.0,3.0,11.0,0.0,57.0,2012,12,24
7281.0,1959.0,Phd,Single,51381.5,0.0,0.0,2013-11-05,80.0,81.0,11.0,50.0,3.0,2.0,39.0,1.0,1.0,3.0,4.0,2.0,0.0,0.0,0.0,0.0,0.0,0.0,3.0,11.0,0.0,55.0,2013,11,5
2139.0,1975.0,Master,Married,7500.0,1.0,0.0,2013-10-02,19.0,3.0,1.0,10.0,3.0,2.0,12.0,3.0,2.0,0.0,3.0,5.0,0.0,0.0,0.0,0.0,0.0,0.0,3.0,11.0,0.0,39.0,2013,10,2
1371.0,1976.0,Graduation,Single,79941.0,0.0,0.0,2014-06-28,72.0,123.0,81.0,266.0,120.5,30.0,126.5,1.0,2.0,4.0,9.0,1.0,0.0,0.0,0.0,0.0,0.0,0.0,3.0,11.0,0.0,38.0,2014,6,28
9909.0,1996.0,2N Cycle,Married,7500.0,0.0,0.0,2012-11-09,24.0,3.0,18.0,14.0,15.0,22.0,50.0,3.0,3.0,1.0,3.0,9.0,0.0,0.0,0.0,0.0,0.0,0.0,3.0,11.0,0.0,18.0,2012,11,9
7286.0,1968.0,Graduation,Married,41728.0,1.0,0.0,2013-05-24,92.0,13.0,6.0,15.0,3.0,5.0,13.0,1.0,2.0,0.0,2.0,10.0,0.0,0.0,0.0,0.0,0.0,0.0,3.0,11.0,0.0,46.0,2013,5,24
7244.0,1951.0,Graduation,Single,51381.5,2.0,1.0,2014-01-01,96.0,48.0,5.0,48.0,6.0,10.0,7.0,3.0,2.0,1.0,4.0,6.0,0.0,0.0,0.0,0.0,0.0,0.0,3.0,11.0,0.0,63.0,2014,1,1
6566.0,1954.0,Phd,Married,72550.0,1.0,1.0,2012-11-08,39.0,826.0,50.0,317.0,50.0,38.0,38.0,6.0,5.0,2.0,12.0,8.0,0.0,0.0,0.0,0.0,0.0,0.0,3.0,11.0,0.0,60.0,2012,11,8
8614.0,1957.0,Graduation,Widow,65486.0,0.0,1.0,2014-05-12,29.0,245.0,19.0,125.0,37.0,67.0,14.0,1.0,4.0,2.0,10.0,2.0,0.0,0.0,0.0,0.0,0.0,0.0,3.0,11.0,0.0,57.0,2014,5,12
4114.0,1964.0,Master,Married,79143.0,0.0,0.0,2012-08-11,2.0,650.0,37.0,556.0,27.0,81.0,32.0,1.0,6.0,9.0,13.0,3.0,0.0,0.0,0.0,0.0,0.0,0.0,3.0,11.0,0.0,50.0,2012,8,11
1331.0,1977.0,Graduation,Single,35790.0,1.0,0.0,2013-01-02,54.0,12.0,6.0,20.0,30.0,1.0,3.0,2.0,2.0,0.0,3.0,7.0,0.0,0.0,0.0,0.0,0.0,0.0,3.0,11.0,0.0,37.0,2013,1,2
2225.0,1977.0,Graduation,Divorced,82582.0,0.0,0.0,2014-06-07,54.0,510.0,81.0,550.0,120.5,40.0,126.5,1.0,4.0,9.0,7.0,1.0,0.0,0.0,0.0,0.0,0.0,0.0,3.0,11.0,0.0,37.0,2014,6,7
9381.0,1978.0,Graduation,Married,66373.0,1.0,1.0,2013-06-12,57.0,328.0,9.0,124.0,12.0,24.0,109.0,6.0,4.0,2.0,10.0,3.0,0.0,0.0,0.0,0.0,0.0,0.0,3.0,11.0,0.0,36.0,2013,6,12
6260.0,1955.0,Master,Married,82384.0,0.0,0.0,2012-11-19,55.0,984.0,51.0,432.0,120.5,81.0,126.5,1.0,3.0,10.0,13.0,1.0,0.0,0.0,0.0,0.0,0.0,0.0,3.0,11.0,0.0,59.0,2012,11,19
10383.0,1966.0,Graduation,Divorced,70287.0,0.0,0.0,2013-04-02,30.0,295.0,35.0,482.0,120.5,81.0,40.0,1.0,5.0,5.0,10.0,3.0,0.0,0.0,0.0,0.0,0.0,0.0,3.0,11.0,0.0,48.0,2013,4,2
7437.0,1988.0,Graduation,Single,27938.0,1.0,0.0,2014-04-28,31.0,13.0,0.0,8.0,2.0,1.0,5.0,1.0,1.0,0.0,4.0,3.0,0.0,0.0,0.0,0.0,0.0,0.0,3.0,11.0,0.0,26.0,2014,4,28
8557.0,1982.0,Graduation,Single,51381.5,1.0,0.0,2013-06-17,57.0,11.0,3.0,22.0,2.0,2.0,6.0,2.0,2.0,0.0,3.0,6.0,0.0,0.0,0.0,0.0,0.0,0.0,3.0,11.0,0.0,32.0,2013,6,17
8375.0,1968.0,Phd,Married,55954.0,0.0,1.0,2014-03-03,63.0,447.0,0.0,28.0,0.0,0.0,43.0,3.0,8.0,2.0,6.0,7.0,0.0,0.0,0.0,0.0,0.0,0.0,3.0,11.0,0.0,46.0,2014,3,3
6853.0,1982.0,Master,Single,75777.0,0.0,0.0,2013-07-04,12.0,712.0,26.0,538.0,69.0,13.0,80.0,1.0,3.0,6.0,11.0,1.0,0.0,0.0,0.0,0.0,0.0,0.0,3.0,11.0,0.0,32.0,2013,7,4
3076.0,1975.0,Graduation,Married,66653.0,1.0,1.0,2012-09-07,18.0,452.0,18.0,102.0,16.0,18.0,6.0,4.0,4.0,2.0,12.0,3.0,0.0,0.0,0.0,0.0,0.0,0.0,3.0,11.0,0.0,39.0,2012,9,7
1012.0,1952.0,Graduation,Single,61823.0,0.0,1.0,2013-02-18,26.0,523.0,7.0,134.0,37.0,14.0,126.5,4.0,8.0,2.0,10.0,7.0,0.0,0.0,0.0,0.0,0.0,0.0,3.0,11.0,0.0,62.0,2013,2,18
6518.0,1951.0,Phd,Widow,67680.0,0.0,1.0,2013-06-11,8.0,546.0,0.0,48.0,0.0,6.0,6.0,1.0,7.0,3.0,8.0,5.0,0.0,0.0,0.0,0.0,0.0,0.0,3.0,11.0,0.0,63.0,2013,6,11
4137.0,1948.0,Graduation,Married,70666.0,0.0,0.0,2013-12-06,29.0,398.0,40.0,367.0,119.0,81.0,30.0,1.0,7.0,4.0,4.0,4.0,0.0,0.0,0.0,0.0,0.0,0.0,3.0,11.0,0.0,66.0,2013,12,6
8082.0,1971.0,Graduation,Married,25721.0,1.0,0.0,2013-05-21,75.0,1.0,3.0,6.0,3.0,6.0,15.0,1.0,1.0,1.0,2.0,7.0,0.0,0.0,0.0,0.0,0.0,0.0,3.0,11.0,0.0,43.0,2013,5,21
1386.0,1967.0,Graduation,Married,32474.0,1.0,1.0,2014-05-11,0.0,10.0,0.0,1.0,0.0,0.0,0.0,1.0,1.0,0.0,2.0,7.0,0.0,0.0,0.0,0.0,0.0,0.0,3.0,11.0,0.0,47.0,2014,5,11
9369.0,1979.0,2N Cycle,Single,88194.0,0.0,1.0,2014-03-19,19.0,688.0,14.0,309.0,120.5,24.0,38.0,1.0,11.0,10.0,10.0,5.0,0.0,0.0,0.0,0.0,0.0,0.0,3.0,11.0,0.0,35.0,2014,3,19
4477.0,1958.0,Graduation,Married,69096.0,0.0,1.0,2013-09-27,4.0,247.0,49.0,159.0,7.0,81.0,109.0,1.0,5.0,2.0,10.0,4.0,0.0,0.0,0.0,0.0,0.0,0.0,3.0,11.0,0.0,56.0,2013,9,27
1357.0,1970.0,Graduation,Married,74854.0,1.0,2.0,2013-04-08,90.0,856.0,59.0,487.0,58.0,29.0,73.0,6.0,2.0,5.0,5.0,5.0,0.0,0.0,0.0,0.0,0.0,0.0,3.0,11.0,0.0,44.0,2013,4,8
1402.0,1954.0,Master,Married,66991.0,0.0,0.0,2012-09-11,1.0,496.0,36.0,460.0,120.5,60.0,12.0,3.0,4.0,8.0,6.0,3.0,0.0,0.0,0.0,0.0,0.0,0.0,3.0,11.0,0.0,60.0,2012,9,11
10629.0,1973.0,2N Cycle,Married,51381.5,1.0,0.0,2012-09-14,25.0,25.0,3.0,43.0,17.0,4.0,17.0,3.0,3.0,0.0,3.0,8.0,0.0,0.0,0.0,0.0,0.0,0.0,3.0,11.0,0.0,41.0,2012,9,14
6312.0,1959.0,Graduation,Married,65031.0,0.0,1.0,2013-03-17,29.0,258.0,81.0,291.0,84.0,37.0,86.0,4.0,10.0,3.0,13.0,7.0,0.0,0.0,0.0,0.0,0.0,0.0,3.0,11.0,0.0,55.0,2013,3,17
8132.0,1975.0,Phd,Married,60631.0,1.0,1.0,2013-04-05,88.0,565.0,6.0,65.0,0.0,6.0,19.0,5.0,9.0,2.0,8.0,7.0,0.0,0.0,0.0,0.0,0.0,0.0,3.0,11.0,0.0,39.0,2013,4,5
1050.0,1952.0,Graduation,Married,28332.0,0.0,0.0,2014-04-30,58.0,14.0,10.0,13.0,4.0,15.0,9.0,1.0,2.0,1.0,4.0,2.0,0.0,0.0,0.0,0.0,0.0,0.0,3.0,11.0,0.0,62.0,2014,4,30
5846.0,1977.0,Graduation,Divorced,40246.0,1.0,0.0,2012-12-19,68.0,2.0,1.0,6.0,2.0,1.0,1.0,1.0,1.0,0.0,2.0,6.0,0.0,0.0,0.0,0.0,0.0,0.0,3.0,11.0,0.0,37.0,2012,12,19
1859.0,1972.0,Master,Married,75251.0,0.0,0.0,2012-08-27,34.0,721.0,81.0,556.0,97.0,18.0,18.0,1.0,7.0,6.0,5.0,5.0,0.0,0.0,0.0,0.0,0.0,0.0,3.0,11.0,0.0,42.0,2012,8,27
7503.0,1976.0,Graduation,Single,75825.0,0.0,0.0,2012-10-12,40.0,1032.0,81.0,556.0,120.5,81.0,51.0,0.0,5.0,8.0,9.0,4.0,0.0,0.0,0.0,0.0,0.0,0.0,3.0,11.0,0.0,38.0,2012,10,12
10401.0,1976.0,2N Cycle,Married,26326.0,0.0,0.0,2013-09-04,12.0,1.0,0.0,5.0,0.0,3.0,9.0,1.0,0.0,0.0,3.0,3.0,0.0,0.0,0.0,0.0,0.0,0.0,3.0,11.0,0.0,38.0,2013,9,4
1618.0,1965.0,Graduation,Married,56046.0,0.0,0.0,2013-01-02,9.0,577.0,0.0,64.0,0.0,0.0,51.0,2.0,10.0,1.0,8.0,8.0,0.0,0.0,0.0,0.0,0.0,0.0,3.0,11.0,0.0,49.0,2013,1,2
3332.0,1985.0,Graduation,Single,29760.0,1.0,0.0,2012-08-29,87.0,64.0,4.0,68.0,7.0,5.0,17.0,4.0,3.0,1.0,4.0,8.0,0.0,0.0,0.0,0.0,0.0,0.0,3.0,11.0,0.0,29.0,2012,8,29
2261.0,1969.0,Graduation,Married,26304.0,1.0,0.0,2013-06-23,5.0,4.0,1.0,5.0,2.0,0.0,4.0,1.0,1.0,0.0,2.0,7.0,0.0,0.0,0.0,0.0,0.0,0.0,3.0,11.0,0.0,45.0,2013,6,23
5346.0,1973.0,2N Cycle,Married,23559.0,1.0,0.0,2013-07-03,87.0,25.0,5.0,19.0,7.0,0.0,23.0,3.0,3.0,0.0,3.0,7.0,0.0,0.0,0.0,0.0,0.0,0.0,3.0,11.0,0.0,41.0,2013,7,3
4119.0,1963.0,Master,Married,38620.0,0.0,0.0,2013-05-11,56.0,112.0,17.0,44.0,34.0,22.0,89.0,1.0,2.0,5.0,3.0,3.0,0.0,0.0,0.0,0.0,0.0,0.0,3.0,11.0,0.0,51.0,2013,5,11
535.0,1987.0,Graduation,Divorced,81361.0,0.0,0.0,2014-02-25,18.0,163.0,23.0,424.0,27.0,65.0,76.0,1.0,3.0,10.0,13.0,1.0,0.0,0.0,0.0,0.0,0.0,0.0,3.0,11.0,0.0,27.0,2014,2,25
5268.0,1960.0,Graduation,Married,29440.0,1.0,1.0,2013-08-11,95.0,17.0,8.0,14.0,10.0,4.0,3.0,2.0,1.0,0.0,4.0,7.0,0.0,0.0,0.0,0.0,0.0,0.0,3.0,11.0,0.0,54.0,2013,8,11
273.0,1970.0,Master,Married,36138.0,1.0,1.0,2013-07-16,48.0,130.0,0.0,16.0,0.0,0.0,5.0,5.0,3.0,1.0,4.0,7.0,0.0,0.0,0.0,0.0,0.0,0.0,3.0,11.0,0.0,44.0,2013,7,16
4452.0,1957.0,Graduation,Single,50388.0,0.0,1.0,2014-05-28,3.0,292.0,6.0,37.0,0.0,3.0,34.0,4.0,6.0,1.0,6.0,7.0,0.0,0.0,0.0,0.0,0.0,0.0,3.0,11.0,0.0,57.0,2014,5,28
8504.0,1973.0,Graduation,Married,79593.0,0.0,0.0,2014-05-12,70.0,350.0,60.0,556.0,110.0,81.0,126.5,1.0,5.0,6.0,7.0,2.0,0.0,0.0,0.0,0.0,0.0,0.0,3.0,11.0,0.0,41.0,2014,5,12
771.0,1967.0,Graduation,Married,54178.0,0.0,1.0,2014-01-21,79.0,135.0,9.0,39.0,4.0,0.0,7.0,1.0,2.0,2.0,5.0,2.0,0.0,0.0,0.0,0.0,0.0,0.0,3.0,11.0,0.0,47.0,2014,1,21
8996.0,1957.0,Phd,Married,51381.5,2.0,1.0,2012-11-19,4.0,230.0,42.0,192.0,49.0,37.0,53.0,6.0,7.0,2.0,8.0,9.0,0.0,0.0,0.0,0.0,0.0,0.0,3.0,11.0,0.0,57.0,2012,11,19
9235.0,1957.0,Graduation,Single,51381.5,1.0,1.0,2014-05-27,45.0,7.0,0.0,8.0,2.0,0.0,1.0,1.0,1.0,0.0,2.0,7.0,0.0,0.0,0.0,0.0,0.0,0.0,3.0,11.0,0.0,57.0,2014,5,27
5798.0,1973.0,Master,Married,51381.5,0.0,0.0,2013-11-23,87.0,445.0,37.0,359.0,98.0,28.0,18.0,1.0,2.0,4.0,8.0,1.0,0.0,0.0,0.0,0.0,0.0,0.0,3.0,11.0,0.0,41.0,2013,11,23
11178.0,1972.0,Master,Single,42394.0,1.0,0.0,2014-03-23,69.0,15.0,2.0,10.0,0.0,1.0,4.0,1.0,1.0,0.0,3.0,7.0,0.0,0.0,0.0,0.0,0.0,0.0,3.0,11.0,0.0,42.0,2014,3,23
2230.0,1970.0,Phd,Married,23626.0,1.0,0.0,2014-05-24,84.0,27.0,2.0,14.0,0.0,0.0,0.0,3.0,3.0,1.0,3.0,5.0,0.0,0.0,0.0,0.0,0.0,0.0,3.0,11.0,0.0,44.0,2014,5,24
7516.0,1983.0,Graduation,Married,30096.0,1.0,0.0,2014-05-22,30.0,5.0,3.0,11.0,12.0,5.0,9.0,1.0,2.0,0.0,3.0,6.0,0.0,0.0,0.0,0.0,0.0,0.0,3.0,11.0,0.0,31.0,2014,5,22
7247.0,1960.0,Graduation,Widow,47916.0,0.0,1.0,2012-11-22,72.0,505.0,0.0,26.0,0.0,0.0,75.0,5.0,7.0,4.0,6.0,6.0,0.0,0.0,0.0,0.0,0.0,0.0,3.0,11.0,0.0,54.0,2012,11,22
11100.0,1972.0,Graduation,Divorced,51813.0,1.0,1.0,2013-04-11,37.0,51.0,2.0,7.0,0.0,1.0,2.0,2.0,2.0,0.0,3.0,7.0,0.0,0.0,0.0,0.0,0.0,0.0,3.0,11.0,0.0,42.0,2013,4,11
4646.0,1951.0,2N Cycle,Married,78497.0,0.0,0.0,2013-12-01,44.0,207.0,26.0,447.0,75.0,0.0,126.5,1.0,5.0,7.0,12.0,2.0,0.0,0.0,0.0,0.0,0.0,0.0,3.0,11.0,0.0,63.0,2013,12,1
3037.0,1983.0,Phd,Married,50150.0,0.0,0.0,2013-06-20,32.0,135.0,46.0,92.0,65.0,61.0,11.0,2.0,5.0,2.0,7.0,5.0,0.0,0.0,0.0,0.0,0.0,0.0,3.0,11.0,0.0,31.0,2013,6,20
1473.0,1960.0,2N Cycle,Single,47823.0,0.0,1.0,2013-07-23,0.0,53.0,1.0,5.0,2.0,1.0,10.0,2.0,2.0,0.0,3.0,8.0,0.0,0.0,0.0,0.0,0.0,0.0,3.0,11.0,0.0,54.0,2013,7,23
1016.0,1959.0,Phd,Single,34554.0,0.0,1.0,2014-03-30,43.0,41.0,1.0,6.0,2.0,0.0,5.0,2.0,2.0,0.0,3.0,6.0,0.0,0.0,0.0,0.0,0.0,0.0,3.0,11.0,0.0,55.0,2014,3,30
4518.0,1979.0,Graduation,Married,85693.0,0.0,1.0,2013-04-20,59.0,386.0,81.0,183.0,120.5,81.0,111.0,2.0,9.0,5.0,11.0,5.0,0.0,0.0,0.0,0.0,0.0,0.0,3.0,11.0,0.0,35.0,2013,4,20
9370.0,1945.0,Phd,Married,65846.0,0.0,0.0,2013-05-17,68.0,562.0,81.0,276.0,80.0,40.0,81.0,1.0,6.0,3.0,6.0,4.0,0.0,0.0,0.0,0.0,0.0,0.0,3.0,11.0,0.0,69.0,2013,5,17
8908.0,1959.0,Graduation,Married,87195.0,0.0,0.0,2014-05-08,35.0,217.0,76.0,556.0,50.0,26.0,38.0,1.0,3.0,10.0,5.0,1.0,0.0,0.0,0.0,0.0,0.0,0.0,3.0,11.0,0.0,55.0,2014,5,8
8373.0,1979.0,Basic,Married,24594.0,1.0,0.0,2013-12-10,94.0,1.0,3.0,6.0,10.0,0.0,9.0,1.0,1.0,0.0,3.0,5.0,0.0,0.0,0.0,0.0,0.0,0.0,3.0,11.0,0.0,35.0,2013,12,10
7533.0,1964.0,Graduation,Married,49096.0,1.0,1.0,2013-09-24,15.0,144.0,1.0,32.0,2.0,1.0,7.0,4.0,4.0,1.0,4.0,7.0,0.0,0.0,0.0,0.0,0.0,0.0,3.0,11.0,0.0,50.0,2013,9,24
2683.0,1969.0,Graduation,Married,52413.0,0.0,2.0,2013-02-02,56.0,295.0,81.0,271.0,75.0,81.0,65.0,4.0,6.0,4.0,12.0,6.0,0.0,0.0,0.0,0.0,0.0,0.0,3.0,11.0,0.0,45.0,2013,2,2
3629.0,1978.0,Graduation,Single,38557.0,1.0,0.0,2012-12-19,17.0,76.0,3.0,31.0,4.0,4.0,27.0,2.0,3.0,1.0,3.0,7.0,0.0,0.0,0.0,0.0,0.0,0.0,3.0,11.0,0.0,36.0,2012,12,19
10991.0,1960.0,Master,Married,89058.0,0.0,0.0,2012-12-07,18.0,454.0,81.0,106.0,31.0,22.0,43.0,1.0,5.0,4.0,4.0,2.0,0.0,0.0,0.0,0.0,0.0,0.0,3.0,11.0,0.0,54.0,2012,12,7
5077.0,1979.0,Graduation,Married,77298.0,0.0,1.0,2013-11-02,46.0,425.0,81.0,292.0,23.0,35.0,79.0,1.0,6.0,6.0,11.0,3.0,0.0,0.0,0.0,0.0,0.0,0.0,3.0,11.0,0.0,35.0,2013,11,2
7431.0,1991.0,Phd,Single,68126.0,0.0,0.0,2012-11-10,40.0,1225.0,17.0,311.0,23.0,51.0,86.0,1.0,7.0,4.0,5.0,9.0,0.0,0.0,0.0,0.0,0.0,0.0,3.0,11.0,0.0,23.0,2012,11,10
3267.0,1963.0,Master,Married,57288.0,0.0,1.0,2014-06-25,27.0,527.0,0.0,21.0,0.0,0.0,60.0,3.0,8.0,1.0,8.0,6.0,0.0,0.0,0.0,0.0,0.0,0.0,3.0,11.0,0.0,51.0,2014,6,25
999.0,1991.0,Graduation,Single,86037.0,0.0,0.0,2013-01-02,95.0,490.0,44.0,125.0,29.0,20.0,22.0,1.0,6.0,7.0,11.0,3.0,0.0,0.0,0.0,0.0,0.0,0.0,3.0,11.0,0.0,23.0,2013,1,2
9215.0,1980.0,Phd,Married,43974.0,1.0,0.0,2012-12-12,19.0,378.0,0.0,101.0,0.0,0.0,72.0,5.0,6.0,4.0,6.0,7.0,0.0,0.0,0.0,0.0,0.0,0.0,3.0,11.0,0.0,34.0,2012,12,12
2286.0,1962.0,Graduation,Single,50785.0,1.0,1.0,2013-09-10,27.0,64.0,1.0,21.0,0.0,1.0,27.0,2.0,2.0,1.0,3.0,6.0,0.0,0.0,0.0,0.0,0.0,0.0,3.0,11.0,0.0,52.0,2013,9,10
1592.0,1970.0,Graduation,Married,90765.0,0.0,0.0,2014-01-24,25.0,547.0,81.0,556.0,120.5,81.0,33.0,0.0,4.0,6.0,5.0,1.0,0.0,0.0,0.0,0.0,0.0,0.0,3.0,11.0,0.0,44.0,2014,1,24
367.0,1978.0,2N Cycle,Married,36550.0,1.0,0.0,2013-02-19,74.0,47.0,81.0,94.0,120.5,81.0,120.0,5.0,9.0,1.0,5.0,9.0,0.0,0.0,0.0,0.0,0.0,0.0,3.0,11.0,0.0,36.0,2013,2,19
5234.0,1967.0,2N Cycle,Married,30753.0,1.0,1.0,2013-07-11,85.0,12.0,5.0,25.0,0.0,9.0,30.0,2.0,1.0,1.0,3.0,5.0,0.0,0.0,0.0,0.0,0.0,0.0,3.0,11.0,0.0,47.0,2013,7,11
9862.0,1969.0,Graduation,Married,21918.0,1.0,0.0,2013-11-14,37.0,1.0,6.0,7.0,11.0,5.0,3.0,2.0,2.0,0.0,3.0,6.0,0.0,0.0,0.0,0.0,0.0,0.0,3.0,11.0,0.0,45.0,2013,11,14
9805.0,1953.0,Master,Married,56129.0,0.0,1.0,2013-06-20,65.0,320.0,48.0,133.0,39.0,72.0,48.0,4.0,6.0,2.0,10.0,4.0,0.0,0.0,0.0,0.0,0.0,0.0,3.0,11.0,0.0,61.0,2013,6,20
6205.0,1967.0,Master,Single,32557.0,1.0,0.0,2014-02-24,13.0,34.0,3.0,29.0,0.0,4.0,10.0,3.0,2.0,1.0,3.0,5.0,0.0,0.0,0.0,0.0,0.0,0.0,3.0,11.0,0.0,47.0,2014,2,24
8442.0,1985.0,Master,Married,19510.0,2.0,0.0,2013-09-04,63.0,9.0,0.0,7.0,3.0,4.0,7.0,2.0,1.0,0.0,3.0,7.0,0.0,0.0,0.0,0.0,0.0,0.0,3.0,11.0,0.0,29.0,2013,9,4
7386.0,1976.0,Graduation,Divorced,30992.0,1.0,0.0,2013-04-22,83.0,17.0,0.0,14.0,7.0,3.0,2.0,1.0,1.0,0.0,3.0,7.0,0.0,0.0,0.0,0.0,0.0,0.0,3.0,11.0,0.0,38.0,2013,4,22
7215.0,1983.0,Graduation,Single,101970.0,0.0,0.0,2013-03-12,69.0,722.0,27.0,102.0,44.0,72.0,126.5,0.0,6.0,8.0,13.0,2.0,0.0,0.0,0.0,0.0,0.0,0.0,3.0,11.0,0.0,31.0,2013,3,12
1491.0,1965.0,2N Cycle,Married,71488.0,0.0,0.0,2013-02-18,87.0,162.0,33.0,124.0,40.0,28.0,126.5,2.0,3.0,4.0,7.0,1.0,0.0,0.0,0.0,0.0,0.0,0.0,3.0,11.0,0.0,49.0,2013,2,18
11071.0,1984.0,Graduation,Single,79607.0,0.0,0.0,2013-04-21,37.0,450.0,81.0,556.0,120.5,0.0,126.5,1.0,3.0,6.0,6.0,1.0,0.0,0.0,0.0,0.0,0.0,0.0,3.0,11.0,0.0,30.0,2013,4,21
3381.0,1953.0,Master,Married,54348.0,1.0,1.0,2014-06-08,51.0,70.0,0.0,16.0,0.0,0.0,4.0,2.0,2.0,0.0,4.0,6.0,0.0,0.0,0.0,0.0,0.0,0.0,3.0,11.0,0.0,61.0,2014,6,8
8268.0,1961.0,Phd,Married,51381.5,0.0,1.0,2013-07-11,23.0,352.0,0.0,27.0,10.0,0.0,15.0,3.0,6.0,1.0,7.0,6.0,0.0,0.0,0.0,0.0,0.0,0.0,3.0,11.0,0.0,53.0,2013,7,11
11051.0,1956.0,Phd,Married,77376.0,1.0,1.0,2014-05-10,72.0,492.0,19.0,110.0,16.0,12.0,12.0,4.0,6.0,3.0,10.0,4.0,0.0,0.0,0.0,0.0,0.0,0.0,3.0,11.0,0.0,58.0,2014,5,10
8026.0,1952.0,Graduation,Married,62998.0,0.0,1.0,2013-09-30,10.0,120.0,58.0,73.0,65.0,81.0,58.0,5.0,5.0,4.0,5.0,5.0,0.0,0.0,0.0,0.0,0.0,0.0,3.0,11.0,0.0,62.0,2013,9,30
433.0,1958.0,Master,Alone,61331.0,1.0,1.0,2013-03-10,42.0,534.0,5.0,47.0,0.0,5.0,41.0,5.0,11.0,1.0,6.0,8.0,0.0,0.0,0.0,0.0,0.0,0.0,3.0,11.0,0.0,56.0,2013,3,10
9597.0,1969.0,Graduation,Married,73448.0,0.0,0.0,2014-02-10,10.0,236.0,81.0,189.0,23.0,41.0,126.5,1.0,7.0,2.0,9.0,4.0,0.0,0.0,0.0,0.0,0.0,0.0,3.0,11.0,0.0,45.0,2014,2,10
1295.0,1963.0,Graduation,Married,51381.5,0.0,1.0,2013-08-11,96.0,231.0,65.0,196.0,38.0,71.0,124.0,1.0,6.0,5.0,7.0,4.0,0.0,0.0,0.0,0.0,0.0,0.0,3.0,11.0,0.0,51.0,2013,8,11
5290.0,1964.0,Phd,Married,41551.0,1.0,1.0,2013-08-14,51.0,220.0,0.0,33.0,3.0,0.0,23.0,5.0,5.0,1.0,5.0,8.0,0.0,0.0,0.0,0.0,0.0,0.0,3.0,11.0,0.0,50.0,2013,8,14
1685.0,1967.0,Phd,Married,62981.0,0.0,0.0,2013-03-17,21.0,796.0,14.0,556.0,38.0,44.0,0.0,1.0,4.0,5.0,13.0,3.0,0.0,0.0,0.0,0.0,0.0,0.0,3.0,11.0,0.0,47.0,2013,3,17
5342.0,1976.0,Basic,Divorced,9548.0,1.0,0.0,2012-08-08,31.0,0.0,1.0,3.0,10.0,6.0,9.0,2.0,1.0,0.0,3.0,8.0,0.0,0.0,0.0,0.0,0.0,0.0,3.0,11.0,0.0,38.0,2012,8,8
9579.0,1959.0,Phd,Married,33762.0,2.0,1.0,2013-07-07,61.0,53.0,1.0,34.0,2.0,0.0,16.0,3.0,2.0,2.0,2.0,8.0,0.0,0.0,0.0,0.0,0.0,0.0,3.0,11.0,0.0,55.0,2013,7,7
7660.0,1973.0,Phd,Alone,35860.0,1.0,1.0,2014-05-19,37.0,15.0,0.0,8.0,4.0,2.0,20.0,2.0,1.0,1.0,2.0,5.0,0.0,0.0,0.0,0.0,0.0,0.0,3.0,11.0,0.0,41.0,2014,5,19
1461.0,1965.0,Phd,Divorced,36921.0,1.0,1.0,2013-07-28,74.0,17.0,1.0,12.0,3.0,1.0,4.0,2.0,2.0,0.0,3.0,7.0,0.0,0.0,0.0,0.0,0.0,0.0,3.0,11.0,0.0,49.0,2013,7,28
821.0,1992.0,Master,Single,92859.0,0.0,0.0,2012-10-19,46.0,962.0,61.0,556.0,52.0,61.0,20.0,1.0,5.0,4.0,12.0,2.0,0.0,0.0,0.0,0.0,0.0,0.0,3.0,11.0,0.0,22.0,2012,10,19
11084.0,1976.0,Master,Married,65104.0,0.0,1.0,2013-11-14,4.0,738.0,0.0,232.0,13.0,20.0,50.0,2.0,3.0,5.0,7.0,7.0,0.0,0.0,0.0,0.0,0.0,0.0,3.0,11.0,0.0,38.0,2013,11,14
8690.0,1962.0,Graduation,Married,86111.0,0.0,0.0,2013-04-19,73.0,399.0,28.0,556.0,36.0,40.0,126.0,1.0,5.0,7.0,10.0,2.0,0.0,0.0,0.0,0.0,0.0,0.0,3.0,11.0,0.0,52.0,2013,4,19
2937.0,1974.0,Phd,Single,68352.0,0.0,1.0,2013-08-28,47.0,614.0,16.0,132.0,43.0,33.0,33.0,3.0,8.0,5.0,9.0,6.0,0.0,0.0,0.0,0.0,0.0,0.0,3.0,11.0,0.0,40.0,2013,8,28
9701.0,1988.0,Graduation,Married,41883.0,1.0,0.0,2013-03-19,13.0,32.0,34.0,41.0,73.0,16.0,116.0,3.0,4.0,2.0,3.0,7.0,0.0,0.0,0.0,0.0,0.0,0.0,3.0,11.0,0.0,26.0,2013,3,19
9949.0,1976.0,Graduation,Married,59809.0,0.0,2.0,2012-10-18,36.0,598.0,16.0,141.0,32.0,41.0,49.0,3.0,3.0,3.0,6.0,8.0,0.0,0.0,0.0,0.0,0.0,0.0,3.0,11.0,0.0,38.0,2012,10,18
10837.0,1975.0,Graduation,Married,23957.0,1.0,0.0,2012-10-28,47.0,2.0,1.0,18.0,20.0,11.0,16.0,1.0,2.0,0.0,3.0,6.0,0.0,0.0,0.0,0.0,0.0,0.0,3.0,11.0,0.0,39.0,2012,10,28
3120.0,1981.0,Graduation,Married,38547.0,1.0,0.0,2013-08-28,49.0,6.0,1.0,10.0,0.0,1.0,4.0,1.0,1.0,0.0,2.0,8.0,0.0,0.0,0.0,0.0,0.0,0.0,3.0,11.0,0.0,33.0,2013,8,28
5885.0,1973.0,2N Cycle,Married,35688.0,2.0,1.0,2012-08-22,94.0,73.0,3.0,90.0,12.0,1.0,32.0,6.0,4.0,1.0,4.0,8.0,0.0,0.0,0.0,0.0,0.0,0.0,3.0,11.0,0.0,41.0,2012,8,22
4050.0,1966.0,Master,Married,49605.0,0.0,0.0,2014-06-21,65.0,42.0,16.0,29.0,12.0,20.0,8.0,1.0,2.0,1.0,4.0,3.0,0.0,0.0,0.0,0.0,0.0,0.0,3.0,11.0,0.0,48.0,2014,6,21
3830.0,1953.0,Master,Married,59354.0,0.0,2.0,2014-04-24,59.0,295.0,21.0,78.0,39.0,13.0,13.0,1.0,4.0,4.0,7.0,3.0,0.0,0.0,0.0,0.0,0.0,0.0,3.0,11.0,0.0,61.0,2014,4,24
7987.0,1969.0,Graduation,Married,65747.0,0.0,1.0,2014-03-07,96.0,346.0,17.0,48.0,23.0,13.0,13.0,4.0,8.0,1.0,6.0,6.0,0.0,0.0,0.0,0.0,0.0,0.0,3.0,11.0,0.0,45.0,2014,3,7
7798.0,1972.0,2N Cycle,Married,46344.0,0.0,1.0,2012-12-14,28.0,233.0,20.0,57.0,8.0,20.0,91.0,4.0,7.0,1.0,5.0,7.0,0.0,0.0,0.0,0.0,0.0,0.0,3.0,11.0,0.0,42.0,2012,12,14
92.0,1988.0,Graduation,Alone,34176.0,1.0,0.0,2014-05-12,12.0,5.0,7.0,24.0,19.0,14.0,20.0,4.0,3.0,0.0,4.0,6.0,0.0,0.0,0.0,0.0,0.0,0.0,3.0,11.0,0.0,26.0,2014,5,12
7055.0,1952.0,Phd,Married,61010.0,0.0,1.0,2012-10-09,57.0,888.0,0.0,57.0,0.0,0.0,76.0,2.0,8.0,5.0,11.0,5.0,0.0,0.0,0.0,0.0,0.0,0.0,3.0,11.0,0.0,62.0,2012,10,9
10240.0,1949.0,Graduation,Married,69372.0,0.0,0.0,2013-02-19,10.0,997.0,26.0,269.0,34.0,13.0,42.0,1.0,10.0,4.0,6.0,4.0,0.0,0.0,0.0,0.0,0.0,0.0,3.0,11.0,0.0,65.0,2013,2,19
3025.0,1958.0,Graduation,Single,49967.0,0.0,1.0,2013-07-08,4.0,212.0,6.0,69.0,4.0,12.0,3.0,3.0,6.0,1.0,5.0,7.0,0.0,0.0,0.0,0.0,0.0,0.0,3.0,11.0,0.0,56.0,2013,7,8
9283.0,1978.0,Graduation,Single,60199.0,1.0,2.0,2013-09-12,49.0,8.0,1.0,7.0,2.0,0.0,0.0,1.0,0.0,0.0,3.0,4.0,0.0,0.0,0.0,0.0,0.0,0.0,3.0,11.0,0.0,36.0,2013,9,12
9970.0,1977.0,Graduation,Married,55375.0,0.0,1.0,2013-10-17,3.0,42.0,11.0,57.0,10.0,28.0,14.0,1.0,1.0,1.0,6.0,2.0,0.0,0.0,0.0,0.0,0.0,0.0,3.0,11.0,0.0,37.0,2013,10,17
2730.0,1955.0,Graduation,Single,80317.0,0.0,0.0,2013-08-20,64.0,536.0,11.0,387.0,120.5,81.0,57.0,1.0,3.0,4.0,10.0,1.0,0.0,0.0,0.0,0.0,0.0,0.0,3.0,11.0,0.0,59.0,2013,8,20
2795.0,1958.0,Master,Single,30523.0,2.0,1.0,2013-07-01,0.0,5.0,0.0,3.0,0.0,0.0,5.0,1.0,1.0,0.0,2.0,7.0,0.0,0.0,0.0,0.0,0.0,0.0,3.0,11.0,0.0,56.0,2013,7,1
9260.0,1945.0,Phd,Married,70356.0,0.0,0.0,2012-11-05,20.0,1225.0,16.0,249.0,43.0,16.0,33.0,2.0,10.0,6.0,9.0,6.0,0.0,0.0,0.0,0.0,0.0,0.0,3.0,11.0,0.0,69.0,2012,11,5
8182.0,1984.0,Graduation,Married,23228.0,1.0,0.0,2014-01-05,91.0,53.0,3.0,49.0,7.0,4.0,5.0,4.0,3.0,0.0,4.0,8.0,0.0,0.0,0.0,0.0,0.0,0.0,3.0,11.0,0.0,30.0,2014,1,5
10095.0,1975.0,Phd,Divorced,74165.0,0.0,0.0,2013-05-01,9.0,1001.0,12.0,240.0,16.0,12.0,12.0,1.0,5.0,4.0,10.0,2.0,0.0,0.0,0.0,0.0,0.0,0.0,3.0,11.0,0.0,39.0,2013,5,1
8475.0,1973.0,Phd,Married,117416.25,0.0,1.0,2014-03-01,98.0,20.0,2.0,556.0,1.0,2.0,1.0,6.0,0.0,10.0,0.0,0.0,0.0,0.0,0.0,0.0,0.0,0.0,3.0,11.0,0.0,41.0,2014,3,1
4370.0,1966.0,Graduation,Married,43482.0,2.0,1.0,2013-11-13,83.0,18.0,1.0,32.0,6.0,3.0,28.0,3.0,2.0,0.0,4.0,6.0,0.0,0.0,0.0,0.0,0.0,0.0,3.0,11.0,0.0,48.0,2013,11,13
10573.0,1953.0,Graduation,Divorced,62551.0,0.0,0.0,2013-11-18,27.0,125.0,16.0,98.0,120.5,21.0,27.0,1.0,6.0,7.0,4.0,3.0,0.0,0.0,0.0,0.0,0.0,0.0,3.0,11.0,0.0,61.0,2013,11,18
3712.0,1959.0,Graduation,Divorced,52332.0,0.0,0.0,2013-08-28,63.0,212.0,5.0,33.0,7.0,0.0,2.0,1.0,3.0,2.0,6.0,4.0,0.0,0.0,0.0,0.0,0.0,0.0,3.0,11.0,0.0,55.0,2013,8,28
6637.0,1988.0,Graduation,Single,66951.0,0.0,0.0,2013-11-02,46.0,277.0,81.0,305.0,120.5,76.0,124.0,1.0,3.0,4.0,7.0,1.0,0.0,0.0,0.0,0.0,0.0,0.0,3.0,11.0,0.0,26.0,2013,11,2
3152.0,1957.0,Graduation,Married,26091.0,1.0,1.0,2014-02-25,84.0,15.0,10.0,19.0,8.0,17.0,20.0,3.0,2.0,1.0,3.0,5.0,0.0,0.0,0.0,0.0,0.0,0.0,3.0,11.0,0.0,57.0,2014,2,25
5610.0,1965.0,Graduation,Married,33456.0,1.0,1.0,2014-04-21,58.0,7.0,3.0,10.0,8.0,1.0,7.0,2.0,1.0,0.0,3.0,7.0,0.0,0.0,0.0,0.0,0.0,0.0,3.0,11.0,0.0,49.0,2014,4,21
6460.0,1982.0,Graduation,Married,28718.0,1.0,0.0,2013-07-13,78.0,12.0,4.0,6.0,11.0,8.0,16.0,2.0,2.0,0.0,3.0,8.0,0.0,0.0,0.0,0.0,0.0,0.0,3.0,11.0,0.0,32.0,2013,7,13
1349.0,1970.0,Graduation,Married,50447.0,2.0,0.0,2014-04-21,4.0,85.0,7.0,24.0,2.0,3.0,27.0,1.0,3.0,1.0,3.0,6.0,0.0,0.0,0.0,0.0,0.0,0.0,3.0,11.0,0.0,44.0,2014,4,21
1880.0,1959.0,Phd,Married,53537.0,1.0,1.0,2014-01-30,17.0,81.0,0.0,6.0,0.0,0.0,6.0,2.0,2.0,1.0,3.0,5.0,0.0,0.0,0.0,0.0,0.0,0.0,3.0,11.0,0.0,55.0,2014,1,30
641.0,1967.0,Graduation,Single,52074.0,0.0,1.0,2014-04-04,77.0,59.0,0.0,12.0,0.0,0.0,48.0,1.0,2.0,2.0,2.0,4.0,0.0,0.0,0.0,0.0,0.0,0.0,3.0,11.0,0.0,47.0,2014,4,4
8717.0,1975.0,Phd,Married,80427.0,0.0,1.0,2012-09-12,56.0,1149.0,71.0,449.0,69.0,71.0,26.0,1.0,11.0,8.0,8.0,5.0,0.0,0.0,0.0,0.0,0.0,0.0,3.0,11.0,0.0,39.0,2012,9,12
10314.0,1948.0,Phd,Married,83837.0,0.0,0.0,2012-12-16,79.0,847.0,66.0,119.0,86.0,81.0,111.0,1.0,9.0,10.0,5.0,4.0,0.0,0.0,0.0,0.0,0.0,0.0,3.0,11.0,0.0,66.0,2012,12,16
10854.0,1970.0,Phd,Married,38853.0,1.0,1.0,2014-05-23,90.0,29.0,0.0,14.0,0.0,0.0,2.0,2.0,2.0,0.0,3.0,7.0,0.0,0.0,0.0,0.0,0.0,0.0,3.0,11.0,0.0,44.0,2014,5,23
10492.0,1959.0,Graduation,Married,38285.0,2.0,1.0,2014-06-24,96.0,2.0,0.0,5.0,2.0,0.0,1.0,1.0,0.0,0.0,3.0,2.0,0.0,0.0,0.0,0.0,0.0,0.0,3.0,11.0,0.0,55.0,2014,6,24
6935.0,1951.0,2N Cycle,Married,78497.0,0.0,0.0,2013-12-01,44.0,207.0,26.0,447.0,75.0,0.0,126.5,1.0,5.0,7.0,12.0,2.0,0.0,0.0,0.0,0.0,0.0,0.0,3.0,11.0,0.0,63.0,2013,12,1
7698.0,1976.0,Phd,Married,51650.0,0.0,1.0,2014-05-11,81.0,152.0,3.0,22.0,2.0,5.0,7.0,1.0,4.0,1.0,4.0,5.0,0.0,0.0,0.0,0.0,0.0,0.0,3.0,11.0,0.0,38.0,2014,5,11
3559.0,1988.0,2N Cycle,Married,16248.0,1.0,0.0,2014-05-10,77.0,12.0,11.0,10.0,3.0,12.0,9.0,3.0,2.0,1.0,3.0,6.0,0.0,0.0,0.0,0.0,0.0,0.0,3.0,11.0,0.0,26.0,2014,5,10
10562.0,1946.0,Master,Married,66835.0,0.0,0.0,2013-09-28,21.0,620.0,26.0,195.0,34.0,17.0,126.5,1.0,6.0,4.0,13.0,2.0,0.0,0.0,0.0,0.0,0.0,0.0,3.0,11.0,0.0,68.0,2013,9,28
10796.0,1984.0,Master,Married,30477.0,1.0,0.0,2014-01-22,16.0,47.0,1.0,6.0,0.0,0.0,12.0,1.0,1.0,1.0,3.0,6.0,0.0,0.0,0.0,0.0,0.0,0.0,3.0,11.0,0.0,30.0,2014,1,22
2563.0,1961.0,Basic,Married,28249.0,0.0,0.0,2014-06-15,80.0,1.0,9.0,7.0,2.0,14.0,10.0,1.0,2.0,0.0,3.0,6.0,0.0,0.0,0.0,0.0,0.0,0.0,3.0,11.0,0.0,53.0,2014,6,15
3518.0,1983.0,Graduation,Married,25271.0,1.0,0.0,2012-12-05,45.0,10.0,1.0,18.0,10.0,4.0,7.0,1.0,1.0,1.0,2.0,9.0,0.0,0.0,0.0,0.0,0.0,0.0,3.0,11.0,0.0,31.0,2012,12,5
5823.0,1970.0,Phd,Single,32303.0,0.0,1.0,2014-03-08,63.0,35.0,0.0,2.0,0.0,0.0,2.0,2.0,1.0,0.0,4.0,5.0,0.0,0.0,0.0,0.0,0.0,0.0,3.0,11.0,0.0,44.0,2014,3,8
3934.0,1966.0,Graduation,Married,61286.0,0.0,1.0,2013-08-02,34.0,356.0,0.0,107.0,19.0,9.0,117.0,2.0,7.0,1.0,8.0,5.0,0.0,0.0,0.0,0.0,0.0,0.0,3.0,11.0,0.0,48.0,2013,8,2
6982.0,1976.0,Graduation,Married,74068.0,0.0,0.0,2013-03-19,14.0,783.0,30.0,537.0,120.5,76.0,15.0,1.0,4.0,10.0,9.0,2.0,0.0,0.0,0.0,0.0,0.0,0.0,3.0,11.0,0.0,38.0,2013,3,19
6431.0,1964.0,Phd,Married,45759.0,1.0,1.0,2013-02-23,13.0,42.0,1.0,18.0,3.0,0.0,4.0,2.0,2.0,0.0,3.0,7.0,0.0,0.0,0.0,0.0,0.0,0.0,3.0,11.0,0.0,50.0,2013,2,23
9733.0,1978.0,Basic,Married,24882.0,1.0,0.0,2012-09-09,52.0,1.0,4.0,10.0,29.0,0.0,36.0,1.0,1.0,1.0,2.0,6.0,0.0,0.0,0.0,0.0,0.0,0.0,3.0,11.0,0.0,36.0,2012,9,9
5602.0,1989.0,Phd,Married,66973.0,0.0,0.0,2013-05-17,98.0,466.0,22.0,432.0,120.5,81.0,102.0,1.0,8.0,7.0,12.0,3.0,0.0,0.0,0.0,0.0,0.0,0.0,3.0,11.0,0.0,25.0,2013,5,17
7829.0,1932.0,2N Cycle,Divorced,36640.0,1.0,0.0,2013-09-26,99.0,15.0,6.0,8.0,7.0,4.0,25.0,1.0,2.0,1.0,2.0,5.0,0.0,0.0,0.0,0.0,0.0,0.0,3.0,11.0,0.0,82.0,2013,9,26
1324.0,1988.0,Graduation,Married,38872.0,1.0,0.0,2013-05-30,93.0,23.0,3.0,21.0,3.0,19.0,22.0,2.0,3.0,0.0,3.0,8.0,0.0,0.0,0.0,0.0,0.0,0.0,3.0,11.0,0.0,26.0,2013,5,30
326.0,1973.0,Graduation,Married,51148.0,1.0,1.0,2013-02-18,38.0,235.0,6.0,45.0,8.0,9.0,12.0,4.0,5.0,1.0,6.0,6.0,0.0,0.0,0.0,0.0,0.0,0.0,3.0,11.0,0.0,41.0,2013,2,18
7224.0,1977.0,Graduation,Married,31353.0,1.0,1.0,2013-12-29,24.0,10.0,0.0,10.0,3.0,1.0,7.0,2.0,1.0,1.0,2.0,8.0,0.0,0.0,0.0,0.0,0.0,0.0,3.0,11.0,0.0,37.0,2013,12,29
6999.0,1980.0,Master,Married,69661.0,0.0,0.0,2014-05-13,80.0,656.0,16.0,106.0,32.0,16.0,8.0,1.0,7.0,3.0,12.0,3.0,0.0,0.0,0.0,0.0,0.0,0.0,3.0,11.0,0.0,34.0,2014,5,13
9938.0,1954.0,Graduation,Married,80067.0,0.0,0.0,2013-09-19,82.0,519.0,17.0,556.0,27.0,81.0,51.0,1.0,4.0,6.0,6.0,2.0,0.0,0.0,0.0,0.0,0.0,0.0,3.0,11.0,0.0,60.0,2013,9,19
6422.0,1954.0,Graduation,Married,86718.0,0.0,0.0,2013-01-17,20.0,344.0,81.0,482.0,50.0,33.0,126.5,1.0,5.0,6.0,5.0,2.0,0.0,0.0,0.0,0.0,0.0,0.0,3.0,11.0,0.0,60.0,2013,1,17
3182.0,1973.0,Phd,Single,46854.0,1.0,1.0,2014-03-31,81.0,96.0,1.0,79.0,7.0,1.0,79.0,6.0,5.0,1.0,3.0,8.0,0.0,0.0,0.0,0.0,0.0,0.0,3.0,11.0,0.0,41.0,2014,3,31
7300.0,1952.0,Graduation,Divorced,69142.0,0.0,1.0,2014-06-29,50.0,448.0,4.0,34.0,6.0,4.0,39.0,3.0,8.0,1.0,7.0,5.0,0.0,0.0,0.0,0.0,0.0,0.0,3.0,11.0,0.0,62.0,2014,6,29
10424.0,1968.0,Graduation,Single,75922.0,0.0,0.0,2013-12-09,60.0,265.0,81.0,553.0,120.5,23.0,92.0,1.0,4.0,4.0,9.0,1.0,0.0,0.0,0.0,0.0,0.0,0.0,3.0,11.0,0.0,46.0,2013,12,9
8727.0,1978.0,Graduation,Divorced,63693.0,0.0,1.0,2013-10-14,63.0,587.0,43.0,337.0,42.0,81.0,54.0,3.0,11.0,6.0,9.0,6.0,0.0,0.0,0.0,0.0,0.0,0.0,3.0,11.0,0.0,36.0,2013,10,14
2798.0,1977.0,Phd,Married,102160.0,0.0,0.0,2012-11-02,54.0,763.0,29.0,138.0,76.0,81.0,58.0,0.0,7.0,9.0,10.0,4.0,0.0,0.0,0.0,0.0,0.0,0.0,3.0,11.0,0.0,37.0,2012,11,2
1030.0,1965.0,Phd,Single,40637.0,1.0,1.0,2013-07-17,72.0,22.0,0.0,13.0,0.0,0.0,3.0,2.0,1.0,0.0,3.0,7.0,0.0,0.0,0.0,0.0,0.0,0.0,3.0,11.0,0.0,49.0,2013,7,17
624.0,1984.0,Master,Single,18890.0,0.0,0.0,2012-11-10,5.0,6.0,4.0,1.0,7.0,2.0,15.0,1.0,0.0,1.0,2.0,6.0,0.0,0.0,0.0,0.0,0.0,0.0,3.0,11.0,0.0,30.0,2012,11,10
5176.0,1988.0,Graduation,Married,29604.0,1.0,0.0,2013-12-08,88.0,7.0,6.0,13.0,7.0,6.0,14.0,1.0,1.0,0.0,3.0,9.0,0.0,0.0,0.0,0.0,0.0,0.0,3.0,11.0,0.0,26.0,2013,12,8
5552.0,1963.0,Master,Divorced,48721.0,1.0,1.0,2013-05-13,50.0,81.0,18.0,113.0,47.0,13.0,21.0,6.0,4.0,2.0,5.0,6.0,0.0,0.0,0.0,0.0,0.0,0.0,3.0,11.0,0.0,51.0,2013,5,13
868.0,1966.0,Graduation,Married,44794.0,0.0,1.0,2014-06-08,99.0,54.0,0.0,7.0,0.0,0.0,4.0,1.0,2.0,0.0,3.0,6.0,0.0,0.0,0.0,0.0,0.0,0.0,3.0,11.0,0.0,48.0,2014,6,8
380.0,1954.0,Graduation,Divorced,64497.0,0.0,1.0,2012-09-10,17.0,1170.0,48.0,320.0,42.0,32.0,126.5,5.0,11.0,4.0,9.0,8.0,0.0,0.0,0.0,0.0,0.0,0.0,3.0,11.0,0.0,60.0,2012,9,10
2677.0,1956.0,Graduation,Married,46097.0,0.0,1.0,2013-03-31,11.0,72.0,24.0,68.0,65.0,4.0,8.0,5.0,3.0,1.0,6.0,4.0,0.0,0.0,0.0,0.0,0.0,0.0,3.0,11.0,0.0,58.0,2013,3,31
6521.0,1954.0,Graduation,Married,77972.0,0.0,0.0,2014-03-18,18.0,613.0,22.0,319.0,33.0,81.0,12.0,1.0,4.0,6.0,9.0,1.0,0.0,0.0,0.0,0.0,0.0,0.0,3.0,11.0,0.0,60.0,2014,3,18
6927.0,1968.0,Phd,Married,44377.0,1.0,1.0,2012-10-05,70.0,224.0,0.0,30.0,0.0,0.0,10.0,6.0,5.0,1.0,5.0,8.0,0.0,0.0,0.0,0.0,0.0,0.0,3.0,11.0,0.0,46.0,2012,10,5
2877.0,1974.0,Master,Married,46014.0,1.0,1.0,2013-01-21,21.0,410.0,0.0,59.0,19.0,9.0,44.0,6.0,7.0,1.0,8.0,7.0,0.0,0.0,0.0,0.0,0.0,0.0,3.0,11.0,0.0,40.0,2013,1,21
0.0,1985.0,Graduation,Married,70951.0,0.0,0.0,2013-05-04,66.0,239.0,10.0,554.0,120.5,81.0,54.0,1.0,3.0,4.0,9.0,1.0,0.0,0.0,0.0,0.0,0.0,0.0,3.0,11.0,0.0,29.0,2013,5,4
1584.0,1977.0,Graduation,Married,41443.0,1.0,0.0,2014-04-01,79.0,171.0,7.0,171.0,25.0,19.0,89.0,6.0,8.0,1.0,5.0,8.0,0.0,0.0,0.0,0.0,0.0,0.0,3.0,11.0,0.0,37.0,2014,4,1
7264.0,1978.0,2N Cycle,Single,52195.0,2.0,1.0,2014-05-12,2.0,12.0,0.0,4.0,0.0,0.0,1.0,1.0,1.0,0.0,2.0,8.0,0.0,0.0,0.0,0.0,0.0,0.0,3.0,11.0,0.0,36.0,2014,5,12
6274.0,1948.0,Master,Married,83790.0,0.0,0.0,2013-11-15,81.0,1076.0,16.0,417.0,42.0,48.0,16.0,1.0,8.0,10.0,6.0,3.0,0.0,0.0,0.0,0.0,0.0,0.0,3.0,11.0,0.0,66.0,2013,11,15
1377.0,1954.0,Master,Widow,44551.0,0.0,1.0,2013-08-31,24.0,182.0,4.0,33.0,0.0,0.0,66.0,2.0,4.0,1.0,5.0,7.0,0.0,0.0,0.0,0.0,0.0,0.0,3.0,11.0,0.0,60.0,2013,8,31
454.0,1980.0,Graduation,Married,69508.0,1.0,0.0,2012-11-14,48.0,824.0,32.0,162.0,42.0,32.0,43.0,2.0,11.0,4.0,11.0,6.0,0.0,0.0,0.0,0.0,0.0,0.0,3.0,11.0,0.0,34.0,2012,11,14
1755.0,1988.0,2N Cycle,Married,45204.0,1.0,0.0,2014-04-11,93.0,30.0,11.0,25.0,29.0,1.0,18.0,1.0,1.0,1.0,4.0,3.0,0.0,0.0,0.0,0.0,0.0,0.0,3.0,11.0,0.0,26.0,2014,4,11
2075.0,1969.0,Graduation,Married,72460.0,0.0,0.0,2013-11-14,56.0,377.0,10.0,540.0,80.0,30.0,10.0,1.0,3.0,5.0,7.0,1.0,0.0,0.0,0.0,0.0,0.0,0.0,3.0,11.0,0.0,45.0,2013,11,14
4785.0,1970.0,Phd,Married,77622.0,0.0,2.0,2014-04-14,3.0,520.0,7.0,154.0,19.0,0.0,14.0,2.0,6.0,3.0,11.0,3.0,0.0,0.0,0.0,0.0,0.0,0.0,3.0,11.0,0.0,44.0,2014,4,14
9076.0,1980.0,Phd,Married,30732.0,1.0,0.0,2013-01-05,44.0,155.0,1.0,25.0,0.0,1.0,3.0,4.0,4.0,1.0,4.0,8.0,0.0,0.0,0.0,0.0,0.0,0.0,3.0,11.0,0.0,34.0,2013,1,5
7079.0,1962.0,Graduation,Divorced,63887.0,0.0,1.0,2012-09-08,38.0,897.0,23.0,207.0,15.0,11.0,92.0,5.0,9.0,6.0,12.0,6.0,0.0,0.0,0.0,0.0,0.0,0.0,3.0,11.0,0.0,52.0,2012,9,8
4653.0,1978.0,Graduation,Married,42011.0,1.0,0.0,2013-03-26,46.0,131.0,0.0,16.0,2.0,1.0,39.0,4.0,3.0,1.0,4.0,8.0,0.0,0.0,0.0,0.0,0.0,0.0,3.0,11.0,0.0,36.0,2013,3,26
7375.0,1976.0,Graduation,Married,51369.0,0.0,1.0,2012-10-25,84.0,297.0,7.0,79.0,0.0,11.0,126.5,2.0,8.0,2.0,4.0,8.0,0.0,0.0,0.0,0.0,0.0,0.0,3.0,11.0,0.0,38.0,2012,10,25
709.0,1952.0,Graduation,Divorced,51537.0,0.0,1.0,2012-12-09,27.0,787.0,20.0,204.0,0.0,0.0,92.0,3.0,2.0,2.0,11.0,8.0,0.0,0.0,0.0,0.0,0.0,0.0,3.0,11.0,0.0,62.0,2012,12,9
460.0,1972.0,Phd,Married,79930.0,0.0,0.0,2012-08-08,72.0,792.0,81.0,556.0,67.0,51.0,17.0,1.0,3.0,5.0,8.0,2.0,0.0,0.0,0.0,0.0,0.0,0.0,3.0,11.0,0.0,42.0,2012,8,8
3726.0,1986.0,Phd,Married,34320.0,1.0,0.0,2014-02-16,66.0,4.0,1.0,9.0,3.0,0.0,0.0,1.0,1.0,0.0,2.0,8.0,0.0,0.0,0.0,0.0,0.0,0.0,3.0,11.0,0.0,28.0,2014,2,16
6798.0,1966.0,Graduation,Single,37070.0,1.0,1.0,2013-03-20,30.0,231.0,7.0,137.0,4.0,15.0,39.0,6.0,5.0,1.0,8.0,7.0,0.0,0.0,0.0,0.0,0.0,0.0,3.0,11.0,0.0,48.0,2013,3,20
5341.0,1962.0,2N Cycle,Divorced,81975.0,0.0,1.0,2013-01-05,2.0,983.0,76.0,184.0,120.5,81.0,27.0,1.0,6.0,3.0,4.0,7.0,0.0,0.0,0.0,0.0,0.0,0.0,3.0,11.0,0.0,52.0,2013,1,5
1606.0,1971.0,Graduation,Married,38590.0,1.0,0.0,2013-05-15,65.0,3.0,1.0,8.0,4.0,3.0,3.0,1.0,1.0,0.0,2.0,8.0,0.0,0.0,0.0,0.0,0.0,0.0,3.0,11.0,0.0,43.0,2013,5,15
9617.0,1951.0,Graduation,Single,15033.0,0.0,0.0,2014-04-16,37.0,0.0,4.0,5.0,6.0,0.0,4.0,1.0,1.0,0.0,3.0,3.0,0.0,0.0,0.0,0.0,0.0,0.0,3.0,11.0,0.0,63.0,2014,4,16
3233.0,1965.0,Phd,Married,62745.0,0.0,1.0,2013-03-23,89.0,562.0,21.0,464.0,28.0,10.0,32.0,3.0,7.0,8.0,11.0,5.0,0.0,0.0,0.0,0.0,0.0,0.0,3.0,11.0,0.0,49.0,2013,3,23
89.0,1975.0,2N Cycle,Married,22212.0,1.0,0.0,2013-12-09,49.0,5.0,9.0,20.0,6.0,8.0,21.0,2.0,2.0,0.0,4.0,6.0,0.0,0.0,0.0,0.0,0.0,0.0,3.0,11.0,0.0,39.0,2013,12,9
2936.0,1982.0,Master,Married,23661.0,1.0,0.0,2013-12-04,46.0,18.0,0.0,4.0,0.0,0.0,1.0,1.0,1.0,0.0,3.0,7.0,0.0,0.0,0.0,0.0,0.0,0.0,3.0,11.0,0.0,32.0,2013,12,4
9449.0,1958.0,Phd,Single,79761.0,0.0,1.0,2013-10-04,32.0,415.0,5.0,124.0,15.0,35.0,11.0,1.0,5.0,2.0,11.0,3.0,0.0,0.0,0.0,0.0,0.0,0.0,3.0,11.0,0.0,56.0,2013,10,4
7297.0,1973.0,Graduation,Single,7500.0,1.0,0.0,2013-12-26,54.0,5.0,3.0,10.0,12.0,7.0,20.0,4.0,3.0,1.0,3.0,7.0,0.0,0.0,0.0,0.0,0.0,0.0,3.0,11.0,0.0,41.0,2013,12,26
11004.0,1932.0,2N Cycle,Single,60182.0,0.0,1.0,2014-05-17,23.0,8.0,0.0,5.0,7.0,0.0,2.0,1.0,1.0,0.0,2.0,4.0,0.0,0.0,0.0,0.0,0.0,0.0,3.0,11.0,0.0,82.0,2014,5,17
313.0,1968.0,Graduation,Widow,73455.0,0.0,0.0,2013-10-28,98.0,901.0,61.0,556.0,120.5,81.0,20.0,1.0,6.0,5.0,10.0,3.0,0.0,0.0,0.0,0.0,0.0,0.0,3.0,11.0,0.0,46.0,2013,10,28
9940.0,1958.0,Graduation,Married,64961.0,0.0,1.0,2012-12-23,97.0,382.0,81.0,276.0,75.0,81.0,38.0,2.0,6.0,4.0,4.0,3.0,0.0,0.0,0.0,0.0,0.0,0.0,3.0,11.0,0.0,56.0,2012,12,23
10735.0,1971.0,Graduation,Single,22804.0,1.0,0.0,2013-07-31,75.0,14.0,1.0,7.0,2.0,1.0,1.0,1.0,2.0,0.0,2.0,9.0,0.0,0.0,0.0,0.0,0.0,0.0,3.0,11.0,0.0,43.0,2013,7,31
9529.0,1990.0,Graduation,Married,73687.0,0.0,0.0,2013-11-28,8.0,559.0,81.0,503.0,120.5,13.0,126.5,1.0,3.0,9.0,9.0,2.0,0.0,0.0,0.0,0.0,0.0,0.0,3.0,11.0,0.0,24.0,2013,11,28
6439.0,1958.0,Graduation,Married,61074.0,0.0,1.0,2012-08-17,37.0,789.0,0.0,133.0,0.0,28.0,126.5,6.0,11.0,5.0,8.0,7.0,0.0,0.0,0.0,0.0,0.0,0.0,3.0,11.0,0.0,56.0,2012,8,17
7411.0,1964.0,Phd,Married,31686.0,1.0,1.0,2014-06-05,31.0,11.0,0.0,5.0,0.0,0.0,1.0,2.0,1.0,0.0,3.0,6.0,0.0,0.0,0.0,0.0,0.0,0.0,3.0,11.0,0.0,50.0,2014,6,5
2176.0,1972.0,Graduation,Married,80134.0,1.0,0.0,2013-05-20,40.0,1218.0,16.0,272.0,104.0,0.0,80.0,2.0,5.0,3.0,6.0,6.0,0.0,0.0,0.0,0.0,0.0,0.0,3.0,11.0,0.0,42.0,2013,5,20
9265.0,1953.0,Graduation,Married,75027.0,0.0,1.0,2013-01-09,74.0,925.0,64.0,179.0,120.5,12.0,77.0,2.0,9.0,4.0,6.0,5.0,0.0,0.0,0.0,0.0,0.0,0.0,3.0,11.0,0.0,61.0,2013,1,9
8867.0,1988.0,Phd,Married,67546.0,0.0,0.0,2012-08-31,90.0,864.0,81.0,556.0,120.5,38.0,126.5,1.0,4.0,10.0,5.0,3.0,0.0,0.0,0.0,0.0,0.0,0.0,3.0,11.0,0.0,26.0,2012,8,31
8932.0,1969.0,Master,Married,65176.0,0.0,1.0,2012-10-29,57.0,960.0,28.0,183.0,120.5,70.0,70.0,4.0,9.0,6.0,6.0,6.0,0.0,0.0,0.0,0.0,0.0,0.0,3.0,11.0,0.0,45.0,2012,10,29
10236.0,1975.0,Master,Single,31160.0,1.0,0.0,2013-09-16,59.0,16.0,3.0,25.0,6.0,1.0,13.0,2.0,2.0,0.0,3.0,8.0,0.0,0.0,0.0,0.0,0.0,0.0,3.0,11.0,0.0,39.0,2013,9,16
6340.0,1985.0,Graduation,Single,29938.0,1.0,0.0,2013-10-27,52.0,3.0,3.0,7.0,0.0,2.0,11.0,2.0,1.0,0.0,3.0,6.0,0.0,0.0,0.0,0.0,0.0,0.0,3.0,11.0,0.0,29.0,2013,10,27
10089.0,1974.0,Graduation,Divorced,102692.0,0.0,0.0,2013-04-05,5.0,168.0,81.0,444.0,32.0,81.0,126.5,1.0,6.0,9.0,13.0,2.0,0.0,0.0,0.0,0.0,0.0,0.0,3.0,11.0,0.0,40.0,2013,4,5
2227.0,1958.0,2N Cycle,Married,26490.0,0.0,0.0,2012-09-22,92.0,45.0,47.0,52.0,21.0,20.0,25.0,2.0,3.0,1.0,5.0,6.0,0.0,0.0,0.0,0.0,0.0,0.0,3.0,11.0,0.0,56.0,2012,9,22
10992.0,1967.0,Graduation,Married,75702.0,1.0,1.0,2012-08-29,77.0,650.0,28.0,353.0,45.0,42.0,30.0,5.0,4.0,6.0,11.0,8.0,0.0,0.0,0.0,0.0,0.0,0.0,3.0,11.0,0.0,47.0,2012,8,29
5304.0,1974.0,Phd,Single,30899.0,1.0,0.0,2012-10-13,35.0,24.0,0.0,8.0,0.0,0.0,1.0,2.0,1.0,0.0,3.0,6.0,0.0,0.0,0.0,0.0,0.0,0.0,3.0,11.0,0.0,40.0,2012,10,13
309.0,1961.0,Phd,Married,63342.0,0.0,1.0,2012-10-16,48.0,918.0,21.0,118.0,13.0,10.0,21.0,3.0,8.0,3.0,5.0,6.0,0.0,0.0,0.0,0.0,0.0,0.0,3.0,11.0,0.0,53.0,2012,10,16
3406.0,1964.0,Graduation,Single,45989.0,0.0,1.0,2012-10-22,97.0,138.0,33.0,87.0,28.0,24.0,12.0,4.0,3.0,2.0,7.0,3.0,0.0,0.0,0.0,0.0,0.0,0.0,3.0,11.0,0.0,50.0,2012,10,22
2661.0,1964.0,Graduation,Single,18701.0,1.0,1.0,2013-06-04,95.0,12.0,4.0,2.0,10.0,6.0,10.0,4.0,2.0,0.0,4.0,5.0,0.0,0.0,0.0,0.0,0.0,0.0,3.0,11.0,0.0,50.0,2013,6,4
3153.0,1957.0,Phd,Single,40737.0,2.0,1.0,2013-12-08,24.0,11.0,0.0,4.0,0.0,0.0,2.0,1.0,1.0,0.0,2.0,8.0,0.0,0.0,0.0,0.0,0.0,0.0,3.0,11.0,0.0,57.0,2013,12,8
10264.0,1979.0,Graduation,Divorced,15287.0,1.0,0.0,2012-10-10,60.0,1.0,2.0,8.0,4.0,3.0,13.0,2.0,1.0,1.0,2.0,7.0,0.0,0.0,0.0,0.0,0.0,0.0,3.0,11.0,0.0,35.0,2012,10,10
1184.0,1968.0,Phd,Divorced,69674.0,0.0,2.0,2013-05-22,46.0,554.0,41.0,215.0,11.0,0.0,24.0,3.0,10.0,2.0,10.0,5.0,0.0,0.0,0.0,0.0,0.0,0.0,3.0,11.0,0.0,46.0,2013,5,22
4200.0,1970.0,Master,Married,44159.0,1.0,0.0,2014-06-17,85.0,167.0,2.0,62.0,24.0,13.0,7.0,4.0,4.0,1.0,6.0,5.0,0.0,0.0,0.0,0.0,0.0,0.0,3.0,11.0,0.0,44.0,2014,6,17
9396.0,1978.0,Phd,Married,37717.0,1.0,0.0,2012-11-23,31.0,9.0,0.0,6.0,4.0,1.0,5.0,1.0,1.0,0.0,2.0,9.0,0.0,0.0,0.0,0.0,0.0,0.0,3.0,11.0,0.0,36.0,2012,11,23
2387.0,1952.0,Master,Married,43776.0,1.0,1.0,2013-02-03,9.0,177.0,2.0,71.0,3.0,2.0,20.0,6.0,5.0,2.0,4.0,8.0,0.0,0.0,0.0,0.0,0.0,0.0,3.0,11.0,0.0,62.0,2013,2,3
6690.0,1966.0,Master,Married,38179.0,1.0,1.0,2013-03-14,30.0,38.0,4.0,22.0,4.0,2.0,20.0,4.0,3.0,1.0,3.0,7.0,0.0,0.0,0.0,0.0,0.0,0.0,3.0,11.0,0.0,48.0,2013,3,14
1225.0,1963.0,Graduation,Married,80124.0,0.0,0.0,2014-06-26,47.0,483.0,81.0,398.0,120.5,81.0,126.5,1.0,3.0,7.0,8.0,1.0,0.0,0.0,0.0,0.0,0.0,0.0,3.0,11.0,0.0,51.0,2014,6,26
9703.0,1970.0,Phd,Married,38097.0,1.0,1.0,2012-10-15,70.0,77.0,2.0,35.0,0.0,1.0,69.0,4.0,3.0,2.0,2.0,7.0,0.0,0.0,0.0,0.0,0.0,0.0,3.0,11.0,0.0,44.0,2012,10,15
291.0,1970.0,Graduation,Married,72940.0,0.0,0.0,2013-06-19,13.0,182.0,74.0,298.0,120.5,81.0,116.0,1.0,3.0,3.0,6.0,1.0,0.0,0.0,0.0,0.0,0.0,0.0,3.0,11.0,0.0,44.0,2013,6,19
4557.0,1970.0,Graduation,Married,22070.0,1.0,0.0,2013-10-04,11.0,10.0,7.0,19.0,8.0,2.0,21.0,2.0,2.0,2.0,2.0,6.0,0.0,0.0,0.0,0.0,0.0,0.0,3.0,11.0,0.0,44.0,2013,10,4
2379.0,1953.0,Graduation,Single,69267.0,0.0,0.0,2012-09-22,31.0,778.0,44.0,499.0,95.0,73.0,126.5,2.0,3.0,4.0,5.0,7.0,0.0,0.0,0.0,0.0,0.0,0.0,3.0,11.0,0.0,61.0,2012,9,22
5726.0,1983.0,Master,Single,31788.0,1.0,0.0,2014-03-20,15.0,16.0,7.0,23.0,0.0,8.0,6.0,3.0,3.0,0.0,4.0,5.0,0.0,0.0,0.0,0.0,0.0,0.0,3.0,11.0,0.0,31.0,2014,3,20
3066.0,1975.0,Phd,Married,61905.0,0.0,1.0,2014-02-04,2.0,167.0,0.0,43.0,6.0,2.0,13.0,2.0,4.0,2.0,4.0,5.0,0.0,0.0,0.0,0.0,0.0,0.0,3.0,11.0,0.0,39.0,2014,2,4
6336.0,1960.0,Graduation,Married,29315.0,1.0,1.0,2014-04-06,55.0,13.0,2.0,14.0,8.0,7.0,4.0,4.0,2.0,0.0,4.0,6.0,0.0,0.0,0.0,0.0,0.0,0.0,3.0,11.0,0.0,54.0,2014,4,6
10967.0,1963.0,Graduation,Divorced,33378.0,1.0,1.0,2013-02-06,38.0,33.0,6.0,40.0,3.0,7.0,10.0,3.0,2.0,0.0,4.0,7.0,0.0,0.0,0.0,0.0,0.0,0.0,3.0,11.0,0.0,51.0,2013,2,6
2304.0,1963.0,Phd,Married,66313.0,0.0,1.0,2013-09-16,86.0,625.0,7.0,99.0,10.0,22.0,7.0,2.0,6.0,3.0,12.0,4.0,0.0,0.0,0.0,0.0,0.0,0.0,3.0,11.0,0.0,51.0,2013,9,16
3445.0,1956.0,Graduation,Single,60714.0,0.0,0.0,2013-01-17,56.0,216.0,81.0,224.0,101.0,81.0,126.5,2.0,7.0,4.0,10.0,5.0,0.0,0.0,0.0,0.0,0.0,0.0,3.0,11.0,0.0,58.0,2013,1,17
7828.0,1981.0,Master,Married,77882.0,0.0,0.0,2014-04-30,29.0,68.0,81.0,396.0,120.5,22.0,15.0,1.0,3.0,3.0,5.0,1.0,0.0,0.0,0.0,0.0,0.0,0.0,3.0,11.0,0.0,33.0,2014,4,30
3762.0,1986.0,Phd,Single,69867.0,0.0,0.0,2013-04-02,30.0,196.0,0.0,512.0,33.0,81.0,54.0,1.0,3.0,5.0,8.0,1.0,0.0,0.0,0.0,0.0,0.0,0.0,3.0,11.0,0.0,28.0,2013,4,2
4391.0,1968.0,Master,Divorced,63841.0,0.0,1.0,2013-04-21,64.0,635.0,15.0,100.0,20.0,7.0,126.5,1.0,9.0,3.0,9.0,6.0,0.0,0.0,0.0,0.0,0.0,0.0,3.0,11.0,0.0,46.0,2013,4,21
4669.0,1981.0,Basic,Married,24480.0,1.0,0.0,2013-02-11,46.0,4.0,19.0,9.0,28.0,25.0,17.0,3.0,3.0,0.0,4.0,7.0,0.0,0.0,0.0,0.0,0.0,0.0,3.0,11.0,0.0,33.0,2013,2,11
10144.0,1976.0,Graduation,Married,51369.0,0.0,1.0,2012-10-25,84.0,297.0,7.0,79.0,0.0,11.0,126.5,2.0,8.0,2.0,4.0,8.0,0.0,0.0,0.0,0.0,0.0,0.0,3.0,11.0,0.0,38.0,2012,10,25
8652.0,1946.0,Graduation,Married,37760.0,0.0,0.0,2012-08-31,20.0,84.0,5.0,38.0,120.5,12.0,28.0,2.0,4.0,1.0,6.0,7.0,0.0,0.0,0.0,0.0,0.0,0.0,3.0,11.0,0.0,68.0,2012,8,31
1672.0,1974.0,Phd,Married,65640.0,0.0,1.0,2014-03-01,74.0,204.0,7.0,149.0,20.0,15.0,66.0,1.0,5.0,1.0,8.0,2.0,0.0,0.0,0.0,0.0,0.0,0.0,3.0,11.0,0.0,40.0,2014,3,1
8962.0,1975.0,Master,Married,44319.0,1.0,1.0,2014-04-17,18.0,26.0,0.0,8.0,0.0,0.0,3.0,2.0,2.0,0.0,3.0,5.0,0.0,0.0,0.0,0.0,0.0,0.0,3.0,11.0,0.0,39.0,2014,4,17
9974.0,1974.0,Graduation,Married,30631.0,1.0,0.0,2013-07-12,75.0,15.0,6.0,20.0,4.0,5.0,20.0,1.0,3.0,1.0,2.0,7.0,0.0,0.0,0.0,0.0,0.0,0.0,3.0,11.0,0.0,40.0,2013,7,12
10983.0,1952.0,Graduation,Married,75278.0,0.0,0.0,2013-01-29,17.0,304.0,81.0,230.0,120.5,74.0,74.0,1.0,6.0,3.0,13.0,3.0,0.0,0.0,0.0,0.0,0.0,0.0,3.0,11.0,0.0,62.0,2013,1,29
8148.0,1956.0,Master,Married,50898.0,1.0,1.0,2013-01-08,88.0,285.0,28.0,242.0,55.0,81.0,126.5,6.0,6.0,2.0,12.0,5.0,0.0,0.0,0.0,0.0,0.0,0.0,3.0,11.0,0.0,58.0,2013,1,8
10102.0,1966.0,Graduation,Widow,79946.0,0.0,0.0,2014-05-12,19.0,395.0,81.0,556.0,120.5,81.0,28.0,1.0,5.0,10.0,5.0,3.0,0.0,0.0,0.0,0.0,0.0,0.0,3.0,11.0,0.0,48.0,2014,5,12
4697.0,1949.0,Master,Divorced,35416.0,0.0,0.0,2013-06-13,62.0,248.0,3.0,81.0,4.0,3.0,51.0,3.0,7.0,1.0,5.0,8.0,0.0,0.0,0.0,0.0,0.0,0.0,3.0,11.0,0.0,65.0,2013,6,13
9262.0,1984.0,2N Cycle,Married,32414.0,0.0,0.0,2013-07-04,11.0,20.0,6.0,5.0,0.0,9.0,12.0,1.0,1.0,0.0,3.0,7.0,0.0,0.0,0.0,0.0,0.0,0.0,3.0,11.0,0.0,30.0,2013,7,4
7254.0,1969.0,Graduation,Married,38361.0,1.0,0.0,2013-12-27,74.0,39.0,0.0,56.0,20.0,8.0,14.0,3.0,3.0,1.0,3.0,7.0,0.0,0.0,0.0,0.0,0.0,0.0,3.0,11.0,0.0,45.0,2013,12,27
4543.0,1980.0,Graduation,Married,82497.0,0.0,0.0,2012-10-31,32.0,777.0,81.0,556.0,120.5,21.0,126.5,1.0,2.0,7.0,9.0,4.0,0.0,0.0,0.0,0.0,0.0,0.0,3.0,11.0,0.0,34.0,2012,10,31
4927.0,1971.0,Graduation,Married,16626.0,2.0,0.0,2014-01-15,76.0,8.0,3.0,22.0,21.0,1.0,13.0,3.0,3.0,0.0,3.0,9.0,0.0,0.0,0.0,0.0,0.0,0.0,3.0,11.0,0.0,43.0,2014,1,15
10451.0,1965.0,Graduation,Married,29672.0,1.0,1.0,2013-03-12,6.0,9.0,1.0,3.0,0.0,4.0,8.0,1.0,0.0,0.0,3.0,6.0,0.0,0.0,0.0,0.0,0.0,0.0,3.0,11.0,0.0,49.0,2013,3,12
2926.0,1952.0,Master,Married,55951.0,0.0,1.0,2012-08-23,62.0,1225.0,0.0,80.0,0.0,13.0,40.0,3.0,3.0,6.0,11.0,8.0,0.0,0.0,0.0,0.0,0.0,0.0,3.0,11.0,0.0,62.0,2012,8,23
2874.0,1988.0,2N Cycle,Divorced,35388.0,1.0,0.0,2013-03-07,20.0,6.0,4.0,7.0,4.0,3.0,8.0,1.0,1.0,0.0,3.0,7.0,0.0,0.0,0.0,0.0,0.0,0.0,3.0,11.0,0.0,26.0,2013,3,7
9738.0,1986.0,Master,Married,42386.0,1.0,0.0,2013-01-13,43.0,65.0,4.0,16.0,0.0,4.0,11.0,1.0,3.0,0.0,3.0,8.0,0.0,0.0,0.0,0.0,0.0,0.0,3.0,11.0,0.0,28.0,2013,1,13
7119.0,1982.0,Graduation,Single,68627.0,0.0,0.0,2013-01-12,45.0,395.0,15.0,263.0,60.0,54.0,38.0,1.0,2.0,3.0,6.0,1.0,0.0,0.0,0.0,0.0,0.0,0.0,3.0,11.0,0.0,32.0,2013,1,12
3924.0,1965.0,Phd,Divorced,57912.0,0.0,1.0,2014-03-17,34.0,801.0,0.0,80.0,0.0,0.0,35.0,5.0,8.0,3.0,12.0,5.0,0.0,0.0,0.0,0.0,0.0,0.0,3.0,11.0,0.0,49.0,2014,3,17
5827.0,1958.0,Graduation,Divorced,35246.0,1.0,1.0,2014-04-16,53.0,36.0,0.0,12.0,2.0,2.0,10.0,4.0,3.0,1.0,3.0,5.0,0.0,0.0,0.0,0.0,0.0,0.0,3.0,11.0,0.0,56.0,2014,4,16
5596.0,1956.0,2N Cycle,Married,58821.0,0.0,1.0,2013-10-12,44.0,513.0,14.0,154.0,19.0,0.0,28.0,1.0,9.0,2.0,9.0,6.0,0.0,0.0,0.0,0.0,0.0,0.0,3.0,11.0,0.0,58.0,2013,10,12
10812.0,1978.0,Phd,Married,46377.0,1.0,0.0,2014-03-01,89.0,37.0,0.0,46.0,4.0,3.0,0.0,1.0,2.0,1.0,3.0,4.0,0.0,0.0,0.0,0.0,0.0,0.0,3.0,11.0,0.0,36.0,2014,3,1
1717.0,1988.0,Graduation,Single,39747.0,1.0,0.0,2014-04-13,43.0,80.0,15.0,93.0,20.0,13.0,52.0,3.0,5.0,1.0,4.0,8.0,0.0,0.0,0.0,0.0,0.0,0.0,3.0,11.0,0.0,26.0,2014,4,13
9491.0,1984.0,Graduation,Married,23976.0,1.0,0.0,2013-12-27,68.0,14.0,1.0,21.0,2.0,3.0,25.0,3.0,3.0,1.0,3.0,7.0,0.0,0.0,0.0,0.0,0.0,0.0,3.0,11.0,0.0,30.0,2013,12,27
9274.0,1961.0,Master,Married,80950.0,0.0,0.0,2013-03-28,44.0,525.0,81.0,112.0,120.5,81.0,63.0,1.0,6.0,7.0,9.0,2.0,0.0,0.0,0.0,0.0,0.0,0.0,3.0,11.0,0.0,53.0,2013,3,28
6609.0,1966.0,Graduation,Widow,27038.0,0.0,0.0,2012-09-18,64.0,1.0,26.0,25.0,17.0,23.0,15.0,1.0,3.0,0.0,3.0,9.0,0.0,0.0,0.0,0.0,0.0,0.0,3.0,11.0,0.0,48.0,2012,9,18
6963.0,1947.0,Graduation,Single,77457.0,0.0,0.0,2014-03-05,85.0,675.0,11.0,400.0,15.0,45.0,11.0,1.0,2.0,5.0,10.0,1.0,0.0,0.0,0.0,0.0,0.0,0.0,3.0,11.0,0.0,67.0,2014,3,5
4440.0,1964.0,Master,Married,64100.0,0.0,1.0,2013-09-10,93.0,509.0,0.0,27.0,0.0,0.0,10.0,1.0,8.0,3.0,6.0,7.0,0.0,0.0,0.0,0.0,0.0,0.0,3.0,11.0,0.0,50.0,2013,9,10
1379.0,1992.0,Master,Married,42670.0,0.0,0.0,2013-04-27,12.0,154.0,2.0,46.0,20.0,4.0,15.0,1.0,4.0,2.0,4.0,4.0,0.0,0.0,0.0,0.0,0.0,0.0,3.0,11.0,0.0,22.0,2013,4,27
10032.0,1976.0,Graduation,Divorced,12571.0,1.0,0.0,2014-01-18,86.0,3.0,5.0,14.0,2.0,12.0,17.0,4.0,3.0,1.0,3.0,6.0,0.0,0.0,0.0,0.0,0.0,0.0,3.0,11.0,0.0,38.0,2014,1,18
2826.0,1967.0,Graduation,Married,22574.0,2.0,1.0,2013-10-28,28.0,25.0,0.0,8.0,2.0,0.0,2.0,2.0,2.0,0.0,3.0,7.0,0.0,0.0,0.0,0.0,0.0,0.0,3.0,11.0,0.0,47.0,2013,10,28
2437.0,1989.0,Graduation,Married,51381.5,0.0,0.0,2013-06-03,69.0,861.0,81.0,461.0,60.0,30.0,61.0,1.0,6.0,5.0,12.0,3.0,0.0,0.0,0.0,0.0,0.0,0.0,3.0,11.0,0.0,25.0,2013,6,3
6320.0,1976.0,Master,Single,70893.0,0.0,0.0,2013-02-06,42.0,768.0,44.0,556.0,77.0,44.0,14.0,1.0,6.0,6.0,10.0,3.0,0.0,0.0,0.0,0.0,0.0,0.0,3.0,11.0,0.0,38.0,2013,2,6
3050.0,1966.0,Graduation,Married,54198.0,1.0,1.0,2013-12-17,13.0,185.0,0.0,28.0,3.0,2.0,17.0,6.0,3.0,1.0,6.0,4.0,0.0,0.0,0.0,0.0,0.0,0.0,3.0,11.0,0.0,48.0,2013,12,17
231.0,1956.0,Master,Married,28839.0,1.0,1.0,2014-03-11,86.0,24.0,0.0,7.0,0.0,0.0,1.0,2.0,2.0,0.0,3.0,5.0,0.0,0.0,0.0,0.0,0.0,0.0,3.0,11.0,0.0,58.0,2014,3,11
2392.0,1972.0,Graduation,Married,40321.0,1.0,1.0,2013-07-29,59.0,44.0,4.0,21.0,6.0,0.0,27.0,2.0,3.0,0.0,3.0,7.0,0.0,0.0,0.0,0.0,0.0,0.0,3.0,11.0,0.0,42.0,2013,7,29
9478.0,1985.0,Graduation,Single,66503.0,1.0,0.0,2012-08-14,30.0,91.0,64.0,128.0,65.0,3.0,50.0,2.0,4.0,3.0,6.0,3.0,0.0,0.0,0.0,0.0,0.0,0.0,3.0,11.0,0.0,29.0,2012,8,14
113.0,1951.0,Graduation,Married,30833.0,1.0,1.0,2013-07-16,33.0,11.0,0.0,7.0,3.0,1.0,6.0,2.0,1.0,0.0,3.0,5.0,0.0,0.0,0.0,0.0,0.0,0.0,3.0,11.0,0.0,63.0,2013,7,16
2863.0,1970.0,Graduation,Single,51381.5,1.0,2.0,2013-08-23,67.0,738.0,20.0,172.0,52.0,50.0,20.0,6.0,2.0,3.0,10.0,7.0,0.0,0.0,0.0,0.0,0.0,0.0,3.0,11.0,0.0,44.0,2013,8,23
1802.0,1971.0,Graduation,Married,64795.0,0.0,1.0,2013-01-17,23.0,412.0,5.0,119.0,38.0,29.0,77.0,3.0,3.0,3.0,12.0,2.0,0.0,0.0,0.0,0.0,0.0,0.0,3.0,11.0,0.0,43.0,2013,1,17
520.0,1974.0,Graduation,Married,34421.0,1.0,0.0,2013-07-01,81.0,3.0,3.0,7.0,6.0,2.0,9.0,1.0,1.0,0.0,2.0,7.0,0.0,0.0,0.0,0.0,0.0,0.0,3.0,11.0,0.0,40.0,2013,7,1
8275.0,1965.0,Phd,Divorced,47025.0,1.0,1.0,2014-02-09,6.0,16.0,0.0,3.0,0.0,0.0,1.0,1.0,1.0,0.0,2.0,7.0,0.0,0.0,0.0,0.0,0.0,0.0,3.0,11.0,0.0,49.0,2014,2,9
9750.0,1961.0,Phd,Divorced,64325.0,0.0,1.0,2013-02-07,41.0,731.0,60.0,353.0,78.0,12.0,73.0,5.0,10.0,3.0,5.0,7.0,0.0,0.0,0.0,0.0,0.0,0.0,3.0,11.0,0.0,53.0,2013,2,7
2607.0,1953.0,Graduation,Single,40464.0,0.0,1.0,2013-01-11,78.0,424.0,17.0,118.0,7.0,23.0,41.0,6.0,8.0,2.0,8.0,8.0,0.0,0.0,0.0,0.0,0.0,0.0,3.0,11.0,0.0,61.0,2013,1,11
7214.0,1957.0,Graduation,Married,62187.0,0.0,0.0,2013-07-05,49.0,792.0,0.0,275.0,45.0,45.0,126.0,1.0,4.0,8.0,5.0,3.0,0.0,0.0,0.0,0.0,0.0,0.0,3.0,11.0,0.0,57.0,2013,7,5
5835.0,1976.0,Phd,Divorced,14849.0,1.0,0.0,2013-07-02,39.0,21.0,2.0,28.0,3.0,2.0,9.0,3.0,2.0,0.0,4.0,8.0,0.0,0.0,0.0,0.0,0.0,0.0,3.0,11.0,0.0,38.0,2013,7,2
3896.0,1984.0,Graduation,Married,27255.0,1.0,0.0,2013-11-07,3.0,22.0,1.0,11.0,0.0,1.0,2.0,1.0,1.0,0.0,3.0,7.0,0.0,0.0,0.0,0.0,0.0,0.0,3.0,11.0,0.0,30.0,2013,11,7
10350.0,1950.0,Phd,Married,54432.0,2.0,1.0,2013-05-09,37.0,33.0,0.0,5.0,0.0,0.0,0.0,1.0,1.0,0.0,3.0,4.0,0.0,0.0,0.0,0.0,0.0,0.0,3.0,11.0,0.0,64.0,2013,5,9
7786.0,1986.0,Phd,Single,29999.0,1.0,0.0,2013-02-13,22.0,68.0,7.0,59.0,10.0,5.0,11.0,4.0,3.0,1.0,4.0,8.0,0.0,0.0,0.0,0.0,0.0,0.0,3.0,11.0,0.0,28.0,2013,2,13
2861.0,1983.0,Graduation,Single,24072.0,1.0,0.0,2013-04-16,79.0,9.0,1.0,6.0,3.0,0.0,4.0,1.0,1.0,0.0,2.0,8.0,0.0,0.0,0.0,0.0,0.0,0.0,3.0,11.0,0.0,31.0,2013,4,16
663.0,1989.0,Phd,Single,33996.0,0.0,0.0,2013-09-11,46.0,40.0,2.0,15.0,8.0,0.0,6.0,1.0,1.0,1.0,3.0,4.0,0.0,0.0,0.0,0.0,0.0,0.0,3.0,11.0,0.0,25.0,2013,9,11
10675.0,1956.0,Phd,Married,66334.0,0.0,1.0,2013-04-03,82.0,909.0,11.0,218.0,0.0,0.0,23.0,2.0,9.0,3.0,5.0,5.0,0.0,0.0,0.0,0.0,0.0,0.0,3.0,11.0,0.0,58.0,2013,4,3
2521.0,1971.0,Master,Married,35178.0,1.0,0.0,2013-01-10,10.0,23.0,1.0,13.0,2.0,2.0,18.0,1.0,1.0,1.0,2.0,7.0,0.0,0.0,0.0,0.0,0.0,0.0,3.0,11.0,0.0,43.0,2013,1,10
9592.0,1983.0,Graduation,Married,22010.0,1.0,0.0,2013-06-30,51.0,11.0,2.0,9.0,3.0,0.0,8.0,2.0,2.0,0.0,3.0,8.0,0.0,0.0,0.0,0.0,0.0,0.0,3.0,11.0,0.0,31.0,2013,6,30
10151.0,1960.0,Graduation,Divorced,62204.0,0.0,2.0,2012-09-12,38.0,317.0,46.0,247.0,120.5,46.0,126.5,1.0,4.0,5.0,12.0,3.0,0.0,0.0,0.0,0.0,0.0,0.0,3.0,11.0,0.0,54.0,2012,9,12
7381.0,1968.0,Graduation,Divorced,75693.0,0.0,0.0,2012-12-06,10.0,797.0,81.0,293.0,72.0,81.0,30.0,1.0,11.0,4.0,6.0,4.0,0.0,0.0,0.0,0.0,0.0,0.0,3.0,11.0,0.0,46.0,2012,12,6
4099.0,1972.0,Graduation,Married,30675.0,1.0,0.0,2012-11-12,14.0,10.0,2.0,16.0,11.0,2.0,21.0,1.0,1.0,0.0,3.0,8.0,0.0,0.0,0.0,0.0,0.0,0.0,3.0,11.0,0.0,42.0,2012,11,12
9560.0,1965.0,Graduation,Married,83003.0,0.0,0.0,2013-03-03,18.0,856.0,61.0,556.0,40.0,25.0,122.0,1.0,7.0,6.0,8.0,3.0,0.0,0.0,0.0,0.0,0.0,0.0,3.0,11.0,0.0,49.0,2013,3,3
1150.0,1932.0,Phd,Married,83532.0,0.0,0.0,2013-09-26,36.0,755.0,81.0,556.0,104.0,64.0,126.5,1.0,4.0,6.0,4.0,1.0,0.0,0.0,0.0,0.0,0.0,0.0,3.0,11.0,0.0,82.0,2013,9,26
10172.0,1988.0,Graduation,Single,68655.0,0.0,0.0,2012-08-10,95.0,456.0,19.0,556.0,75.0,81.0,38.0,1.0,4.0,5.0,11.0,3.0,0.0,0.0,0.0,0.0,0.0,0.0,3.0,11.0,0.0,26.0,2012,8,10
11191.0,1986.0,Graduation,Divorced,41411.0,0.0,0.0,2013-12-07,11.0,37.0,32.0,38.0,11.0,3.0,18.0,1.0,2.0,1.0,4.0,6.0,0.0,0.0,0.0,0.0,0.0,0.0,3.0,11.0,0.0,28.0,2013,12,7
9707.0,1969.0,Phd,Married,55212.0,0.0,1.0,2012-11-23,65.0,1103.0,0.0,45.0,0.0,0.0,34.0,3.0,4.0,2.0,11.0,8.0,0.0,0.0,0.0,0.0,0.0,0.0,3.0,11.0,0.0,45.0,2012,11,23
6245.0,1950.0,Phd,Married,59292.0,0.0,1.0,2013-06-13,71.0,378.0,14.0,68.0,19.0,14.0,14.0,2.0,3.0,5.0,8.0,3.0,0.0,0.0,0.0,0.0,0.0,0.0,3.0,11.0,0.0,64.0,2013,6,13
8234.0,1973.0,Basic,Married,27190.0,1.0,0.0,2013-08-15,13.0,1.0,6.0,7.0,0.0,1.0,3.0,1.0,1.0,0.0,2.0,8.0,0.0,0.0,0.0,0.0,0.0,0.0,3.0,11.0,0.0,41.0,2013,8,15
1411.0,1952.0,Graduation,Divorced,82623.0,0.0,0.0,2013-11-10,58.0,204.0,34.0,204.0,120.5,81.0,126.5,1.0,2.0,9.0,4.0,1.0,0.0,0.0,0.0,0.0,0.0,0.0,3.0,11.0,0.0,62.0,2013,11,10
8553.0,1965.0,Graduation,Married,44300.0,1.0,1.0,2013-06-23,65.0,30.0,0.0,9.0,0.0,0.0,3.0,2.0,1.0,0.0,3.0,6.0,0.0,0.0,0.0,0.0,0.0,0.0,3.0,11.0,0.0,49.0,2013,6,23
1826.0,1970.0,Graduation,Divorced,84835.0,0.0,0.0,2014-06-16,0.0,189.0,81.0,379.0,111.0,81.0,126.5,1.0,4.0,4.0,6.0,1.0,0.0,0.0,0.0,0.0,0.0,0.0,3.0,11.0,0.0,44.0,2014,6,16
8842.0,1971.0,Graduation,Widow,30372.0,1.0,1.0,2012-12-25,33.0,15.0,0.0,12.0,7.0,3.0,7.0,3.0,2.0,0.0,3.0,7.0,0.0,0.0,0.0,0.0,0.0,0.0,3.0,11.0,0.0,43.0,2012,12,25
11030.0,1976.0,Master,Married,33181.0,1.0,0.0,2014-01-03,90.0,9.0,0.0,3.0,0.0,0.0,4.0,1.0,1.0,0.0,2.0,6.0,0.0,0.0,0.0,0.0,0.0,0.0,3.0,11.0,0.0,38.0,2014,1,3
2579.0,1957.0,Graduation,Married,71113.0,0.0,1.0,2013-12-17,95.0,495.0,33.0,255.0,11.0,33.0,8.0,4.0,6.0,7.0,9.0,4.0,0.0,0.0,0.0,0.0,0.0,0.0,3.0,11.0,0.0,57.0,2013,12,17
175.0,1986.0,Graduation,Married,71952.0,1.0,0.0,2013-01-10,93.0,656.0,80.0,455.0,52.0,81.0,93.0,2.0,8.0,4.0,8.0,4.0,0.0,0.0,0.0,0.0,0.0,0.0,3.0,11.0,0.0,28.0,2013,1,10
9185.0,1966.0,Phd,Single,69759.0,0.0,0.0,2013-10-28,38.0,452.0,20.0,514.0,13.0,30.0,0.0,3.0,4.0,6.0,5.0,3.0,0.0,0.0,0.0,0.0,0.0,0.0,3.0,11.0,0.0,48.0,2013,10,28
11056.0,1974.0,Graduation,Married,72099.0,0.0,0.0,2012-10-27,18.0,546.0,81.0,410.0,119.0,0.0,22.0,1.0,3.0,4.0,10.0,1.0,0.0,0.0,0.0,0.0,0.0,0.0,3.0,11.0,0.0,40.0,2012,10,27
9365.0,1976.0,Phd,Single,60000.0,0.0,1.0,2012-12-22,57.0,1048.0,0.0,217.0,0.0,0.0,12.0,5.0,11.0,3.0,5.0,6.0,0.0,0.0,0.0,0.0,0.0,0.0,3.0,11.0,0.0,38.0,2012,12,22
6201.0,1978.0,Graduation,Single,38643.0,1.0,1.0,2013-11-29,45.0,22.0,2.0,14.0,0.0,1.0,10.0,2.0,2.0,0.0,3.0,7.0,0.0,0.0,0.0,0.0,0.0,0.0,3.0,11.0,0.0,36.0,2013,11,29
2061.0,1955.0,Graduation,Married,50737.0,0.0,1.0,2013-05-11,61.0,78.0,0.0,11.0,0.0,0.0,10.0,1.0,2.0,0.0,4.0,6.0,0.0,0.0,0.0,0.0,0.0,0.0,3.0,11.0,0.0,59.0,2013,5,11
6184.0,1969.0,Phd,Married,68462.0,0.0,0.0,2012-12-12,6.0,561.0,64.0,556.0,84.0,81.0,48.0,1.0,3.0,3.0,8.0,1.0,0.0,0.0,0.0,0.0,0.0,0.0,3.0,11.0,0.0,45.0,2012,12,12
6142.0,1943.0,Master,Married,65073.0,0.0,0.0,2013-08-20,65.0,629.0,17.0,177.0,69.0,0.0,8.0,1.0,5.0,3.0,5.0,2.0,0.0,0.0,0.0,0.0,0.0,0.0,3.0,11.0,0.0,71.0,2013,8,20
4107.0,1948.0,Phd,Married,46681.0,0.0,2.0,2013-10-08,52.0,269.0,15.0,69.0,15.0,19.0,38.0,2.0,4.0,6.0,4.0,5.0,0.0,0.0,0.0,0.0,0.0,0.0,3.0,11.0,0.0,66.0,2013,10,8
7274.0,1957.0,Graduation,Married,78618.0,0.0,0.0,2012-09-28,87.0,736.0,81.0,556.0,120.5,81.0,61.0,1.0,4.0,7.0,10.0,2.0,0.0,0.0,0.0,0.0,0.0,0.0,3.0,11.0,0.0,57.0,2012,9,28
9336.0,1969.0,Phd,Widow,62187.0,0.0,1.0,2014-03-22,38.0,512.0,0.0,83.0,0.0,0.0,41.0,3.0,6.0,2.0,10.0,4.0,0.0,0.0,0.0,0.0,0.0,0.0,3.0,11.0,0.0,45.0,2014,3,22
2958.0,1978.0,Graduation,Married,28442.0,2.0,0.0,2014-02-24,53.0,19.0,3.0,10.0,11.0,8.0,6.0,3.0,2.0,1.0,4.0,4.0,0.0,0.0,0.0,0.0,0.0,0.0,3.0,11.0,0.0,36.0,2014,2,24
933.0,1978.0,Phd,Married,37717.0,1.0,0.0,2012-11-23,31.0,9.0,0.0,6.0,4.0,1.0,5.0,1.0,1.0,0.0,2.0,9.0,0.0,0.0,0.0,0.0,0.0,0.0,3.0,11.0,0.0,36.0,2012,11,23
5837.0,1967.0,Graduation,Married,51479.0,1.0,1.0,2012-12-28,67.0,247.0,8.0,160.0,6.0,8.0,65.0,6.0,6.0,3.0,6.0,7.0,0.0,0.0,0.0,0.0,0.0,0.0,3.0,11.0,0.0,47.0,2012,12,28
10704.0,1969.0,Graduation,Single,54803.0,0.0,1.0,2012-08-21,65.0,404.0,0.0,92.0,28.0,27.0,126.5,2.0,6.0,2.0,9.0,4.0,0.0,0.0,0.0,0.0,0.0,0.0,3.0,11.0,0.0,45.0,2012,8,21
5125.0,1960.0,Graduation,Married,79530.0,0.0,0.0,2013-05-17,64.0,333.0,0.0,556.0,120.5,42.0,29.0,1.0,4.0,10.0,11.0,2.0,0.0,0.0,0.0,0.0,0.0,0.0,3.0,11.0,0.0,54.0,2013,5,17
4432.0,1976.0,Graduation,Divorced,31615.0,1.0,0.0,2013-03-16,82.0,2.0,3.0,20.0,6.0,11.0,9.0,2.0,2.0,0.0,3.0,7.0,0.0,0.0,0.0,0.0,0.0,0.0,3.0,11.0,0.0,38.0,2013,3,16
5955.0,1962.0,Graduation,Married,72025.0,0.0,0.0,2012-11-17,27.0,833.0,33.0,549.0,120.5,81.0,126.5,1.0,4.0,3.0,8.0,3.0,0.0,0.0,0.0,0.0,0.0,0.0,3.0,11.0,0.0,52.0,2012,11,17
2928.0,1975.0,Phd,Single,52614.0,0.0,1.0,2012-12-01,63.0,789.0,0.0,142.0,12.0,9.0,38.0,2.0,2.0,4.0,8.0,8.0,0.0,0.0,0.0,0.0,0.0,0.0,3.0,11.0,0.0,39.0,2012,12,1
5680.0,1984.0,2N Cycle,Married,35684.0,1.0,0.0,2014-04-22,66.0,10.0,4.0,7.0,0.0,6.0,3.0,1.0,1.0,0.0,3.0,6.0,0.0,0.0,0.0,0.0,0.0,0.0,3.0,11.0,0.0,30.0,2014,4,22
10313.0,1975.0,Graduation,Married,48178.0,1.0,1.0,2012-10-28,69.0,159.0,4.0,45.0,6.0,2.0,38.0,6.0,5.0,1.0,4.0,8.0,0.0,0.0,0.0,0.0,0.0,0.0,3.0,11.0,0.0,39.0,2012,10,28
2557.0,1970.0,Master,Single,29548.0,1.0,0.0,2013-08-29,52.0,7.0,1.0,6.0,3.0,1.0,11.0,1.0,1.0,1.0,2.0,4.0,0.0,0.0,0.0,0.0,0.0,0.0,3.0,11.0,0.0,44.0,2013,8,29
1245.0,1966.0,Graduation,Single,63810.0,0.0,1.0,2012-11-11,45.0,977.0,12.0,253.0,16.0,12.0,101.0,4.0,4.0,3.0,12.0,8.0,0.0,0.0,0.0,0.0,0.0,0.0,3.0,11.0,0.0,48.0,2012,11,11
1519.0,1972.0,Phd,Single,38578.0,1.0,1.0,2013-06-22,2.0,38.0,4.0,22.0,3.0,3.0,3.0,3.0,3.0,0.0,3.0,8.0,0.0,0.0,0.0,0.0,0.0,0.0,3.0,11.0,0.0,42.0,2013,6,22
10703.0,1975.0,Master,Single,46098.0,1.0,1.0,2012-08-18,86.0,57.0,0.0,27.0,0.0,0.0,36.0,4.0,3.0,2.0,2.0,8.0,0.0,0.0,0.0,0.0,0.0,0.0,3.0,11.0,0.0,39.0,2012,8,18
1726.0,1970.0,Graduation,Single,22585.0,0.0,0.0,2013-03-18,23.0,3.0,9.0,15.0,13.0,2.0,39.0,1.0,1.0,1.0,2.0,9.0,0.0,0.0,0.0,0.0,0.0,0.0,3.0,11.0,0.0,44.0,2013,3,18
4459.0,1989.0,Graduation,Single,30279.0,1.0,0.0,2012-12-30,13.0,10.0,4.0,14.0,4.0,4.0,1.0,1.0,1.0,0.0,3.0,8.0,0.0,0.0,0.0,0.0,0.0,0.0,3.0,11.0,0.0,25.0,2012,12,30
1729.0,1961.0,Phd,Married,66426.0,0.0,1.0,2013-10-02,14.0,1043.0,24.0,97.0,32.0,24.0,126.5,2.0,3.0,5.0,10.0,6.0,0.0,0.0,0.0,0.0,0.0,0.0,3.0,11.0,0.0,53.0,2013,10,2
1517.0,1969.0,Graduation,Single,30822.0,1.0,0.0,2013-06-14,92.0,3.0,9.0,13.0,2.0,12.0,12.0,1.0,1.0,0.0,3.0,7.0,0.0,0.0,0.0,0.0,0.0,0.0,3.0,11.0,0.0,45.0,2013,6,14
2098.0,1969.0,Phd,Married,33581.0,2.0,0.0,2013-01-08,38.0,11.0,0.0,5.0,0.0,0.0,1.0,1.0,1.0,0.0,2.0,8.0,0.0,0.0,0.0,0.0,0.0,0.0,3.0,11.0,0.0,45.0,2013,1,8
9543.0,1985.0,Graduation,Married,19986.0,1.0,0.0,2013-11-14,74.0,3.0,6.0,5.0,0.0,2.0,6.0,1.0,0.0,0.0,3.0,7.0,0.0,0.0,0.0,0.0,0.0,0.0,3.0,11.0,0.0,29.0,2013,11,14
6878.0,1954.0,Graduation,Widow,27421.0,0.0,0.0,2012-12-12,14.0,43.0,12.0,96.0,78.0,40.0,55.0,3.0,4.0,1.0,6.0,7.0,0.0,0.0,0.0,0.0,0.0,0.0,3.0,11.0,0.0,60.0,2012,12,12
3310.0,1973.0,2N Cycle,Married,35688.0,2.0,1.0,2012-08-22,94.0,73.0,3.0,90.0,12.0,1.0,32.0,6.0,4.0,1.0,4.0,8.0,0.0,0.0,0.0,0.0,0.0,0.0,3.0,11.0,0.0,41.0,2012,8,22
2724.0,1981.0,Master,Single,36143.0,1.0,0.0,2014-03-30,33.0,12.0,0.0,1.0,0.0,0.0,6.0,1.0,0.0,1.0,2.0,3.0,0.0,0.0,0.0,0.0,0.0,0.0,3.0,11.0,0.0,33.0,2014,3,30
948.0,1971.0,Graduation,Single,10245.0,1.0,0.0,2013-05-15,32.0,4.0,7.0,7.0,6.0,4.0,13.0,3.0,1.0,2.0,2.0,5.0,0.0,0.0,0.0,0.0,0.0,0.0,3.0,11.0,0.0,43.0,2013,5,15
6720.0,1968.0,Master,Married,43795.0,0.0,1.0,2013-10-16,11.0,314.0,11.0,53.0,4.0,3.0,107.0,3.0,7.0,3.0,4.0,7.0,0.0,0.0,0.0,0.0,0.0,0.0,3.0,11.0,0.0,46.0,2013,10,16
6202.0,1960.0,Graduation,Married,63381.0,0.0,1.0,2012-10-05,78.0,571.0,50.0,142.0,33.0,50.0,126.5,4.0,4.0,5.0,13.0,2.0,0.0,0.0,0.0,0.0,0.0,0.0,3.0,11.0,0.0,54.0,2012,10,5
2066.0,1949.0,Graduation,Married,38823.0,0.0,1.0,2012-08-30,56.0,70.0,0.0,11.0,2.0,8.0,23.0,1.0,2.0,1.0,3.0,6.0,0.0,0.0,0.0,0.0,0.0,0.0,3.0,11.0,0.0,65.0,2012,8,30
9799.0,1968.0,Phd,Divorced,83664.0,1.0,1.0,2013-05-08,57.0,866.0,21.0,151.0,28.0,21.0,86.0,3.0,2.0,2.0,12.0,5.0,0.0,0.0,0.0,0.0,0.0,0.0,3.0,11.0,0.0,46.0,2013,5,8
8318.0,1979.0,Graduation,Married,90300.0,0.0,0.0,2014-01-03,7.0,594.0,81.0,556.0,33.0,81.0,57.0,0.0,5.0,6.0,8.0,1.0,0.0,0.0,0.0,0.0,0.0,0.0,3.0,11.0,0.0,35.0,2014,1,3
5642.0,1979.0,Master,Married,62499.0,1.0,0.0,2013-12-09,0.0,140.0,4.0,61.0,0.0,13.0,4.0,2.0,3.0,1.0,6.0,4.0,0.0,0.0,0.0,0.0,0.0,0.0,3.0,11.0,0.0,35.0,2013,12,9
2669.0,1993.0,Graduation,Single,74293.0,0.0,0.0,2014-05-04,66.0,375.0,81.0,335.0,93.0,81.0,81.0,1.0,5.0,4.0,6.0,2.0,0.0,0.0,0.0,0.0,0.0,0.0,3.0,11.0,0.0,21.0,2014,5,4
455.0,1946.0,Phd,Married,51012.0,0.0,0.0,2013-04-18,86.0,102.0,9.0,63.0,2.0,9.0,24.0,1.0,4.0,1.0,4.0,6.0,0.0,0.0,0.0,0.0,0.0,0.0,3.0,11.0,0.0,68.0,2013,4,18
7683.0,1968.0,Master,Married,70777.0,0.0,1.0,2014-02-25,80.0,554.0,35.0,113.0,0.0,7.0,78.0,3.0,5.0,3.0,12.0,3.0,0.0,0.0,0.0,0.0,0.0,0.0,3.0,11.0,0.0,46.0,2014,2,25
3428.0,1991.0,Phd,Married,68682.0,0.0,0.0,2013-10-06,56.0,919.0,0.0,505.0,99.0,30.0,45.0,1.0,4.0,9.0,10.0,2.0,0.0,0.0,0.0,0.0,0.0,0.0,3.0,11.0,0.0,23.0,2013,10,6
7414.0,1971.0,Graduation,Married,43824.0,1.0,1.0,2012-09-15,18.0,96.0,1.0,42.0,12.0,3.0,32.0,4.0,3.0,1.0,4.0,8.0,0.0,0.0,0.0,0.0,0.0,0.0,3.0,11.0,0.0,43.0,2012,9,15
6354.0,1984.0,Graduation,Married,15345.0,1.0,0.0,2012-08-31,51.0,5.0,2.0,16.0,3.0,2.0,19.0,2.0,1.0,1.0,2.0,8.0,0.0,0.0,0.0,0.0,0.0,0.0,3.0,11.0,0.0,30.0,2012,8,31
798.0,1987.0,Graduation,Single,23442.0,1.0,0.0,2012-12-24,71.0,2.0,0.0,6.0,8.0,6.0,5.0,1.0,1.0,0.0,3.0,7.0,0.0,0.0,0.0,0.0,0.0,0.0,3.0,11.0,0.0,27.0,2012,12,24
8213.0,1980.0,2N Cycle,Married,14515.0,1.0,0.0,2012-11-09,71.0,6.0,4.0,9.0,6.0,36.0,35.0,4.0,2.0,2.0,3.0,7.0,0.0,0.0,0.0,0.0,0.0,0.0,3.0,11.0,0.0,34.0,2012,11,9
2488.0,1956.0,2N Cycle,Divorced,31395.0,1.0,1.0,2013-03-23,80.0,23.0,1.0,25.0,0.0,8.0,7.0,4.0,2.0,1.0,3.0,6.0,0.0,0.0,0.0,0.0,0.0,0.0,3.0,11.0,0.0,58.0,2013,3,23
9999.0,1965.0,Graduation,Married,75276.0,0.0,0.0,2012-09-27,2.0,610.0,81.0,125.0,120.5,42.0,21.0,1.0,9.0,4.0,9.0,5.0,0.0,0.0,0.0,0.0,0.0,0.0,3.0,11.0,0.0,49.0,2012,9,27
7617.0,1974.0,Graduation,Single,42373.0,1.0,1.0,2013-08-15,83.0,67.0,5.0,61.0,3.0,8.0,19.0,5.0,2.0,1.0,5.0,5.0,0.0,0.0,0.0,0.0,0.0,0.0,3.0,11.0,0.0,40.0,2013,8,15
615.0,1960.0,Graduation,Married,30507.0,0.0,0.0,2013-03-11,29.0,65.0,36.0,74.0,38.0,20.0,110.0,1.0,5.0,1.0,4.0,7.0,0.0,0.0,0.0,0.0,0.0,0.0,3.0,11.0,0.0,54.0,2013,3,11
2552.0,1955.0,Phd,Single,55521.0,1.0,2.0,2013-10-22,11.0,416.0,0.0,26.0,0.0,0.0,4.0,6.0,6.0,3.0,6.0,7.0,0.0,0.0,0.0,0.0,0.0,0.0,3.0,11.0,0.0,59.0,2013,10,22
194.0,1965.0,Graduation,Married,48006.0,1.0,1.0,2014-06-09,55.0,23.0,0.0,11.0,3.0,2.0,2.0,1.0,1.0,0.0,3.0,6.0,0.0,0.0,0.0,0.0,0.0,0.0,3.0,11.0,0.0,49.0,2014,6,9
3645.0,1972.0,Phd,Single,27213.0,1.0,0.0,2012-08-30,19.0,19.0,3.0,26.0,10.0,9.0,3.0,3.0,2.0,0.0,4.0,8.0,0.0,0.0,0.0,0.0,0.0,0.0,3.0,11.0,0.0,42.0,2012,8,30
8890.0,1971.0,Phd,Divorced,65808.0,1.0,1.0,2014-05-30,1.0,155.0,7.0,80.0,13.0,7.0,10.0,3.0,5.0,1.0,5.0,6.0,0.0,0.0,0.0,0.0,0.0,0.0,3.0,11.0,0.0,43.0,2014,5,30
5049.0,1974.0,Phd,Married,30351.0,1.0,0.0,2013-06-06,19.0,14.0,0.0,24.0,3.0,3.0,2.0,1.0,3.0,0.0,2.0,9.0,0.0,0.0,0.0,0.0,0.0,0.0,3.0,11.0,0.0,40.0,2013,6,6
9973.0,1963.0,Graduation,Married,50437.0,0.0,2.0,2012-10-17,28.0,370.0,9.0,92.0,6.0,9.0,4.0,3.0,7.0,1.0,8.0,7.0,0.0,0.0,0.0,0.0,0.0,0.0,3.0,11.0,0.0,51.0,2012,10,17
7301.0,1982.0,2N Cycle,Single,23616.0,1.0,0.0,2012-11-17,76.0,4.0,22.0,11.0,3.0,7.0,32.0,2.0,3.0,0.0,3.0,8.0,0.0,0.0,0.0,0.0,0.0,0.0,3.0,11.0,0.0,32.0,2012,11,17
10882.0,1976.0,Graduation,Married,53858.0,0.0,1.0,2012-11-09,50.0,407.0,53.0,221.0,58.0,81.0,26.0,4.0,4.0,3.0,6.0,4.0,0.0,0.0,0.0,0.0,0.0,0.0,3.0,11.0,0.0,38.0,2012,11,9
7030.0,1955.0,Phd,Married,66465.0,0.0,1.0,2013-03-30,1.0,1200.0,0.0,204.0,38.0,29.0,14.0,3.0,11.0,9.0,12.0,6.0,0.0,0.0,0.0,0.0,0.0,0.0,3.0,11.0,0.0,59.0,2013,3,30
7422.0,1987.0,Graduation,Single,46923.0,1.0,0.0,2012-08-22,90.0,85.0,44.0,54.0,102.0,78.0,6.0,3.0,5.0,1.0,7.0,7.0,0.0,0.0,0.0,0.0,0.0,0.0,3.0,11.0,0.0,27.0,2012,8,22
3523.0,1962.0,Graduation,Married,75072.0,0.0,1.0,2013-01-23,83.0,583.0,34.0,309.0,0.0,22.0,125.0,2.0,5.0,4.0,8.0,3.0,0.0,0.0,0.0,0.0,0.0,0.0,3.0,11.0,0.0,52.0,2013,1,23
7106.0,1943.0,Phd,Married,75865.0,0.0,0.0,2014-03-31,73.0,483.0,0.0,556.0,120.5,0.0,12.0,1.0,3.0,5.0,10.0,1.0,0.0,0.0,0.0,0.0,0.0,0.0,3.0,11.0,0.0,71.0,2014,3,31
6504.0,1975.0,2N Cycle,Married,19789.0,1.0,0.0,2013-11-20,24.0,2.0,5.0,9.0,28.0,6.0,28.0,3.0,2.0,1.0,3.0,5.0,0.0,0.0,0.0,0.0,0.0,0.0,3.0,11.0,0.0,39.0,2013,11,20
5067.0,1994.0,Graduation,Married,80134.0,0.0,0.0,2014-02-14,11.0,966.0,26.0,282.0,52.0,26.0,26.0,1.0,2.0,7.0,11.0,5.0,0.0,0.0,0.0,0.0,0.0,0.0,3.0,11.0,0.0,20.0,2014,2,14
4216.0,1981.0,Graduation,Single,91065.0,0.0,0.0,2013-02-22,33.0,822.0,81.0,108.0,120.5,81.0,114.0,1.0,7.0,9.0,9.0,3.0,0.0,0.0,0.0,0.0,0.0,0.0,3.0,11.0,0.0,33.0,2013,2,22
8581.0,1971.0,Master,Married,49505.0,1.0,1.0,2013-03-05,4.0,604.0,0.0,100.0,19.0,0.0,28.0,6.0,10.0,2.0,8.0,8.0,0.0,0.0,0.0,0.0,0.0,0.0,3.0,11.0,0.0,43.0,2013,3,5
5929.0,1973.0,Phd,Married,37401.0,1.0,0.0,2014-05-06,14.0,19.0,3.0,19.0,3.0,1.0,3.0,2.0,2.0,0.0,3.0,7.0,0.0,0.0,0.0,0.0,0.0,0.0,3.0,11.0,0.0,41.0,2014,5,6
3129.0,1983.0,Graduation,Married,30096.0,1.0,0.0,2014-05-22,30.0,5.0,3.0,11.0,12.0,5.0,9.0,1.0,2.0,0.0,3.0,6.0,0.0,0.0,0.0,0.0,0.0,0.0,3.0,11.0,0.0,31.0,2014,5,22
6528.0,1982.0,Master,Married,18492.0,1.0,0.0,2014-06-05,75.0,2.0,2.0,2.0,2.0,1.0,1.0,1.0,1.0,0.0,2.0,8.0,0.0,0.0,0.0,0.0,0.0,0.0,3.0,11.0,0.0,32.0,2014,6,5
1361.0,1974.0,Master,Married,82584.0,0.0,0.0,2013-06-04,26.0,1076.0,68.0,103.0,29.0,81.0,68.0,1.0,3.0,4.0,8.0,1.0,0.0,0.0,0.0,0.0,0.0,0.0,3.0,11.0,0.0,40.0,2013,6,4
6932.0,1941.0,Phd,Married,93027.0,0.0,0.0,2013-04-13,77.0,1225.0,42.0,556.0,55.0,0.0,21.0,0.0,7.0,10.0,5.0,2.0,0.0,0.0,0.0,0.0,0.0,0.0,3.0,11.0,0.0,73.0,2013,4,13
7284.0,1953.0,Graduation,Married,48686.0,1.0,2.0,2013-12-04,8.0,10.0,0.0,7.0,2.0,0.0,1.0,1.0,1.0,0.0,2.0,8.0,0.0,0.0,0.0,0.0,0.0,0.0,3.0,11.0,0.0,61.0,2013,12,4
1340.0,1986.0,Graduation,Married,92910.0,0.0,0.0,2014-04-24,42.0,551.0,81.0,556.0,120.5,81.0,33.0,1.0,6.0,7.0,13.0,1.0,0.0,0.0,0.0,0.0,0.0,0.0,3.0,11.0,0.0,28.0,2014,4,24
8746.0,1989.0,Graduation,Married,75433.0,1.0,0.0,2014-04-05,28.0,800.0,0.0,297.0,0.0,34.0,57.0,2.0,2.0,5.0,10.0,6.0,0.0,0.0,0.0,0.0,0.0,0.0,3.0,11.0,0.0,25.0,2014,4,5
5987.0,1989.0,2N Cycle,Married,10404.0,1.0,0.0,2014-05-04,52.0,2.0,2.0,11.0,10.0,6.0,12.0,2.0,1.0,0.0,4.0,5.0,0.0,0.0,0.0,0.0,0.0,0.0,3.0,11.0,0.0,25.0,2014,5,4
3767.0,1968.0,Graduation,Married,61314.0,0.0,1.0,2013-04-25,1.0,378.0,0.0,189.0,97.0,81.0,126.5,2.0,5.0,5.0,12.0,3.0,0.0,0.0,0.0,0.0,0.0,0.0,3.0,11.0,0.0,46.0,2013,4,25
3725.0,1961.0,Phd,Single,84865.0,0.0,0.0,2013-05-09,1.0,1225.0,16.0,349.0,43.0,16.0,16.0,1.0,2.0,4.0,9.0,4.0,0.0,0.0,0.0,0.0,0.0,0.0,3.0,11.0,0.0,53.0,2013,5,9
4324.0,1989.0,Graduation,Married,42387.0,1.0,0.0,2012-10-29,42.0,235.0,0.0,235.0,19.0,4.0,126.5,5.0,8.0,1.0,7.0,8.0,0.0,0.0,0.0,0.0,0.0,0.0,3.0,11.0,0.0,25.0,2012,10,29
238.0,1967.0,2N Cycle,Married,67309.0,1.0,1.0,2013-01-23,76.0,515.0,47.0,181.0,120.5,81.0,95.0,6.0,9.0,6.0,9.0,7.0,0.0,0.0,0.0,0.0,0.0,0.0,3.0,11.0,0.0,47.0,2013,1,23
6694.0,1964.0,Graduation,Married,75236.0,0.0,1.0,2013-11-25,27.0,438.0,66.0,400.0,12.0,38.0,114.0,1.0,8.0,3.0,13.0,4.0,0.0,0.0,0.0,0.0,0.0,0.0,3.0,11.0,0.0,50.0,2013,11,25
498.0,1970.0,Graduation,Single,30015.0,1.0,0.0,2014-02-02,28.0,25.0,0.0,22.0,2.0,3.0,5.0,2.0,1.0,0.0,4.0,5.0,0.0,0.0,0.0,0.0,0.0,0.0,3.0,11.0,0.0,44.0,2014,2,2
9347.0,1956.0,Master,Married,50943.0,0.0,1.0,2013-06-21,49.0,31.0,0.0,7.0,2.0,0.0,6.0,1.0,1.0,0.0,3.0,5.0,0.0,0.0,0.0,0.0,0.0,0.0,3.0,11.0,0.0,58.0,2013,6,21
9699.0,1966.0,Graduation,Divorced,67272.0,0.0,1.0,2013-12-21,12.0,357.0,35.0,271.0,28.0,28.0,14.0,3.0,6.0,2.0,12.0,5.0,0.0,0.0,0.0,0.0,0.0,0.0,3.0,11.0,0.0,48.0,2013,12,21
10664.0,1949.0,Master,Widow,51529.0,0.0,1.0,2013-09-07,14.0,400.0,4.0,35.0,6.0,0.0,22.0,2.0,9.0,1.0,5.0,8.0,0.0,0.0,0.0,0.0,0.0,0.0,3.0,11.0,0.0,65.0,2013,9,7
5455.0,1971.0,Phd,Married,32011.0,1.0,0.0,2013-08-22,89.0,99.0,0.0,15.0,2.0,1.0,5.0,3.0,2.0,1.0,4.0,7.0,0.0,0.0,0.0,0.0,0.0,0.0,3.0,11.0,0.0,43.0,2013,8,22
456.0,1986.0,2N Cycle,Married,7500.0,1.0,0.0,2013-02-07,96.0,1.0,11.0,5.0,4.0,6.0,9.0,2.0,2.0,0.0,3.0,8.0,0.0,0.0,0.0,0.0,0.0,0.0,3.0,11.0,0.0,28.0,2013,2,7
5012.0,1989.0,Graduation,Married,28691.0,1.0,0.0,2013-07-04,56.0,5.0,4.0,13.0,8.0,0.0,4.0,1.0,1.0,0.0,3.0,8.0,0.0,0.0,0.0,0.0,0.0,0.0,3.0,11.0,0.0,25.0,2013,7,4
7495.0,1948.0,Phd,Married,56223.0,0.0,1.0,2013-12-20,72.0,77.0,28.0,31.0,16.0,0.0,4.0,2.0,2.0,1.0,5.0,4.0,0.0,0.0,0.0,0.0,0.0,0.0,3.0,11.0,0.0,66.0,2013,12,20
5029.0,1946.0,Graduation,Married,18100.0,0.0,0.0,2013-08-06,14.0,3.0,1.0,2.0,4.0,3.0,1.0,1.0,0.0,0.0,3.0,5.0,0.0,0.0,0.0,0.0,0.0,0.0,3.0,11.0,0.0,68.0,2013,8,6
10642.0,1989.0,Graduation,Single,30279.0,1.0,0.0,2012-12-30,13.0,10.0,4.0,14.0,4.0,4.0,1.0,1.0,1.0,0.0,3.0,8.0,0.0,0.0,0.0,0.0,0.0,0.0,3.0,11.0,0.0,25.0,2012,12,30
2106.0,1974.0,2N Cycle,Married,20130.0,0.0,0.0,2014-03-17,99.0,0.0,6.0,3.0,7.0,6.0,12.0,1.0,1.0,0.0,3.0,8.0,0.0,0.0,0.0,0.0,0.0,0.0,3.0,11.0,0.0,40.0,2014,3,17
10364.0,1959.0,Graduation,Divorced,23295.0,0.0,0.0,2013-07-13,72.0,0.0,0.0,1.0,2.0,12.0,5.0,1.0,1.0,0.0,2.0,8.0,0.0,0.0,0.0,0.0,0.0,0.0,3.0,11.0,0.0,55.0,2013,7,13
5954.0,1972.0,Master,Divorced,42618.0,1.0,0.0,2013-10-09,92.0,76.0,14.0,74.0,13.0,5.0,10.0,2.0,5.0,0.0,4.0,8.0,0.0,0.0,0.0,0.0,0.0,0.0,3.0,11.0,0.0,42.0,2013,10,9
1137.0,1964.0,Graduation,Single,81246.0,0.0,0.0,2013-12-29,87.0,398.0,81.0,537.0,61.0,81.0,37.0,1.0,4.0,5.0,7.0,1.0,0.0,0.0,0.0,0.0,0.0,0.0,3.0,11.0,0.0,50.0,2013,12,29
2541.0,1976.0,Graduation,Married,24027.0,1.0,0.0,2013-06-09,7.0,14.0,7.0,11.0,11.0,0.0,5.0,2.0,2.0,0.0,3.0,8.0,0.0,0.0,0.0,0.0,0.0,0.0,3.0,11.0,0.0,38.0,2013,6,9
1142.0,1953.0,Phd,Married,55707.0,0.0,1.0,2013-12-22,91.0,208.0,7.0,82.0,30.0,66.0,35.0,2.0,3.0,2.0,9.0,3.0,0.0,0.0,0.0,0.0,0.0,0.0,3.0,11.0,0.0,61.0,2013,12,22
2276.0,1955.0,Graduation,Single,57959.0,0.0,1.0,2013-05-02,71.0,430.0,16.0,322.0,43.0,24.0,33.0,5.0,4.0,7.0,11.0,3.0,0.0,0.0,0.0,0.0,0.0,0.0,3.0,11.0,0.0,59.0,2013,5,2
2807.0,1969.0,Graduation,Married,56796.0,0.0,1.0,2013-02-16,24.0,656.0,38.0,161.0,62.0,47.0,37.0,3.0,8.0,9.0,7.0,7.0,0.0,0.0,0.0,0.0,0.0,0.0,3.0,11.0,0.0,45.0,2013,2,16
6471.0,1971.0,Master,Single,36230.0,1.0,0.0,2013-10-17,17.0,14.0,2.0,30.0,8.0,2.0,3.0,1.0,2.0,0.0,4.0,5.0,0.0,0.0,0.0,0.0,0.0,0.0,3.0,11.0,0.0,43.0,2013,10,17
6131.0,1980.0,2N Cycle,Married,70829.0,1.0,1.0,2013-12-01,87.0,141.0,70.0,106.0,72.0,19.0,23.0,2.0,4.0,2.0,8.0,3.0,0.0,0.0,0.0,0.0,0.0,0.0,3.0,11.0,0.0,34.0,2013,12,1
6233.0,1976.0,Graduation,Married,65991.0,0.0,1.0,2012-09-07,21.0,507.0,19.0,364.0,25.0,47.0,9.0,3.0,9.0,5.0,10.0,7.0,0.0,0.0,0.0,0.0,0.0,0.0,3.0,11.0,0.0,38.0,2012,9,7
4148.0,1972.0,Graduation,Married,38988.0,1.0,2.0,2012-08-20,90.0,164.0,24.0,103.0,12.0,3.0,42.0,6.0,5.0,1.0,6.0,8.0,0.0,0.0,0.0,0.0,0.0,0.0,3.0,11.0,0.0,42.0,2012,8,20
4947.0,1966.0,2N Cycle,Single,89572.0,0.0,0.0,2012-09-15,44.0,606.0,24.0,556.0,120.5,81.0,64.0,1.0,7.0,7.0,9.0,4.0,0.0,0.0,0.0,0.0,0.0,0.0,3.0,11.0,0.0,48.0,2012,9,15
3225.0,1984.0,Master,Married,42207.0,1.0,0.0,2013-04-01,71.0,116.0,11.0,72.0,3.0,17.0,46.0,4.0,4.0,1.0,5.0,6.0,0.0,0.0,0.0,0.0,0.0,0.0,3.0,11.0,0.0,30.0,2013,4,1
7540.0,1952.0,Graduation,Married,50300.0,0.0,1.0,2014-05-25,52.0,143.0,15.0,60.0,24.0,23.0,5.0,2.0,2.0,1.0,8.0,2.0,0.0,0.0,0.0,0.0,0.0,0.0,3.0,11.0,0.0,62.0,2014,5,25
10648.0,1982.0,2N Cycle,Married,66664.0,0.0,0.0,2012-09-25,78.0,398.0,81.0,447.0,120.5,81.0,32.0,1.0,5.0,7.0,6.0,3.0,0.0,0.0,0.0,0.0,0.0,0.0,3.0,11.0,0.0,32.0,2012,9,25
1992.0,1964.0,Graduation,Married,60597.0,0.0,1.0,2014-01-01,2.0,522.0,0.0,257.0,32.0,16.0,66.0,4.0,2.0,2.0,8.0,7.0,0.0,0.0,0.0,0.0,0.0,0.0,3.0,11.0,0.0,50.0,2014,1,1
7851.0,1949.0,Graduation,Widow,70165.0,0.0,0.0,2013-09-22,60.0,161.0,0.0,253.0,120.5,81.0,122.0,1.0,3.0,7.0,11.0,1.0,0.0,0.0,0.0,0.0,0.0,0.0,3.0,11.0,0.0,65.0,2013,9,22
8594.0,1958.0,Phd,Widow,50520.0,0.0,1.0,2014-01-28,25.0,112.0,0.0,6.0,2.0,1.0,14.0,2.0,3.0,1.0,3.0,6.0,0.0,0.0,0.0,0.0,0.0,0.0,3.0,11.0,0.0,56.0,2014,1,28
7059.0,1963.0,Graduation,Married,80124.0,0.0,0.0,2014-06-26,47.0,483.0,81.0,398.0,120.5,81.0,126.5,1.0,3.0,7.0,8.0,1.0,0.0,0.0,0.0,0.0,0.0,0.0,3.0,11.0,0.0,51.0,2014,6,26
2815.0,1975.0,Graduation,Married,33183.0,1.0,0.0,2014-02-24,46.0,7.0,5.0,39.0,17.0,15.0,37.0,2.0,4.0,0.0,3.0,7.0,0.0,0.0,0.0,0.0,0.0,0.0,3.0,11.0,0.0,39.0,2014,2,24
2416.0,1969.0,Phd,Single,66582.0,0.0,0.0,2014-03-03,83.0,789.0,25.0,420.0,16.0,38.0,0.0,1.0,2.0,8.0,9.0,1.0,0.0,0.0,0.0,0.0,0.0,0.0,3.0,11.0,0.0,45.0,2014,3,3
7999.0,1955.0,Phd,Married,75261.0,0.0,0.0,2013-04-23,17.0,1225.0,17.0,413.0,23.0,34.0,17.0,1.0,5.0,6.0,5.0,2.0,0.0,0.0,0.0,0.0,0.0,0.0,3.0,11.0,0.0,59.0,2013,4,23
9213.0,1970.0,Graduation,Widow,31880.0,1.0,0.0,2012-10-31,13.0,4.0,1.0,5.0,2.0,0.0,3.0,1.0,1.0,0.0,2.0,8.0,0.0,0.0,0.0,0.0,0.0,0.0,3.0,11.0,0.0,44.0,2012,10,31
9697.0,1951.0,Graduation,Married,53790.0,0.0,2.0,2014-03-06,86.0,335.0,42.0,127.0,28.0,5.0,5.0,3.0,7.0,2.0,8.0,6.0,0.0,0.0,0.0,0.0,0.0,0.0,3.0,11.0,0.0,63.0,2014,3,6
3916.0,1971.0,Phd,Married,49269.0,1.0,0.0,2012-08-15,92.0,639.0,8.0,166.0,11.0,8.0,58.0,3.0,7.0,3.0,12.0,7.0,0.0,0.0,0.0,0.0,0.0,0.0,3.0,11.0,0.0,43.0,2012,8,15
2021.0,1975.0,Graduation,Married,61456.0,0.0,1.0,2013-03-27,47.0,563.0,76.0,384.0,84.0,81.0,89.0,4.0,6.0,10.0,13.0,4.0,0.0,0.0,0.0,0.0,0.0,0.0,3.0,11.0,0.0,39.0,2013,3,27
1581.0,1980.0,Graduation,Married,37406.0,1.0,0.0,2013-10-10,18.0,2.0,0.0,8.0,2.0,2.0,3.0,1.0,1.0,0.0,2.0,8.0,0.0,0.0,0.0,0.0,0.0,0.0,3.0,11.0,0.0,34.0,2013,10,10
564.0,1981.0,Phd,Married,56937.0,1.0,0.0,2012-08-04,81.0,746.0,8.0,125.0,11.0,8.0,8.0,6.0,8.0,6.0,9.0,6.0,0.0,0.0,0.0,0.0,0.0,0.0,3.0,11.0,0.0,33.0,2012,8,4
6619.0,1978.0,Graduation,Married,38415.0,1.0,1.0,2013-01-02,91.0,22.0,1.0,13.0,4.0,0.0,4.0,2.0,1.0,0.0,3.0,7.0,0.0,0.0,0.0,0.0,0.0,0.0,3.0,11.0,0.0,36.0,2013,1,2
9081.0,1988.0,Graduation,Single,20518.0,1.0,0.0,2014-05-18,58.0,4.0,1.0,6.0,4.0,1.0,9.0,1.0,1.0,1.0,2.0,5.0,0.0,0.0,0.0,0.0,0.0,0.0,3.0,11.0,0.0,26.0,2014,5,18
178.0,1956.0,Graduation,Married,62503.0,0.0,1.0,2013-02-18,40.0,478.0,0.0,193.0,110.0,75.0,117.0,4.0,8.0,3.0,11.0,5.0,0.0,0.0,0.0,0.0,0.0,0.0,3.0,11.0,0.0,58.0,2013,2,18
916.0,1972.0,Phd,Single,41644.0,1.0,1.0,2014-05-09,67.0,20.0,3.0,4.0,2.0,0.0,2.0,2.0,1.0,0.0,3.0,3.0,0.0,0.0,0.0,0.0,0.0,0.0,3.0,11.0,0.0,42.0,2014,5,9
5512.0,1977.0,Master,Married,55842.0,0.0,1.0,2014-05-23,19.0,451.0,0.0,39.0,0.0,4.0,24.0,1.0,7.0,1.0,8.0,5.0,0.0,0.0,0.0,0.0,0.0,0.0,3.0,11.0,0.0,37.0,2014,5,23
8970.0,1972.0,Phd,Married,62010.0,0.0,1.0,2012-10-23,93.0,371.0,22.0,39.0,6.0,0.0,92.0,4.0,6.0,2.0,7.0,5.0,0.0,0.0,0.0,0.0,0.0,0.0,3.0,11.0,0.0,42.0,2012,10,23
10581.0,1977.0,Graduation,Married,41124.0,1.0,0.0,2012-10-31,41.0,281.0,7.0,84.0,15.0,0.0,119.0,6.0,7.0,3.0,4.0,8.0,0.0,0.0,0.0,0.0,0.0,0.0,3.0,11.0,0.0,37.0,2012,10,31
5300.0,1973.0,Master,Married,38961.0,1.0,0.0,2013-12-30,60.0,19.0,7.0,19.0,0.0,1.0,24.0,1.0,2.0,1.0,2.0,7.0,0.0,0.0,0.0,0.0,0.0,0.0,3.0,11.0,0.0,41.0,2013,12,30
5154.0,1972.0,Master,Divorced,37760.0,1.0,0.0,2013-08-11,54.0,26.0,3.0,13.0,2.0,10.0,0.0,1.0,2.0,0.0,3.0,6.0,0.0,0.0,0.0,0.0,0.0,0.0,3.0,11.0,0.0,42.0,2013,8,11
8346.0,1974.0,Graduation,Single,32233.0,1.0,0.0,2012-08-19,26.0,138.0,15.0,35.0,25.0,11.0,72.0,2.0,6.0,2.0,2.0,9.0,0.0,0.0,0.0,0.0,0.0,0.0,3.0,11.0,0.0,40.0,2012,8,19
1676.0,1975.0,Graduation,Married,43057.0,0.0,1.0,2013-10-30,30.0,213.0,2.0,44.0,0.0,2.0,5.0,4.0,4.0,2.0,5.0,5.0,0.0,0.0,0.0,0.0,0.0,0.0,3.0,11.0,0.0,39.0,2013,10,30
9286.0,1960.0,Master,Married,83151.0,0.0,0.0,2012-10-10,93.0,407.0,28.0,100.0,120.0,74.0,18.0,1.0,5.0,9.0,4.0,3.0,0.0,0.0,0.0,0.0,0.0,0.0,3.0,11.0,0.0,54.0,2012,10,10
2426.0,1964.0,Phd,Divorced,78825.0,0.0,0.0,2012-09-14,35.0,483.0,74.0,114.0,120.5,37.0,18.0,1.0,5.0,10.0,13.0,3.0,0.0,0.0,0.0,0.0,0.0,0.0,3.0,11.0,0.0,50.0,2012,9,14
5172.0,1976.0,Master,Married,65104.0,0.0,1.0,2013-11-14,4.0,738.0,0.0,232.0,13.0,20.0,50.0,2.0,3.0,5.0,7.0,7.0,0.0,0.0,0.0,0.0,0.0,0.0,3.0,11.0,0.0,38.0,2013,11,14
5562.0,1974.0,Graduation,Married,60093.0,0.0,1.0,2013-06-26,92.0,502.0,12.0,109.0,16.0,6.0,90.0,2.0,7.0,2.0,10.0,6.0,0.0,0.0,0.0,0.0,0.0,0.0,3.0,11.0,0.0,40.0,2013,6,26
3436.0,1969.0,Graduation,Married,14045.0,1.0,0.0,2014-01-26,24.0,11.0,0.0,5.0,2.0,1.0,1.0,1.0,1.0,0.0,3.0,7.0,0.0,0.0,0.0,0.0,0.0,0.0,3.0,11.0,0.0,45.0,2014,1,26
3921.0,1952.0,2N Cycle,Widow,28457.0,0.0,0.0,2012-10-28,96.0,24.0,1.0,108.0,29.0,29.0,14.0,1.0,4.0,1.0,4.0,8.0,0.0,0.0,0.0,0.0,0.0,0.0,3.0,11.0,0.0,62.0,2012,10,28
3403.0,1958.0,Phd,Married,78952.0,0.0,1.0,2012-09-24,11.0,1170.0,19.0,556.0,99.0,76.0,126.5,2.0,2.0,5.0,12.0,6.0,0.0,0.0,0.0,0.0,0.0,0.0,3.0,11.0,0.0,56.0,2012,9,24
22.0,1976.0,Graduation,Divorced,46310.0,1.0,0.0,2012-12-03,99.0,185.0,2.0,88.0,15.0,5.0,14.0,2.0,6.0,1.0,5.0,8.0,0.0,0.0,0.0,0.0,0.0,0.0,3.0,11.0,0.0,38.0,2012,12,3
10965.0,1955.0,Graduation,Married,76005.0,0.0,0.0,2013-02-22,72.0,983.0,20.0,389.0,120.5,50.0,40.0,1.0,3.0,5.0,13.0,6.0,0.0,0.0,0.0,0.0,0.0,0.0,3.0,11.0,0.0,59.0,2013,2,22
9426.0,1964.0,Master,Single,58308.0,0.0,1.0,2013-01-12,77.0,691.0,0.0,69.0,10.0,0.0,126.5,4.0,2.0,6.0,3.0,8.0,0.0,0.0,0.0,0.0,0.0,0.0,3.0,11.0,0.0,50.0,2013,1,12
6605.0,1944.0,Phd,Divorced,55614.0,0.0,0.0,2013-11-27,85.0,504.0,13.0,131.0,8.0,0.0,26.0,1.0,9.0,4.0,6.0,7.0,0.0,0.0,0.0,0.0,0.0,0.0,3.0,11.0,0.0,70.0,2013,11,27
3136.0,1962.0,Master,Divorced,59432.0,0.0,1.0,2013-04-13,88.0,317.0,25.0,265.0,25.0,19.0,12.0,3.0,5.0,3.0,11.0,5.0,0.0,0.0,0.0,0.0,0.0,0.0,3.0,11.0,0.0,52.0,2013,4,13
8737.0,1978.0,Graduation,Divorced,55563.0,0.0,1.0,2014-04-05,22.0,29.0,1.0,9.0,2.0,0.0,2.0,1.0,2.0,0.0,3.0,3.0,0.0,0.0,0.0,0.0,0.0,0.0,3.0,11.0,0.0,36.0,2014,4,5
11088.0,1971.0,Phd,Married,78642.0,0.0,1.0,2013-04-21,83.0,1225.0,0.0,322.0,46.0,35.0,17.0,1.0,4.0,9.0,4.0,6.0,0.0,0.0,0.0,0.0,0.0,0.0,3.0,11.0,0.0,43.0,2013,4,21
716.0,1949.0,Phd,Married,67911.0,0.0,1.0,2014-05-22,63.0,529.0,0.0,356.0,63.0,28.0,0.0,3.0,6.0,7.0,11.0,3.0,0.0,0.0,0.0,0.0,0.0,0.0,3.0,11.0,0.0,65.0,2014,5,22
466.0,1944.0,Graduation,Married,65275.0,0.0,0.0,2013-04-03,9.0,388.0,14.0,218.0,91.0,14.0,21.0,1.0,4.0,3.0,13.0,2.0,0.0,0.0,0.0,0.0,0.0,0.0,3.0,11.0,0.0,70.0,2013,4,3
9135.0,1950.0,Graduation,Married,27203.0,1.0,1.0,2012-08-06,92.0,13.0,2.0,21.0,4.0,0.0,24.0,2.0,1.0,1.0,2.0,8.0,0.0,0.0,0.0,0.0,0.0,0.0,3.0,11.0,0.0,64.0,2012,8,6
10623.0,1961.0,Master,Married,48330.0,0.0,1.0,2013-11-15,2.0,28.0,0.0,4.0,0.0,0.0,0.0,1.0,1.0,0.0,3.0,5.0,0.0,0.0,0.0,0.0,0.0,0.0,3.0,11.0,0.0,53.0,2013,11,15
8151.0,1990.0,Basic,Married,24279.0,0.0,0.0,2012-12-29,6.0,16.0,36.0,21.0,20.0,62.0,108.0,1.0,4.0,1.0,3.0,8.0,0.0,0.0,0.0,0.0,0.0,0.0,3.0,11.0,0.0,24.0,2012,12,29
5140.0,1985.0,Phd,Married,64355.0,1.0,0.0,2012-08-24,66.0,1047.0,0.0,140.0,67.0,38.0,126.5,2.0,4.0,3.0,12.0,8.0,0.0,0.0,0.0,0.0,0.0,0.0,3.0,11.0,0.0,29.0,2012,8,24
10160.0,1956.0,Master,Married,50943.0,0.0,1.0,2013-06-21,49.0,31.0,0.0,7.0,2.0,0.0,6.0,1.0,1.0,0.0,3.0,5.0,0.0,0.0,0.0,0.0,0.0,0.0,3.0,11.0,0.0,58.0,2013,6,21
4945.0,1953.0,Graduation,Widow,53653.0,0.0,0.0,2012-11-07,29.0,815.0,10.0,239.0,28.0,10.0,108.0,2.0,10.0,4.0,12.0,6.0,0.0,0.0,0.0,0.0,0.0,0.0,3.0,11.0,0.0,61.0,2012,11,7
10584.0,1976.0,Graduation,Married,65665.0,0.0,1.0,2013-12-02,77.0,225.0,81.0,387.0,106.0,36.0,29.0,1.0,5.0,10.0,8.0,3.0,0.0,0.0,0.0,0.0,0.0,0.0,3.0,11.0,0.0,38.0,2013,12,2
6071.0,1989.0,Graduation,Single,81217.0,0.0,0.0,2013-07-19,77.0,493.0,70.0,324.0,120.5,40.0,84.0,1.0,3.0,7.0,11.0,1.0,0.0,0.0,0.0,0.0,0.0,0.0,3.0,11.0,0.0,25.0,2013,7,19
3386.0,1992.0,Graduation,Married,34935.0,0.0,0.0,2013-06-21,71.0,34.0,4.0,66.0,3.0,10.0,20.0,1.0,2.0,1.0,4.0,7.0,0.0,0.0,0.0,0.0,0.0,0.0,3.0,11.0,0.0,22.0,2013,6,21
8939.0,1959.0,Graduation,Divorced,61250.0,0.0,1.0,2012-12-16,49.0,382.0,81.0,65.0,60.0,26.0,59.0,6.0,5.0,2.0,12.0,5.0,0.0,0.0,0.0,0.0,0.0,0.0,3.0,11.0,0.0,55.0,2012,12,16
9925.0,1981.0,Phd,Married,39665.0,1.0,0.0,2013-05-25,97.0,127.0,1.0,56.0,0.0,1.0,31.0,3.0,4.0,2.0,3.0,7.0,0.0,0.0,0.0,0.0,0.0,0.0,3.0,11.0,0.0,33.0,2013,5,25
4320.0,1979.0,Graduation,Single,60152.0,0.0,1.0,2013-03-28,6.0,325.0,81.0,300.0,86.0,58.0,91.0,1.0,6.0,4.0,12.0,3.0,0.0,0.0,0.0,0.0,0.0,0.0,3.0,11.0,0.0,35.0,2013,3,28
5389.0,1964.0,Graduation,Married,48920.0,0.0,2.0,2013-10-20,93.0,238.0,17.0,68.0,8.0,10.0,6.0,3.0,6.0,2.0,5.0,7.0,0.0,0.0,0.0,0.0,0.0,0.0,3.0,11.0,0.0,50.0,2013,10,20
6036.0,1959.0,Master,Married,89120.0,0.0,0.0,2014-03-17,78.0,1168.0,81.0,408.0,72.0,81.0,55.0,1.0,5.0,6.0,7.0,1.0,0.0,0.0,0.0,0.0,0.0,0.0,3.0,11.0,0.0,55.0,2014,3,17
182.0,1946.0,Phd,Married,44124.0,0.0,1.0,2013-05-11,62.0,284.0,0.0,55.0,0.0,6.0,52.0,4.0,6.0,2.0,5.0,8.0,0.0,0.0,0.0,0.0,0.0,0.0,3.0,11.0,0.0,68.0,2013,5,11
203.0,1975.0,Master,Single,81169.0,0.0,0.0,2013-04-14,47.0,1225.0,20.0,556.0,80.0,61.0,27.0,1.0,5.0,7.0,9.0,2.0,0.0,0.0,0.0,0.0,0.0,0.0,3.0,11.0,0.0,39.0,2013,4,14
11025.0,1961.0,Graduation,Married,36443.0,1.0,1.0,2013-02-03,9.0,65.0,0.0,46.0,4.0,3.0,20.0,4.0,3.0,1.0,3.0,8.0,0.0,0.0,0.0,0.0,0.0,0.0,3.0,11.0,0.0,53.0,2013,2,3
10203.0,1990.0,Graduation,Single,26095.0,1.0,0.0,2013-06-30,77.0,11.0,7.0,9.0,3.0,1.0,11.0,1.0,1.0,0.0,3.0,7.0,0.0,0.0,0.0,0.0,0.0,0.0,3.0,11.0,0.0,24.0,2013,6,30
4607.0,1959.0,Graduation,Married,71367.0,0.0,0.0,2013-08-23,24.0,227.0,23.0,389.0,42.0,21.0,75.0,1.0,4.0,5.0,7.0,2.0,0.0,0.0,0.0,0.0,0.0,0.0,3.0,11.0,0.0,55.0,2013,8,23
3711.0,1944.0,Master,Married,80184.0,0.0,0.0,2014-03-01,19.0,1035.0,81.0,556.0,25.0,38.0,0.0,1.0,6.0,3.0,10.0,3.0,0.0,0.0,0.0,0.0,0.0,0.0,3.0,11.0,0.0,70.0,2014,3,1
3696.0,1965.0,Graduation,Divorced,30630.0,1.0,1.0,2014-01-27,67.0,27.0,1.0,12.0,2.0,0.0,10.0,2.0,2.0,0.0,3.0,7.0,0.0,0.0,0.0,0.0,0.0,0.0,3.0,11.0,0.0,49.0,2014,1,27
2532.0,1987.0,Master,Single,73454.0,0.0,0.0,2014-03-01,95.0,982.0,73.0,351.0,56.0,14.0,126.5,1.0,2.0,4.0,6.0,5.0,0.0,0.0,0.0,0.0,0.0,0.0,3.0,11.0,0.0,27.0,2014,3,1
9214.0,1991.0,Graduation,Married,42691.0,0.0,0.0,2013-08-16,48.0,179.0,2.0,64.0,38.0,17.0,58.0,1.0,5.0,1.0,6.0,5.0,0.0,0.0,0.0,0.0,0.0,0.0,3.0,11.0,0.0,23.0,2013,8,16
4943.0,1953.0,Graduation,Married,70503.0,0.0,0.0,2012-09-30,73.0,1225.0,33.0,216.0,0.0,33.0,66.0,1.0,2.0,4.0,9.0,6.0,0.0,0.0,0.0,0.0,0.0,0.0,3.0,11.0,0.0,61.0,2012,9,30
35.0,1987.0,Graduation,Married,25545.0,1.0,0.0,2012-09-08,35.0,32.0,1.0,64.0,16.0,12.0,85.0,3.0,2.0,2.0,3.0,6.0,0.0,0.0,0.0,0.0,0.0,0.0,3.0,11.0,0.0,27.0,2012,9,8
2258.0,1986.0,Graduation,Married,32880.0,1.0,0.0,2012-12-04,76.0,8.0,4.0,15.0,7.0,6.0,2.0,1.0,1.0,0.0,3.0,8.0,0.0,0.0,0.0,0.0,0.0,0.0,3.0,11.0,0.0,28.0,2012,12,4
4322.0,1958.0,Phd,Married,77863.0,0.0,0.0,2013-11-27,20.0,881.0,38.0,319.0,16.0,25.0,12.0,1.0,4.0,5.0,10.0,2.0,0.0,0.0,0.0,0.0,0.0,0.0,3.0,11.0,0.0,56.0,2013,11,27
713.0,1977.0,Master,Married,50353.0,0.0,0.0,2014-06-08,72.0,141.0,15.0,153.0,67.0,31.0,35.0,1.0,4.0,4.0,6.0,3.0,0.0,0.0,0.0,0.0,0.0,0.0,3.0,11.0,0.0,37.0,2014,6,8
4702.0,1964.0,Graduation,Single,61839.0,0.0,0.0,2012-08-12,20.0,1000.0,81.0,379.0,120.5,17.0,120.0,1.0,4.0,8.0,4.0,8.0,0.0,0.0,0.0,0.0,0.0,0.0,3.0,11.0,0.0,50.0,2012,8,12
3281.0,1960.0,Phd,Married,49154.0,1.0,1.0,2013-11-03,69.0,206.0,10.0,67.0,30.0,27.0,71.0,6.0,4.0,1.0,8.0,6.0,0.0,0.0,0.0,0.0,0.0,0.0,3.0,11.0,0.0,54.0,2013,11,3
702.0,1975.0,2N Cycle,Widow,47682.0,0.0,1.0,2013-02-15,80.0,162.0,61.0,83.0,97.0,57.0,61.0,4.0,4.0,3.0,8.0,5.0,0.0,0.0,0.0,0.0,0.0,0.0,3.0,11.0,0.0,39.0,2013,2,15
2004.0,1969.0,Graduation,Single,72679.0,0.0,1.0,2013-09-18,65.0,619.0,54.0,260.0,120.5,54.0,54.0,1.0,4.0,7.0,5.0,1.0,0.0,0.0,0.0,0.0,0.0,0.0,3.0,11.0,0.0,45.0,2013,9,18
4769.0,1977.0,Master,Married,57954.0,1.0,1.0,2014-06-18,52.0,456.0,4.0,24.0,0.0,0.0,9.0,6.0,8.0,2.0,6.0,7.0,0.0,0.0,0.0,0.0,0.0,0.0,3.0,11.0,0.0,37.0,2014,6,18
4437.0,1962.0,Graduation,Married,65316.0,1.0,1.0,2013-04-24,65.0,112.0,6.0,92.0,3.0,9.0,38.0,2.0,3.0,2.0,5.0,4.0,0.0,0.0,0.0,0.0,0.0,0.0,3.0,11.0,0.0,52.0,2013,4,24
8724.0,1982.0,Graduation,Single,28567.0,1.0,0.0,2013-06-17,57.0,11.0,3.0,22.0,2.0,2.0,6.0,2.0,2.0,0.0,3.0,6.0,0.0,0.0,0.0,0.0,0.0,0.0,3.0,11.0,0.0,32.0,2013,6,17
10741.0,1951.0,Master,Married,47352.0,0.0,1.0,2013-04-11,70.0,172.0,12.0,112.0,8.0,0.0,15.0,4.0,6.0,1.0,5.0,7.0,0.0,0.0,0.0,0.0,0.0,0.0,3.0,11.0,0.0,63.0,2013,4,11
1991.0,1967.0,Graduation,Married,44931.0,0.0,1.0,2014-01-18,0.0,78.0,0.0,11.0,0.0,0.0,7.0,1.0,2.0,1.0,3.0,5.0,0.0,0.0,0.0,0.0,0.0,0.0,3.0,11.0,0.0,47.0,2014,1,18
6931.0,1967.0,Graduation,Divorced,76982.0,0.0,0.0,2014-02-15,19.0,464.0,81.0,292.0,65.0,60.0,30.0,1.0,8.0,3.0,4.0,4.0,0.0,0.0,0.0,0.0,0.0,0.0,3.0,11.0,0.0,47.0,2014,2,15
11096.0,1952.0,2N Cycle,Married,57247.0,0.0,1.0,2013-08-08,50.0,99.0,4.0,32.0,37.0,54.0,6.0,2.0,2.0,1.0,7.0,2.0,0.0,0.0,0.0,0.0,0.0,0.0,3.0,11.0,0.0,62.0,2013,8,8
304.0,1981.0,Master,Single,22944.0,1.0,0.0,2013-12-23,67.0,19.0,3.0,19.0,4.0,5.0,26.0,3.0,3.0,0.0,3.0,7.0,0.0,0.0,0.0,0.0,0.0,0.0,3.0,11.0,0.0,33.0,2013,12,23
3665.0,1977.0,2N Cycle,Married,25315.0,1.0,0.0,2013-11-07,46.0,1.0,9.0,8.0,11.0,3.0,22.0,3.0,3.0,0.0,3.0,8.0,0.0,0.0,0.0,0.0,0.0,0.0,3.0,11.0,0.0,37.0,2013,11,7
10591.0,1969.0,Graduation,Widow,43638.0,0.0,1.0,2012-08-06,37.0,63.0,10.0,83.0,7.0,19.0,19.0,2.0,4.0,1.0,4.0,7.0,0.0,0.0,0.0,0.0,0.0,0.0,3.0,11.0,0.0,45.0,2012,8,6
5036.0,1984.0,Phd,Single,42710.0,1.0,0.0,2012-11-28,38.0,252.0,3.0,42.0,4.0,3.0,102.0,2.0,4.0,5.0,3.0,6.0,0.0,0.0,0.0,0.0,0.0,0.0,3.0,11.0,0.0,30.0,2012,11,28
5547.0,1982.0,Phd,Married,84169.0,0.0,0.0,2013-08-07,9.0,1225.0,19.0,403.0,0.0,19.0,0.0,1.0,7.0,6.0,6.0,3.0,0.0,0.0,0.0,0.0,0.0,0.0,3.0,11.0,0.0,32.0,2013,8,7
7822.0,1976.0,Graduation,Married,54058.0,0.0,1.0,2013-06-04,56.0,198.0,18.0,252.0,32.0,81.0,54.0,2.0,4.0,6.0,8.0,3.0,0.0,0.0,0.0,0.0,0.0,0.0,3.0,11.0,0.0,38.0,2013,6,4
8541.0,1990.0,2N Cycle,Married,24683.0,1.0,0.0,2014-03-08,98.0,8.0,4.0,10.0,6.0,7.0,6.0,2.0,2.0,0.0,4.0,5.0,0.0,0.0,0.0,0.0,0.0,0.0,3.0,11.0,0.0,24.0,2014,3,8
10955.0,1964.0,Graduation,Widow,85620.0,0.0,0.0,2014-01-07,68.0,416.0,46.0,556.0,60.0,81.0,46.0,1.0,3.0,6.0,4.0,1.0,0.0,0.0,0.0,0.0,0.0,0.0,3.0,11.0,0.0,50.0,2014,1,7
4368.0,1980.0,Graduation,Married,47850.0,1.0,0.0,2013-12-03,72.0,42.0,7.0,43.0,20.0,12.0,10.0,1.0,3.0,0.0,4.0,6.0,0.0,0.0,0.0,0.0,0.0,0.0,3.0,11.0,0.0,34.0,2013,12,3
9671.0,1968.0,Graduation,Married,19514.0,1.0,1.0,2014-01-26,47.0,14.0,3.0,21.0,2.0,1.0,28.0,4.0,3.0,1.0,2.0,8.0,0.0,0.0,0.0,0.0,0.0,0.0,3.0,11.0,0.0,46.0,2014,1,26
2256.0,1973.0,Master,Married,27159.0,1.0,1.0,2014-03-29,33.0,17.0,0.0,3.0,0.0,0.0,1.0,2.0,1.0,0.0,3.0,6.0,0.0,0.0,0.0,0.0,0.0,0.0,3.0,11.0,0.0,41.0,2014,3,29
4279.0,1963.0,2N Cycle,Single,39548.0,1.0,1.0,2014-03-31,87.0,15.0,4.0,10.0,3.0,4.0,18.0,2.0,1.0,1.0,3.0,3.0,0.0,0.0,0.0,0.0,0.0,0.0,3.0,11.0,0.0,51.0,2014,3,31
5371.0,1989.0,Graduation,Single,21474.0,1.0,0.0,2014-04-08,0.0,6.0,16.0,24.0,11.0,0.0,34.0,2.0,3.0,1.0,2.0,7.0,0.0,0.0,0.0,0.0,0.0,0.0,3.0,11.0,0.0,25.0,2014,4,8
9240.0,1971.0,Phd,Single,60504.0,0.0,1.0,2014-02-07,73.0,458.0,0.0,24.0,6.0,4.0,34.0,2.0,6.0,2.0,8.0,6.0,0.0,0.0,0.0,0.0,0.0,0.0,3.0,11.0,0.0,43.0,2014,2,7
9460.0,1963.0,Graduation,Married,22419.0,0.0,0.0,2013-04-18,74.0,30.0,3.0,47.0,19.0,21.0,42.0,1.0,3.0,2.0,2.0,8.0,0.0,0.0,0.0,0.0,0.0,0.0,3.0,11.0,0.0,51.0,2013,4,18
9504.0,1949.0,Master,Married,81698.0,0.0,0.0,2013-11-06,4.0,179.0,28.0,520.0,111.0,81.0,47.0,1.0,3.0,8.0,13.0,1.0,0.0,0.0,0.0,0.0,0.0,0.0,3.0,11.0,0.0,65.0,2013,11,6
8692.0,1952.0,Graduation,Married,43462.0,1.0,1.0,2012-09-12,50.0,90.0,17.0,97.0,15.0,6.0,15.0,6.0,4.0,1.0,5.0,8.0,0.0,0.0,0.0,0.0,0.0,0.0,3.0,11.0,0.0,62.0,2012,9,12
448.0,1978.0,Phd,Single,54880.0,1.0,0.0,2013-03-01,57.0,308.0,81.0,137.0,102.0,45.0,118.0,2.0,6.0,2.0,11.0,5.0,0.0,0.0,0.0,0.0,0.0,0.0,3.0,11.0,0.0,36.0,2013,3,1
8314.0,1982.0,Graduation,Married,79908.0,0.0,0.0,2013-04-05,30.0,557.0,81.0,556.0,29.0,81.0,111.0,1.0,5.0,6.0,7.0,2.0,0.0,0.0,0.0,0.0,0.0,0.0,3.0,11.0,0.0,32.0,2013,4,5
8420.0,1970.0,2N Cycle,Married,15315.0,0.0,0.0,2013-08-03,27.0,7.0,4.0,13.0,15.0,8.0,17.0,2.0,2.0,0.0,4.0,5.0,0.0,0.0,0.0,0.0,0.0,0.0,3.0,11.0,0.0,44.0,2013,8,3
3174.0,1959.0,Graduation,Married,87771.0,0.0,1.0,2013-05-22,61.0,1225.0,38.0,287.0,50.0,57.0,33.0,1.0,5.0,10.0,4.0,6.0,0.0,0.0,0.0,0.0,0.0,0.0,3.0,11.0,0.0,55.0,2013,5,22
7685.0,1978.0,Graduation,Married,33039.0,1.0,0.0,2013-09-09,4.0,30.0,8.0,12.0,8.0,8.0,12.0,1.0,2.0,0.0,4.0,5.0,0.0,0.0,0.0,0.0,0.0,0.0,3.0,11.0,0.0,36.0,2013,9,9
3179.0,1980.0,Graduation,Single,81741.0,0.0,0.0,2013-06-16,75.0,249.0,81.0,556.0,58.0,81.0,38.0,0.0,6.0,6.0,7.0,2.0,0.0,0.0,0.0,0.0,0.0,0.0,3.0,11.0,0.0,34.0,2013,6,16
9780.0,1971.0,Master,Married,71499.0,0.0,1.0,2013-06-25,12.0,465.0,25.0,132.0,120.5,0.0,37.0,2.0,8.0,3.0,13.0,4.0,0.0,0.0,0.0,0.0,0.0,0.0,3.0,11.0,0.0,43.0,2013,6,25
10681.0,1970.0,2N Cycle,Married,62466.0,0.0,1.0,2014-01-15,13.0,129.0,81.0,259.0,120.5,81.0,83.0,5.0,6.0,3.0,12.0,4.0,0.0,0.0,0.0,0.0,0.0,0.0,3.0,11.0,0.0,44.0,2014,1,15
10232.0,1963.0,Phd,Divorced,48799.0,0.0,1.0,2013-11-05,9.0,174.0,18.0,81.0,28.0,6.0,24.0,3.0,3.0,2.0,7.0,3.0,0.0,0.0,0.0,0.0,0.0,0.0,3.0,11.0,0.0,51.0,2013,11,5
4184.0,1950.0,Phd,Married,52157.0,0.0,1.0,2014-06-07,48.0,189.0,2.0,29.0,3.0,2.0,40.0,2.0,3.0,2.0,5.0,4.0,0.0,0.0,0.0,0.0,0.0,0.0,3.0,11.0,0.0,64.0,2014,6,7
9120.0,1962.0,Graduation,Single,66565.0,0.0,1.0,2012-12-05,80.0,747.0,10.0,161.0,65.0,40.0,42.0,4.0,4.0,2.0,9.0,8.0,0.0,0.0,0.0,0.0,0.0,0.0,3.0,11.0,0.0,52.0,2012,12,5
891.0,1951.0,Master,Married,29298.0,1.0,1.0,2013-09-07,60.0,6.0,0.0,2.0,2.0,0.0,1.0,1.0,1.0,0.0,2.0,5.0,0.0,0.0,0.0,0.0,0.0,0.0,3.0,11.0,0.0,63.0,2013,9,7
10381.0,1979.0,Graduation,Single,47691.0,0.0,1.0,2013-07-05,43.0,14.0,0.0,3.0,0.0,0.0,4.0,1.0,1.0,0.0,2.0,6.0,0.0,0.0,0.0,0.0,0.0,0.0,3.0,11.0,0.0,35.0,2013,7,5
3525.0,1970.0,Graduation,Married,38200.0,1.0,1.0,2012-12-07,19.0,12.0,0.0,4.0,0.0,0.0,1.0,1.0,1.0,0.0,2.0,7.0,0.0,0.0,0.0,0.0,0.0,0.0,3.0,11.0,0.0,44.0,2012,12,7
6818.0,1974.0,Graduation,Married,44989.0,0.0,1.0,2012-09-12,26.0,98.0,0.0,106.0,49.0,10.0,106.0,5.0,5.0,1.0,5.0,6.0,0.0,0.0,0.0,0.0,0.0,0.0,3.0,11.0,0.0,40.0,2012,9,12
3526.0,1968.0,Phd,Married,38443.0,1.0,1.0,2014-01-27,58.0,32.0,0.0,5.0,0.0,0.0,1.0,2.0,1.0,0.0,3.0,7.0,0.0,0.0,0.0,0.0,0.0,0.0,3.0,11.0,0.0,46.0,2014,1,27
8181.0,1978.0,2N Cycle,Single,38593.0,1.0,0.0,2013-09-13,42.0,51.0,12.0,49.0,17.0,24.0,24.0,3.0,4.0,1.0,3.0,8.0,0.0,0.0,0.0,0.0,0.0,0.0,3.0,11.0,0.0,36.0,2013,9,13
1029.0,1970.0,Phd,Married,64413.0,0.0,1.0,2013-08-01,27.0,200.0,5.0,44.0,0.0,10.0,20.0,1.0,5.0,1.0,5.0,5.0,0.0,0.0,0.0,0.0,0.0,0.0,3.0,11.0,0.0,44.0,2013,8,1
7369.0,1981.0,Master,Married,36959.0,1.0,0.0,2013-10-02,56.0,25.0,6.0,25.0,6.0,0.0,0.0,2.0,2.0,0.0,3.0,8.0,0.0,0.0,0.0,0.0,0.0,0.0,3.0,11.0,0.0,33.0,2013,10,2
2574.0,1977.0,Phd,Married,61996.0,0.0,1.0,2013-01-31,27.0,1050.0,12.0,144.0,0.0,0.0,24.0,3.0,6.0,4.0,8.0,5.0,0.0,0.0,0.0,0.0,0.0,0.0,3.0,11.0,0.0,37.0,2013,1,31
8159.0,1968.0,Graduation,Married,51287.0,1.0,1.0,2014-04-01,10.0,117.0,0.0,22.0,13.0,0.0,30.0,3.0,4.0,1.0,3.0,7.0,0.0,0.0,0.0,0.0,0.0,0.0,3.0,11.0,0.0,46.0,2014,4,1
1160.0,1970.0,Graduation,Married,13260.0,1.0,1.0,2013-08-23,48.0,9.0,4.0,17.0,10.0,2.0,7.0,4.0,3.0,0.0,3.0,8.0,0.0,0.0,0.0,0.0,0.0,0.0,3.0,11.0,0.0,44.0,2013,8,23
10242.0,1966.0,Phd,Married,47472.0,1.0,1.0,2013-09-16,39.0,56.0,0.0,11.0,0.0,0.0,8.0,2.0,2.0,0.0,4.0,5.0,0.0,0.0,0.0,0.0,0.0,0.0,3.0,11.0,0.0,48.0,2013,9,16
5253.0,1956.0,Master,Married,54603.0,1.0,1.0,2013-07-09,85.0,145.0,13.0,46.0,17.0,2.0,4.0,6.0,4.0,2.0,4.0,7.0,0.0,0.0,0.0,0.0,0.0,0.0,3.0,11.0,0.0,58.0,2013,7,9
5966.0,1974.0,Phd,Married,45207.0,1.0,1.0,2012-11-10,64.0,203.0,0.0,10.0,0.0,0.0,2.0,5.0,3.0,1.0,6.0,6.0,0.0,0.0,0.0,0.0,0.0,0.0,3.0,11.0,0.0,40.0,2012,11,10
5314.0,1951.0,Graduation,Married,40689.0,0.0,1.0,2013-03-18,69.0,270.0,3.0,27.0,39.0,6.0,99.0,6.0,7.0,1.0,5.0,8.0,0.0,0.0,0.0,0.0,0.0,0.0,3.0,11.0,0.0,63.0,2013,3,18
5081.0,1967.0,2N Cycle,Married,47821.0,1.0,1.0,2013-10-20,54.0,9.0,0.0,16.0,6.0,6.0,10.0,1.0,1.0,0.0,3.0,8.0,0.0,0.0,0.0,0.0,0.0,0.0,3.0,11.0,0.0,47.0,2013,10,20
5123.0,1951.0,Master,Married,27450.0,0.0,0.0,2013-04-15,57.0,37.0,12.0,23.0,8.0,11.0,52.0,1.0,2.0,1.0,3.0,7.0,0.0,0.0,0.0,0.0,0.0,0.0,3.0,11.0,0.0,63.0,2013,4,15
5756.0,1983.0,Graduation,Married,39453.0,1.0,0.0,2014-04-03,64.0,46.0,0.0,7.0,0.0,0.0,2.0,2.0,2.0,0.0,3.0,6.0,0.0,0.0,0.0,0.0,0.0,0.0,3.0,11.0,0.0,31.0,2014,4,3
8036.0,1971.0,2N Cycle,Married,26850.0,1.0,1.0,2014-04-18,10.0,31.0,1.0,13.0,7.0,2.0,9.0,4.0,2.0,1.0,4.0,4.0,0.0,0.0,0.0,0.0,0.0,0.0,3.0,11.0,0.0,43.0,2014,4,18
9058.0,1955.0,Graduation,Widow,79800.0,0.0,0.0,2012-09-23,65.0,1060.0,21.0,530.0,32.0,0.0,126.5,1.0,5.0,10.0,5.0,3.0,0.0,0.0,0.0,0.0,0.0,0.0,3.0,11.0,0.0,59.0,2012,9,23
5057.0,1961.0,Master,Married,61794.0,0.0,1.0,2013-09-14,74.0,264.0,47.0,188.0,54.0,47.0,11.0,2.0,4.0,4.0,10.0,2.0,0.0,0.0,0.0,0.0,0.0,0.0,3.0,11.0,0.0,53.0,2013,9,14
254.0,1955.0,Graduation,Married,53863.0,0.0,1.0,2014-05-17,4.0,399.0,4.0,30.0,6.0,4.0,30.0,3.0,7.0,1.0,7.0,7.0,0.0,0.0,0.0,0.0,0.0,0.0,3.0,11.0,0.0,59.0,2014,5,17
4179.0,1959.0,Graduation,Married,24221.0,0.0,0.0,2013-08-20,94.0,8.0,9.0,9.0,2.0,5.0,22.0,1.0,1.0,1.0,3.0,4.0,0.0,0.0,0.0,0.0,0.0,0.0,3.0,11.0,0.0,55.0,2013,8,20
3710.0,1984.0,Phd,Single,39684.0,1.0,0.0,2012-10-12,41.0,19.0,0.0,35.0,6.0,4.0,17.0,2.0,2.0,1.0,2.0,7.0,0.0,0.0,0.0,0.0,0.0,0.0,3.0,11.0,0.0,30.0,2012,10,12
7627.0,1975.0,Master,Married,92163.0,0.0,0.0,2012-12-12,25.0,817.0,81.0,556.0,106.0,81.0,20.0,0.0,5.0,10.0,5.0,2.0,0.0,0.0,0.0,0.0,0.0,0.0,3.0,11.0,0.0,39.0,2012,12,12
4501.0,1965.0,Master,Single,69882.0,0.0,0.0,2013-11-10,94.0,292.0,81.0,556.0,120.5,81.0,126.5,1.0,3.0,7.0,9.0,1.0,0.0,0.0,0.0,0.0,0.0,0.0,3.0,11.0,0.0,49.0,2013,11,10
6424.0,1977.0,Graduation,Married,33178.0,1.0,0.0,2014-01-30,9.0,12.0,6.0,2.0,11.0,2.0,16.0,1.0,1.0,0.0,3.0,4.0,0.0,0.0,0.0,0.0,0.0,0.0,3.0,11.0,0.0,37.0,2014,1,30
3075.0,1972.0,Phd,Married,59973.0,0.0,0.0,2013-09-11,47.0,130.0,30.0,168.0,20.0,34.0,0.0,1.0,3.0,4.0,7.0,1.0,0.0,0.0,0.0,0.0,0.0,0.0,3.0,11.0,0.0,42.0,2013,9,11
4992.0,1975.0,Master,Married,17459.0,1.0,0.0,2013-09-19,12.0,6.0,4.0,16.0,3.0,10.0,30.0,3.0,3.0,1.0,2.0,7.0,0.0,0.0,0.0,0.0,0.0,0.0,3.0,11.0,0.0,39.0,2013,9,19
5252.0,1969.0,Graduation,Divorced,23910.0,1.0,0.0,2012-10-26,80.0,16.0,12.0,18.0,7.0,1.0,13.0,1.0,2.0,0.0,3.0,7.0,0.0,0.0,0.0,0.0,0.0,0.0,3.0,11.0,0.0,45.0,2012,10,26
7444.0,1969.0,Master,Married,42169.0,1.0,1.0,2013-10-19,20.0,19.0,0.0,9.0,0.0,0.0,2.0,2.0,1.0,0.0,3.0,8.0,0.0,0.0,0.0,0.0,0.0,0.0,3.0,11.0,0.0,45.0,2013,10,19
6919.0,1978.0,2N Cycle,Married,26224.0,1.0,0.0,2013-06-04,39.0,4.0,7.0,15.0,13.0,9.0,15.0,3.0,2.0,1.0,3.0,6.0,0.0,0.0,0.0,0.0,0.0,0.0,3.0,11.0,0.0,36.0,2013,6,4
3537.0,1981.0,Graduation,Married,31089.0,1.0,0.0,2012-08-17,57.0,31.0,3.0,31.0,2.0,8.0,4.0,3.0,3.0,0.0,4.0,8.0,0.0,0.0,0.0,0.0,0.0,0.0,3.0,11.0,0.0,33.0,2012,8,17
10277.0,1961.0,Graduation,Single,30081.0,0.0,1.0,2013-02-21,27.0,36.0,0.0,2.0,0.0,0.0,4.0,1.0,1.0,0.0,3.0,7.0,0.0,0.0,0.0,0.0,0.0,0.0,3.0,11.0,0.0,53.0,2013,2,21
2453.0,1960.0,Graduation,Married,62807.0,0.0,1.0,2012-08-31,83.0,526.0,28.0,135.0,10.0,21.0,99.0,3.0,5.0,3.0,12.0,5.0,0.0,0.0,0.0,0.0,0.0,0.0,3.0,11.0,0.0,54.0,2012,8,31
7972.0,1955.0,Graduation,Single,72906.0,0.0,0.0,2013-09-17,79.0,400.0,32.0,519.0,71.0,75.0,54.0,1.0,3.0,4.0,9.0,1.0,0.0,0.0,0.0,0.0,0.0,0.0,3.0,11.0,0.0,59.0,2013,9,17
895.0,1948.0,Phd,Married,61467.0,0.0,2.0,2012-12-09,69.0,410.0,16.0,114.0,0.0,5.0,49.0,3.0,5.0,2.0,10.0,5.0,0.0,0.0,0.0,0.0,0.0,0.0,3.0,11.0,0.0,66.0,2012,12,9
1177.0,1966.0,Master,Married,49618.0,1.0,1.0,2013-01-26,77.0,80.0,3.0,26.0,4.0,2.0,14.0,4.0,3.0,1.0,3.0,7.0,0.0,0.0,0.0,0.0,0.0,0.0,3.0,11.0,0.0,48.0,2013,1,26
7141.0,1986.0,Master,Single,21888.0,1.0,0.0,2012-12-29,15.0,88.0,10.0,46.0,2.0,3.0,64.0,4.0,5.0,1.0,2.0,10.0,0.0,0.0,0.0,0.0,0.0,0.0,3.0,11.0,0.0,28.0,2012,12,29
7232.0,1973.0,Graduation,Widow,42429.0,0.0,1.0,2014-02-11,99.0,55.0,0.0,6.0,2.0,0.0,4.0,2.0,1.0,1.0,3.0,5.0,0.0,0.0,0.0,0.0,0.0,0.0,3.0,11.0,0.0,41.0,2014,2,11
8477.0,1956.0,Graduation,Divorced,26150.0,2.0,1.0,2013-03-11,61.0,5.0,1.0,13.0,3.0,5.0,1.0,1.0,1.0,0.0,3.0,7.0,0.0,0.0,0.0,0.0,0.0,0.0,3.0,11.0,0.0,58.0,2013,3,11
2457.0,1975.0,Basic,Married,30801.0,0.0,1.0,2012-10-26,23.0,8.0,4.0,5.0,15.0,2.0,11.0,2.0,1.0,0.0,3.0,7.0,0.0,0.0,0.0,0.0,0.0,0.0,3.0,11.0,0.0,39.0,2012,10,26
988.0,1965.0,Graduation,Married,81168.0,0.0,0.0,2014-05-07,84.0,410.0,0.0,556.0,120.5,22.0,22.0,1.0,6.0,4.0,7.0,3.0,0.0,0.0,0.0,0.0,0.0,0.0,3.0,11.0,0.0,49.0,2014,5,7
7930.0,1969.0,Master,Single,26877.0,0.0,0.0,2013-08-19,74.0,101.0,13.0,76.0,20.0,18.0,40.0,2.0,3.0,1.0,6.0,6.0,0.0,0.0,0.0,0.0,0.0,0.0,3.0,11.0,0.0,45.0,2013,8,19
4587.0,1944.0,Master,Widow,45006.0,0.0,0.0,2013-07-18,90.0,162.0,25.0,53.0,16.0,0.0,10.0,1.0,3.0,1.0,7.0,3.0,0.0,0.0,0.0,0.0,0.0,0.0,3.0,11.0,0.0,70.0,2013,7,18
6682.0,1973.0,Basic,Married,18978.0,1.0,0.0,2012-12-11,41.0,2.0,8.0,1.0,4.0,7.0,15.0,1.0,1.0,0.0,3.0,8.0,0.0,0.0,0.0,0.0,0.0,0.0,3.0,11.0,0.0,41.0,2012,12,11
6222.0,1967.0,Graduation,Married,22574.0,2.0,1.0,2013-10-28,28.0,25.0,0.0,8.0,2.0,0.0,2.0,2.0,2.0,0.0,3.0,7.0,0.0,0.0,0.0,0.0,0.0,0.0,3.0,11.0,0.0,47.0,2013,10,28
10299.0,1969.0,Phd,Single,48240.0,0.0,0.0,2012-11-09,73.0,389.0,81.0,248.0,64.0,49.0,41.0,3.0,6.0,3.0,13.0,5.0,0.0,0.0,0.0,0.0,0.0,0.0,3.0,11.0,0.0,45.0,2012,11,9
3083.0,1974.0,Graduation,Married,45837.0,1.0,1.0,2013-07-26,88.0,215.0,13.0,87.0,17.0,17.0,24.0,5.0,6.0,2.0,5.0,7.0,0.0,0.0,0.0,0.0,0.0,0.0,3.0,11.0,0.0,40.0,2013,7,26
8953.0,1965.0,Master,Single,35791.0,2.0,1.0,2013-05-06,94.0,27.0,0.0,5.0,0.0,0.0,3.0,2.0,1.0,0.0,3.0,8.0,0.0,0.0,0.0,0.0,0.0,0.0,3.0,11.0,0.0,49.0,2013,5,6
1503.0,1976.0,Phd,Married,117416.25,1.0,1.0,2013-06-03,31.0,85.0,1.0,16.0,2.0,1.0,2.0,0.0,0.0,0.0,1.0,1.0,0.0,0.0,0.0,0.0,0.0,0.0,3.0,11.0,0.0,38.0,2013,6,3
8650.0,1978.0,Graduation,Widow,54162.0,1.0,1.0,2013-03-18,31.0,5.0,6.0,10.0,6.0,5.0,10.0,1.0,1.0,0.0,3.0,4.0,0.0,0.0,0.0,0.0,0.0,0.0,3.0,11.0,0.0,36.0,2013,3,18
10862.0,1960.0,Master,Married,30522.0,0.0,1.0,2012-08-17,6.0,179.0,8.0,83.0,19.0,11.0,26.0,5.0,1.0,2.0,9.0,2.0,0.0,0.0,0.0,0.0,0.0,0.0,3.0,11.0,0.0,54.0,2012,8,17
2782.0,1961.0,Phd,Married,54456.0,0.0,1.0,2013-07-11,23.0,352.0,0.0,27.0,10.0,0.0,15.0,3.0,6.0,1.0,7.0,6.0,0.0,0.0,0.0,0.0,0.0,0.0,3.0,11.0,0.0,53.0,2013,7,11
6941.0,1971.0,Graduation,Single,31632.0,0.0,0.0,2013-07-14,92.0,17.0,8.0,12.0,11.0,15.0,32.0,1.0,2.0,1.0,2.0,7.0,0.0,0.0,0.0,0.0,0.0,0.0,3.0,11.0,0.0,43.0,2013,7,14
10972.0,1949.0,Graduation,Widow,72298.0,0.0,0.0,2014-03-10,52.0,625.0,35.0,169.0,58.0,17.0,35.0,1.0,4.0,3.0,6.0,1.0,0.0,0.0,0.0,0.0,0.0,0.0,3.0,11.0,0.0,65.0,2014,3,10
10708.0,1978.0,2N Cycle,Single,36975.0,1.0,0.0,2013-12-28,50.0,10.0,6.0,11.0,0.0,4.0,2.0,1.0,1.0,0.0,3.0,7.0,0.0,0.0,0.0,0.0,0.0,0.0,3.0,11.0,0.0,36.0,2013,12,28
6583.0,1955.0,2N Cycle,Married,72635.0,0.0,0.0,2013-06-03,54.0,390.0,22.0,323.0,104.0,35.0,107.0,1.0,6.0,8.0,6.0,3.0,0.0,0.0,0.0,0.0,0.0,0.0,3.0,11.0,0.0,59.0,2013,6,3
3641.0,1976.0,Graduation,Married,13624.0,1.0,0.0,2013-01-20,93.0,10.0,2.0,15.0,2.0,1.0,6.0,2.0,2.0,0.0,3.0,6.0,0.0,0.0,0.0,0.0,0.0,0.0,3.0,11.0,0.0,38.0,2013,1,20
10156.0,1975.0,Graduation,Single,84196.0,0.0,1.0,2013-06-03,56.0,215.0,63.0,507.0,120.5,31.0,126.5,1.0,8.0,4.0,7.0,3.0,0.0,0.0,0.0,0.0,0.0,0.0,3.0,11.0,0.0,39.0,2013,6,3
4299.0,1960.0,Graduation,Married,70971.0,0.0,1.0,2012-09-21,28.0,1001.0,17.0,556.0,93.0,81.0,17.0,6.0,11.0,10.0,5.0,7.0,0.0,0.0,0.0,0.0,0.0,0.0,3.0,11.0,0.0,54.0,2012,9,21
3469.0,1977.0,Phd,Divorced,34487.0,1.0,1.0,2012-09-06,94.0,19.0,18.0,33.0,24.0,1.0,8.0,3.0,3.0,0.0,3.0,9.0,0.0,0.0,0.0,0.0,0.0,0.0,3.0,11.0,0.0,37.0,2012,9,6
5063.0,1977.0,Graduation,Single,28769.0,1.0,0.0,2012-12-18,76.0,41.0,5.0,129.0,10.0,3.0,3.0,3.0,4.0,1.0,4.0,9.0,0.0,0.0,0.0,0.0,0.0,0.0,3.0,11.0,0.0,37.0,2012,12,18
10727.0,1970.0,Phd,Married,69084.0,1.0,0.0,2013-11-19,43.0,1181.0,81.0,199.0,39.0,30.0,30.0,2.0,7.0,3.0,13.0,8.0,0.0,0.0,0.0,0.0,0.0,0.0,3.0,11.0,0.0,44.0,2013,11,19
9624.0,1958.0,Phd,Married,65488.0,0.0,0.0,2014-06-13,46.0,603.0,45.0,207.0,36.0,18.0,54.0,1.0,3.0,4.0,6.0,1.0,0.0,0.0,0.0,0.0,0.0,0.0,3.0,11.0,0.0,56.0,2014,6,13
5156.0,1970.0,2N Cycle,Married,62466.0,0.0,1.0,2014-01-15,13.0,129.0,81.0,259.0,120.5,81.0,83.0,5.0,6.0,3.0,12.0,4.0,0.0,0.0,0.0,0.0,0.0,0.0,3.0,11.0,0.0,44.0,2014,1,15
4376.0,1960.0,2N Cycle,Single,32218.0,0.0,0.0,2014-02-15,27.0,10.0,24.0,15.0,13.0,1.0,30.0,1.0,2.0,1.0,3.0,7.0,0.0,0.0,0.0,0.0,0.0,0.0,3.0,11.0,0.0,54.0,2014,2,15
8923.0,1973.0,Graduation,Single,83917.0,0.0,0.0,2013-04-18,12.0,514.0,22.0,556.0,42.0,81.0,79.0,1.0,6.0,7.0,7.0,3.0,0.0,0.0,0.0,0.0,0.0,0.0,3.0,11.0,0.0,41.0,2013,4,18
8461.0,1962.0,Graduation,Divorced,46102.0,2.0,1.0,2014-03-10,3.0,14.0,0.0,1.0,0.0,0.0,1.0,1.0,1.0,0.0,2.0,7.0,0.0,0.0,0.0,0.0,0.0,0.0,3.0,11.0,0.0,52.0,2014,3,10
6945.0,1952.0,Graduation,Single,84574.0,0.0,0.0,2013-06-04,72.0,387.0,20.0,556.0,38.0,54.0,126.5,1.0,9.0,10.0,11.0,5.0,0.0,0.0,0.0,0.0,0.0,0.0,3.0,11.0,0.0,62.0,2013,6,4
944.0,1962.0,Graduation,Married,56181.0,0.0,1.0,2013-01-08,6.0,121.0,81.0,69.0,8.0,44.0,48.0,1.0,4.0,2.0,7.0,4.0,0.0,0.0,0.0,0.0,0.0,0.0,3.0,11.0,0.0,52.0,2013,1,8
1907.0,1950.0,Master,Divorced,63120.0,0.0,1.0,2012-09-28,53.0,965.0,69.0,279.0,54.0,41.0,69.0,5.0,8.0,4.0,9.0,7.0,0.0,0.0,0.0,0.0,0.0,0.0,3.0,11.0,0.0,64.0,2012,9,28
701.0,1971.0,Graduation,Married,73691.0,0.0,1.0,2013-11-06,58.0,707.0,21.0,250.0,85.0,43.0,73.0,2.0,6.0,2.0,8.0,2.0,0.0,0.0,0.0,0.0,0.0,0.0,3.0,11.0,0.0,43.0,2013,11,6
3856.0,1960.0,Graduation,Married,63381.0,0.0,1.0,2012-10-05,78.0,571.0,50.0,142.0,33.0,50.0,126.5,4.0,4.0,5.0,13.0,2.0,0.0,0.0,0.0,0.0,0.0,0.0,3.0,11.0,0.0,54.0,2012,10,5
4149.0,1948.0,Phd,Married,76140.0,0.0,0.0,2014-05-13,57.0,586.0,66.0,556.0,17.0,0.0,26.0,1.0,5.0,9.0,6.0,2.0,0.0,0.0,0.0,0.0,0.0,0.0,3.0,11.0,0.0,66.0,2014,5,13
2131.0,1959.0,Phd,Divorced,62859.0,0.0,1.0,2012-12-30,37.0,1063.0,81.0,102.0,16.0,12.0,25.0,4.0,9.0,4.0,6.0,6.0,0.0,0.0,0.0,0.0,0.0,0.0,3.0,11.0,0.0,55.0,2012,12,30
2942.0,1964.0,Graduation,Single,45906.0,0.0,1.0,2013-05-07,20.0,305.0,3.0,27.0,4.0,3.0,126.5,2.0,5.0,4.0,4.0,5.0,0.0,0.0,0.0,0.0,0.0,0.0,3.0,11.0,0.0,50.0,2013,5,7
1173.0,1947.0,Master,Married,77632.0,0.0,0.0,2013-03-10,73.0,1200.0,81.0,556.0,0.0,42.0,126.5,1.0,4.0,2.0,6.0,2.0,0.0,0.0,0.0,0.0,0.0,0.0,3.0,11.0,0.0,67.0,2013,3,10
4381.0,1971.0,Phd,Married,46463.0,1.0,1.0,2013-08-18,56.0,163.0,2.0,40.0,8.0,11.0,11.0,6.0,3.0,1.0,6.0,6.0,0.0,0.0,0.0,0.0,0.0,0.0,3.0,11.0,0.0,43.0,2013,8,18
4611.0,1970.0,Graduation,Married,105471.0,0.0,0.0,2013-01-21,36.0,1009.0,81.0,104.0,120.5,21.0,126.5,0.0,9.0,8.0,13.0,3.0,0.0,0.0,0.0,0.0,0.0,0.0,3.0,11.0,0.0,44.0,2013,1,21
3376.0,1970.0,Master,Divorced,55282.0,1.0,0.0,2013-12-13,9.0,125.0,6.0,73.0,8.0,4.0,19.0,1.0,3.0,1.0,6.0,4.0,0.0,0.0,0.0,0.0,0.0,0.0,3.0,11.0,0.0,44.0,2013,12,13
4679.0,1977.0,Master,Married,78710.0,0.0,1.0,2014-05-23,42.0,721.0,0.0,152.0,119.0,50.0,50.0,3.0,7.0,6.0,12.0,4.0,0.0,0.0,0.0,0.0,0.0,0.0,3.0,11.0,0.0,37.0,2014,5,23
10928.0,1958.0,Graduation,Married,66886.0,0.0,1.0,2013-09-16,28.0,315.0,4.0,62.0,41.0,31.0,126.5,2.0,7.0,1.0,7.0,5.0,0.0,0.0,0.0,0.0,0.0,0.0,3.0,11.0,0.0,56.0,2013,9,16
4248.0,1960.0,Master,Single,98777.0,0.0,0.0,2014-02-17,23.0,1000.0,19.0,556.0,120.5,81.0,38.0,0.0,4.0,6.0,9.0,1.0,0.0,0.0,0.0,0.0,0.0,0.0,3.0,11.0,0.0,54.0,2014,2,17
6728.0,1985.0,Graduation,Married,29103.0,1.0,0.0,2012-08-27,38.0,16.0,0.0,17.0,6.0,3.0,6.0,2.0,1.0,0.0,3.0,9.0,0.0,0.0,0.0,0.0,0.0,0.0,3.0,11.0,0.0,29.0,2012,8,27
6661.0,1974.0,Graduation,Married,67445.0,0.0,1.0,2012-08-12,63.0,757.0,80.0,217.0,29.0,80.0,11.0,5.0,9.0,6.0,12.0,6.0,0.0,0.0,0.0,0.0,0.0,0.0,3.0,11.0,0.0,40.0,2012,8,12
4725.0,1950.0,Phd,Married,50616.0,0.0,1.0,2014-04-13,71.0,30.0,2.0,25.0,0.0,1.0,9.0,1.0,1.0,1.0,4.0,2.0,0.0,0.0,0.0,0.0,0.0,0.0,3.0,11.0,0.0,64.0,2014,4,13
3277.0,1955.0,Graduation,Divorced,49431.0,0.0,1.0,2012-08-03,9.0,219.0,3.0,100.0,26.0,0.0,17.0,2.0,7.0,1.0,5.0,8.0,0.0,0.0,0.0,0.0,0.0,0.0,3.0,11.0,0.0,59.0,2012,8,3
5555.0,1975.0,Graduation,Divorced,117416.25,0.0,0.0,2014-02-07,81.0,1.0,1.0,1.0,1.0,1.0,1.0,0.0,0.0,0.0,0.0,0.0,0.0,0.0,0.0,0.0,0.0,0.0,3.0,11.0,0.0,39.0,2014,2,7
2564.0,1953.0,Graduation,Married,61278.0,0.0,1.0,2014-01-04,87.0,111.0,3.0,28.0,2.0,6.0,15.0,2.0,3.0,1.0,4.0,6.0,0.0,0.0,0.0,0.0,0.0,0.0,3.0,11.0,0.0,61.0,2014,1,4
946.0,1958.0,2N Cycle,Married,26490.0,0.0,0.0,2012-09-22,92.0,45.0,47.0,52.0,21.0,20.0,25.0,2.0,3.0,1.0,5.0,6.0,0.0,0.0,0.0,0.0,0.0,0.0,3.0,11.0,0.0,56.0,2012,9,22
3867.0,1947.0,Phd,Married,73059.0,0.0,1.0,2013-08-31,36.0,410.0,81.0,420.0,0.0,81.0,71.0,1.0,9.0,3.0,13.0,4.0,0.0,0.0,0.0,0.0,0.0,0.0,3.0,11.0,0.0,67.0,2013,8,31
6940.0,1966.0,Phd,Single,46734.0,1.0,2.0,2013-10-21,86.0,100.0,1.0,39.0,6.0,1.0,76.0,4.0,3.0,2.0,3.0,6.0,0.0,0.0,0.0,0.0,0.0,0.0,3.0,11.0,0.0,48.0,2013,10,21
55.0,1963.0,Graduation,Married,56253.0,0.0,1.0,2012-12-07,83.0,509.0,0.0,65.0,7.0,11.0,5.0,4.0,7.0,2.0,9.0,6.0,0.0,0.0,0.0,0.0,0.0,0.0,3.0,11.0,0.0,51.0,2012,12,7
7093.0,1985.0,Graduation,Married,19986.0,1.0,0.0,2013-11-14,74.0,3.0,6.0,5.0,0.0,2.0,6.0,1.0,0.0,0.0,3.0,7.0,0.0,0.0,0.0,0.0,0.0,0.0,3.0,11.0,0.0,29.0,2013,11,14
5084.0,1975.0,Graduation,Widow,58330.0,0.0,1.0,2013-12-25,87.0,445.0,53.0,213.0,104.0,81.0,126.5,1.0,6.0,4.0,13.0,4.0,0.0,0.0,0.0,0.0,0.0,0.0,3.0,11.0,0.0,39.0,2013,12,25
1777.0,1980.0,Basic,Married,25965.0,0.0,0.0,2012-09-07,29.0,2.0,2.0,11.0,41.0,7.0,11.0,1.0,2.0,0.0,3.0,8.0,0.0,0.0,0.0,0.0,0.0,0.0,3.0,11.0,0.0,34.0,2012,9,7
8162.0,1956.0,Master,Married,14661.0,0.0,0.0,2013-01-01,88.0,4.0,1.0,11.0,6.0,2.0,2.0,1.0,1.0,0.0,3.0,6.0,0.0,0.0,0.0,0.0,0.0,0.0,3.0,11.0,0.0,58.0,2013,1,1
10826.0,1959.0,Graduation,Married,18690.0,0.0,0.0,2012-12-28,77.0,6.0,1.0,7.0,23.0,4.0,19.0,1.0,1.0,1.0,2.0,8.0,0.0,0.0,0.0,0.0,0.0,0.0,3.0,11.0,0.0,55.0,2012,12,28
8754.0,1974.0,Phd,Married,45068.0,0.0,1.0,2013-05-16,25.0,14.0,0.0,3.0,0.0,0.0,3.0,1.0,1.0,0.0,2.0,7.0,0.0,0.0,0.0,0.0,0.0,0.0,3.0,11.0,0.0,40.0,2013,5,16
1987.0,1987.0,Basic,Single,21063.0,1.0,0.0,2013-09-25,34.0,1.0,10.0,11.0,19.0,3.0,15.0,2.0,2.0,0.0,3.0,6.0,0.0,0.0,0.0,0.0,0.0,0.0,3.0,11.0,0.0,27.0,2013,9,25
11007.0,1968.0,Phd,Married,29187.0,1.0,0.0,2013-05-09,43.0,26.0,0.0,6.0,0.0,0.0,2.0,1.0,1.0,0.0,3.0,8.0,0.0,0.0,0.0,0.0,0.0,0.0,3.0,11.0,0.0,46.0,2013,5,9
7426.0,1971.0,2N Cycle,Married,54690.0,1.0,1.0,2013-11-07,76.0,111.0,16.0,37.0,7.0,9.0,18.0,3.0,3.0,1.0,5.0,3.0,0.0,0.0,0.0,0.0,0.0,0.0,3.0,11.0,0.0,43.0,2013,11,7
9153.0,1964.0,Phd,Married,59304.0,0.0,1.0,2013-07-29,81.0,418.0,61.0,428.0,80.0,51.0,10.0,3.0,7.0,8.0,10.0,5.0,0.0,0.0,0.0,0.0,0.0,0.0,3.0,11.0,0.0,50.0,2013,7,29
10379.0,1962.0,Master,Single,59247.0,0.0,2.0,2013-11-08,87.0,327.0,9.0,122.0,19.0,14.0,83.0,5.0,5.0,2.0,9.0,6.0,0.0,0.0,0.0,0.0,0.0,0.0,3.0,11.0,0.0,52.0,2013,11,8
9204.0,1970.0,Graduation,Widow,66731.0,0.0,1.0,2012-09-12,33.0,371.0,81.0,194.0,58.0,81.0,126.5,4.0,4.0,3.0,6.0,3.0,0.0,0.0,0.0,0.0,0.0,0.0,3.0,11.0,0.0,44.0,2012,9,12
3197.0,1980.0,Graduation,Married,77353.0,0.0,1.0,2013-12-16,38.0,275.0,59.0,107.0,69.0,81.0,59.0,2.0,6.0,4.0,8.0,4.0,0.0,0.0,0.0,0.0,0.0,0.0,3.0,11.0,0.0,34.0,2013,12,16
2920.0,1975.0,Phd,Single,52614.0,0.0,1.0,2012-12-01,63.0,789.0,0.0,142.0,12.0,9.0,38.0,2.0,2.0,4.0,8.0,8.0,0.0,0.0,0.0,0.0,0.0,0.0,3.0,11.0,0.0,39.0,2012,12,1
6961.0,1974.0,Graduation,Married,26751.0,2.0,0.0,2014-05-22,26.0,1.0,1.0,5.0,0.0,3.0,1.0,1.0,1.0,0.0,2.0,8.0,0.0,0.0,0.0,0.0,0.0,0.0,3.0,11.0,0.0,40.0,2014,5,22
4673.0,1963.0,Phd,Married,81300.0,0.0,1.0,2012-10-30,17.0,1004.0,12.0,145.0,32.0,12.0,36.0,3.0,10.0,3.0,5.0,5.0,0.0,0.0,0.0,0.0,0.0,0.0,3.0,11.0,0.0,51.0,2012,10,30
9937.0,1979.0,Graduation,Single,70337.0,0.0,0.0,2014-01-02,75.0,187.0,81.0,149.0,25.0,43.0,91.0,1.0,2.0,2.0,12.0,1.0,0.0,0.0,0.0,0.0,0.0,0.0,3.0,11.0,0.0,35.0,2014,1,2
8779.0,1985.0,2N Cycle,Married,36145.0,1.0,0.0,2013-06-16,13.0,56.0,4.0,76.0,17.0,1.0,18.0,4.0,4.0,1.0,3.0,9.0,0.0,0.0,0.0,0.0,0.0,0.0,3.0,11.0,0.0,29.0,2013,6,16
9596.0,1980.0,Phd,Single,65295.0,0.0,0.0,2013-12-23,19.0,365.0,32.0,117.0,34.0,81.0,6.0,1.0,3.0,3.0,13.0,2.0,0.0,0.0,0.0,0.0,0.0,0.0,3.0,11.0,0.0,34.0,2013,12,23
2891.0,1963.0,Graduation,Divorced,68118.0,0.0,1.0,2013-10-18,51.0,595.0,23.0,123.0,10.0,23.0,126.5,2.0,8.0,9.0,4.0,6.0,0.0,0.0,0.0,0.0,0.0,0.0,3.0,11.0,0.0,51.0,2013,10,18
4910.0,1967.0,Graduation,Divorced,68743.0,0.0,0.0,2012-08-30,81.0,1132.0,81.0,384.0,120.5,81.0,115.0,1.0,11.0,5.0,13.0,7.0,0.0,0.0,0.0,0.0,0.0,0.0,3.0,11.0,0.0,47.0,2012,8,30
75.0,1982.0,2N Cycle,Married,41039.0,0.0,0.0,2013-07-25,32.0,34.0,11.0,137.0,120.5,61.0,45.0,1.0,8.0,1.0,5.0,8.0,0.0,0.0,0.0,0.0,0.0,0.0,3.0,11.0,0.0,32.0,2013,7,25
10120.0,1955.0,Graduation,Married,38946.0,0.0,1.0,2013-10-24,84.0,116.0,6.0,82.0,6.0,6.0,41.0,2.0,3.0,1.0,6.0,5.0,0.0,0.0,0.0,0.0,0.0,0.0,3.0,11.0,0.0,59.0,2013,10,24
6327.0,1967.0,Graduation,Married,65777.0,0.0,0.0,2013-12-19,87.0,565.0,32.0,435.0,28.0,32.0,54.0,1.0,2.0,8.0,6.0,1.0,0.0,0.0,0.0,0.0,0.0,0.0,3.0,11.0,0.0,47.0,2013,12,19
10142.0,1976.0,Phd,Divorced,66476.0,0.0,1.0,2013-03-07,99.0,372.0,18.0,126.0,47.0,48.0,78.0,2.0,5.0,2.0,11.0,4.0,0.0,0.0,0.0,0.0,0.0,0.0,3.0,11.0,0.0,38.0,2013,3,7
9826.0,1972.0,Phd,Single,86857.0,0.0,0.0,2012-09-12,96.0,899.0,81.0,556.0,120.5,81.0,40.0,1.0,5.0,6.0,10.0,2.0,0.0,0.0,0.0,0.0,0.0,0.0,3.0,11.0,0.0,42.0,2012,9,12
1501.0,1982.0,Phd,Married,117416.25,0.0,0.0,2012-08-04,21.0,55.0,16.0,556.0,17.0,3.0,4.0,6.0,0.0,10.0,1.0,0.0,0.0,0.0,0.0,0.0,0.0,0.0,3.0,11.0,0.0,32.0,2012,8,4
10767.0,1989.0,Phd,Married,77845.0,0.0,0.0,2014-05-16,40.0,760.0,40.0,480.0,0.0,40.0,26.0,1.0,3.0,5.0,12.0,1.0,0.0,0.0,0.0,0.0,0.0,0.0,3.0,11.0,0.0,25.0,2014,5,16
7279.0,1969.0,Phd,Married,69476.0,0.0,0.0,2013-09-30,3.0,260.0,81.0,556.0,63.0,9.0,67.0,1.0,4.0,6.0,4.0,2.0,0.0,0.0,0.0,0.0,0.0,0.0,3.0,11.0,0.0,45.0,2013,9,30
7230.0,1960.0,Phd,Divorced,50611.0,0.0,1.0,2012-10-04,98.0,459.0,0.0,24.0,6.0,0.0,4.0,6.0,4.0,5.0,7.0,6.0,0.0,0.0,0.0,0.0,0.0,0.0,3.0,11.0,0.0,54.0,2012,10,4
143.0,1970.0,Graduation,Single,61209.0,0.0,0.0,2013-08-25,73.0,466.0,0.0,224.0,119.0,49.0,99.0,1.0,5.0,3.0,4.0,2.0,0.0,0.0,0.0,0.0,0.0,0.0,3.0,11.0,0.0,44.0,2013,8,25
450.0,1958.0,Master,Married,42315.0,0.0,1.0,2013-07-12,90.0,67.0,15.0,80.0,17.0,11.0,80.0,3.0,1.0,4.0,4.0,3.0,0.0,0.0,0.0,0.0,0.0,0.0,3.0,11.0,0.0,56.0,2013,7,12
9316.0,1952.0,Basic,Married,13084.0,0.0,0.0,2013-11-02,29.0,2.0,0.0,7.0,3.0,7.0,10.0,1.0,1.0,0.0,3.0,6.0,0.0,0.0,0.0,0.0,0.0,0.0,3.0,11.0,0.0,62.0,2013,11,2
6379.0,1949.0,Master,Widow,47570.0,1.0,1.0,2013-05-29,3.0,67.0,1.0,20.0,0.0,2.0,31.0,3.0,2.0,2.0,2.0,7.0,0.0,0.0,0.0,0.0,0.0,0.0,3.0,11.0,0.0,65.0,2013,5,29
9239.0,1961.0,Master,Married,61923.0,0.0,2.0,2013-07-26,94.0,92.0,4.0,18.0,3.0,3.0,6.0,1.0,2.0,1.0,4.0,3.0,0.0,0.0,0.0,0.0,0.0,0.0,3.0,11.0,0.0,53.0,2013,7,26
8315.0,1995.0,Graduation,Single,34824.0,0.0,0.0,2014-03-26,65.0,4.0,2.0,11.0,2.0,0.0,4.0,1.0,1.0,0.0,2.0,6.0,0.0,0.0,0.0,0.0,0.0,0.0,3.0,11.0,0.0,19.0,2014,3,26
2868.0,1949.0,Phd,Single,26518.0,1.0,1.0,2013-04-08,33.0,20.0,1.0,28.0,3.0,3.0,2.0,3.0,2.0,0.0,3.0,8.0,0.0,0.0,0.0,0.0,0.0,0.0,3.0,11.0,0.0,65.0,2013,4,8
10888.0,1961.0,Graduation,Single,45938.0,0.0,0.0,2013-11-03,46.0,273.0,11.0,178.0,62.0,81.0,29.0,2.0,8.0,4.0,6.0,6.0,0.0,0.0,0.0,0.0,0.0,0.0,3.0,11.0,0.0,53.0,2013,11,3
1277.0,1960.0,Graduation,Married,78468.0,0.0,0.0,2014-04-09,29.0,434.0,22.0,388.0,104.0,22.0,34.0,1.0,10.0,7.0,10.0,4.0,0.0,0.0,0.0,0.0,0.0,0.0,3.0,11.0,0.0,54.0,2014,4,9
9977.0,1973.0,Graduation,Divorced,78901.0,0.0,1.0,2013-09-17,99.0,321.0,11.0,309.0,33.0,26.0,34.0,3.0,9.0,3.0,5.0,4.0,0.0,0.0,0.0,0.0,0.0,0.0,3.0,11.0,0.0,41.0,2013,9,17
10196.0,1978.0,Graduation,Married,71427.0,2.0,0.0,2014-03-12,26.0,212.0,81.0,177.0,15.0,64.0,23.0,2.0,8.0,2.0,8.0,4.0,0.0,0.0,0.0,0.0,0.0,0.0,3.0,11.0,0.0,36.0,2014,3,12
6384.0,1978.0,Graduation,Divorced,71022.0,0.0,1.0,2014-02-11,30.0,909.0,12.0,278.0,0.0,12.0,126.5,3.0,5.0,2.0,11.0,8.0,0.0,0.0,0.0,0.0,0.0,0.0,3.0,11.0,0.0,36.0,2014,2,11
8029.0,1988.0,Master,Single,90247.0,0.0,0.0,2014-04-29,27.0,1184.0,32.0,352.0,21.0,16.0,16.0,1.0,3.0,4.0,7.0,1.0,0.0,0.0,0.0,0.0,0.0,0.0,3.0,11.0,0.0,26.0,2014,4,29
968.0,1968.0,Master,Divorced,41335.0,1.0,0.0,2013-12-26,24.0,112.0,19.0,21.0,16.0,14.0,5.0,3.0,4.0,1.0,4.0,7.0,0.0,0.0,0.0,0.0,0.0,0.0,3.0,11.0,0.0,46.0,2013,12,26
6988.0,1986.0,Graduation,Married,71952.0,1.0,0.0,2013-01-10,93.0,656.0,80.0,455.0,52.0,81.0,93.0,2.0,8.0,4.0,8.0,4.0,0.0,0.0,0.0,0.0,0.0,0.0,3.0,11.0,0.0,28.0,2013,1,10
4472.0,1970.0,Phd,Divorced,35682.0,1.0,0.0,2014-06-27,34.0,23.0,0.0,8.0,6.0,2.0,18.0,1.0,1.0,1.0,3.0,2.0,0.0,0.0,0.0,0.0,0.0,0.0,3.0,11.0,0.0,44.0,2014,6,27
6991.0,1951.0,Graduation,Divorced,43185.0,0.0,1.0,2013-04-10,88.0,537.0,6.0,42.0,16.0,6.0,30.0,2.0,9.0,3.0,6.0,8.0,0.0,0.0,0.0,0.0,0.0,0.0,3.0,11.0,0.0,63.0,2013,4,10
3336.0,1948.0,Phd,Married,66375.0,0.0,1.0,2013-11-21,96.0,712.0,0.0,45.0,0.0,0.0,126.5,3.0,2.0,4.0,5.0,7.0,0.0,0.0,0.0,0.0,0.0,0.0,3.0,11.0,0.0,66.0,2013,11,21
4301.0,1971.0,Master,Married,35178.0,1.0,0.0,2013-01-10,10.0,23.0,1.0,13.0,2.0,2.0,18.0,1.0,1.0,1.0,2.0,7.0,0.0,0.0,0.0,0.0,0.0,0.0,3.0,11.0,0.0,43.0,2013,1,10
1940.0,1986.0,Graduation,Married,25252.0,1.0,0.0,2013-07-12,26.0,1.0,3.0,4.0,2.0,2.0,6.0,1.0,1.0,0.0,2.0,8.0,0.0,0.0,0.0,0.0,0.0,0.0,3.0,11.0,0.0,28.0,2013,7,12
1272.0,1965.0,Master,Single,55250.0,0.0,1.0,2012-10-21,49.0,664.0,58.0,83.0,32.0,0.0,66.0,4.0,7.0,5.0,10.0,5.0,0.0,0.0,0.0,0.0,0.0,0.0,3.0,11.0,0.0,49.0,2012,10,21
1388.0,1975.0,Graduation,Single,33249.0,1.0,0.0,2013-02-20,11.0,6.0,10.0,21.0,19.0,14.0,42.0,2.0,2.0,1.0,3.0,6.0,0.0,0.0,0.0,0.0,0.0,0.0,3.0,11.0,0.0,39.0,2013,2,20
1044.0,1953.0,Graduation,Married,58398.0,0.0,0.0,2013-05-14,44.0,299.0,5.0,201.0,21.0,21.0,49.0,3.0,5.0,4.0,8.0,4.0,0.0,0.0,0.0,0.0,0.0,0.0,3.0,11.0,0.0,61.0,2013,5,14
6969.0,1982.0,Graduation,Married,50272.0,1.0,0.0,2013-08-07,75.0,99.0,13.0,66.0,43.0,8.0,4.0,3.0,4.0,1.0,5.0,7.0,0.0,0.0,0.0,0.0,0.0,0.0,3.0,11.0,0.0,32.0,2013,8,7
10479.0,1975.0,Phd,Married,76618.0,0.0,0.0,2012-12-07,64.0,749.0,40.0,294.0,120.5,81.0,126.5,1.0,3.0,2.0,5.0,1.0,0.0,0.0,0.0,0.0,0.0,0.0,3.0,11.0,0.0,39.0,2012,12,7
3619.0,1960.0,2N Cycle,Divorced,87305.0,0.0,0.0,2012-09-23,19.0,345.0,25.0,501.0,63.0,81.0,80.0,1.0,5.0,3.0,8.0,2.0,0.0,0.0,0.0,0.0,0.0,0.0,3.0,11.0,0.0,54.0,2012,9,23
1715.0,1978.0,Graduation,Married,25851.0,1.0,0.0,2013-02-11,45.0,9.0,4.0,18.0,7.0,5.0,5.0,2.0,2.0,0.0,3.0,7.0,0.0,0.0,0.0,0.0,0.0,0.0,3.0,11.0,0.0,36.0,2013,2,11
10159.0,1970.0,Graduation,Divorced,58710.0,0.0,1.0,2013-03-31,77.0,440.0,81.0,368.0,0.0,81.0,126.5,6.0,11.0,5.0,9.0,6.0,0.0,0.0,0.0,0.0,0.0,0.0,3.0,11.0,0.0,44.0,2013,3,31
1463.0,1958.0,Graduation,Single,45160.0,1.0,1.0,2014-03-29,9.0,8.0,2.0,5.0,3.0,0.0,3.0,1.0,1.0,0.0,2.0,7.0,0.0,0.0,0.0,0.0,0.0,0.0,3.0,11.0,0.0,56.0,2014,3,29
5114.0,1965.0,Master,Married,74806.0,0.0,1.0,2012-12-19,1.0,670.0,9.0,249.0,0.0,28.0,9.0,2.0,5.0,4.0,5.0,4.0,0.0,0.0,0.0,0.0,0.0,0.0,3.0,11.0,0.0,49.0,2012,12,19
4990.0,1954.0,Graduation,Married,59111.0,0.0,0.0,2013-05-02,90.0,524.0,0.0,134.0,28.0,28.0,126.5,1.0,11.0,1.0,8.0,7.0,0.0,0.0,0.0,0.0,0.0,0.0,3.0,11.0,0.0,60.0,2013,5,2
4329.0,1984.0,Phd,Married,18988.0,1.0,0.0,2014-05-23,43.0,6.0,0.0,6.0,2.0,1.0,1.0,2.0,1.0,0.0,3.0,7.0,0.0,0.0,0.0,0.0,0.0,0.0,3.0,11.0,0.0,30.0,2014,5,23
10936.0,1965.0,Graduation,Married,72190.0,0.0,0.0,2013-02-13,79.0,597.0,81.0,556.0,120.5,81.0,126.5,1.0,5.0,6.0,4.0,3.0,0.0,0.0,0.0,0.0,0.0,0.0,3.0,11.0,0.0,49.0,2013,2,13
4692.0,1976.0,Graduation,Married,7500.0,1.0,0.0,2012-08-01,19.0,7.0,0.0,12.0,13.0,7.0,32.0,5.0,4.0,1.0,2.0,9.0,0.0,0.0,0.0,0.0,0.0,0.0,3.0,11.0,0.0,38.0,2012,8,1
7212.0,1966.0,Graduation,Married,44794.0,0.0,1.0,2014-06-08,99.0,54.0,0.0,7.0,0.0,0.0,4.0,1.0,2.0,0.0,3.0,6.0,0.0,0.0,0.0,0.0,0.0,0.0,3.0,11.0,0.0,48.0,2014,6,8
6086.0,1955.0,Graduation,Married,80395.0,0.0,0.0,2013-11-23,62.0,445.0,25.0,556.0,80.0,76.0,48.0,1.0,6.0,5.0,12.0,2.0,0.0,0.0,0.0,0.0,0.0,0.0,3.0,11.0,0.0,59.0,2013,11,23
437.0,1976.0,Master,Divorced,75012.0,0.0,0.0,2014-01-25,41.0,294.0,81.0,218.0,120.5,58.0,126.5,1.0,3.0,8.0,11.0,1.0,0.0,0.0,0.0,0.0,0.0,0.0,3.0,11.0,0.0,38.0,2014,1,25
11171.0,1965.0,Master,Married,56962.0,2.0,1.0,2013-10-11,60.0,292.0,3.0,77.0,10.0,3.0,26.0,6.0,6.0,3.0,5.0,7.0,0.0,0.0,0.0,0.0,0.0,0.0,3.0,11.0,0.0,49.0,2013,10,11
11101.0,1991.0,Graduation,Married,89891.0,0.0,0.0,2013-04-15,17.0,412.0,22.0,132.0,59.0,28.0,126.5,1.0,11.0,6.0,8.0,4.0,0.0,0.0,0.0,0.0,0.0,0.0,3.0,11.0,0.0,23.0,2013,4,15
5329.0,1949.0,Phd,Divorced,35946.0,1.0,1.0,2013-09-27,24.0,8.0,0.0,3.0,0.0,0.0,0.0,1.0,0.0,0.0,3.0,5.0,0.0,0.0,0.0,0.0,0.0,0.0,3.0,11.0,0.0,65.0,2013,9,27
610.0,1953.0,Phd,Married,53593.0,1.0,1.0,2012-08-07,60.0,349.0,4.0,78.0,6.0,0.0,43.0,6.0,7.0,2.0,6.0,8.0,0.0,0.0,0.0,0.0,0.0,0.0,3.0,11.0,0.0,61.0,2012,8,7
9384.0,1978.0,Graduation,Married,66373.0,1.0,1.0,2013-06-12,57.0,328.0,9.0,124.0,12.0,24.0,109.0,6.0,4.0,2.0,10.0,3.0,0.0,0.0,0.0,0.0,0.0,0.0,3.0,11.0,0.0,36.0,2013,6,12
5956.0,1948.0,Phd,Divorced,45072.0,1.0,2.0,2013-10-16,74.0,144.0,2.0,99.0,7.0,2.0,30.0,5.0,6.0,1.0,4.0,8.0,0.0,0.0,0.0,0.0,0.0,0.0,3.0,11.0,0.0,66.0,2013,10,16
10430.0,1973.0,Graduation,Divorced,89694.0,1.0,1.0,2013-10-09,22.0,1126.0,28.0,211.0,37.0,28.0,42.0,3.0,4.0,3.0,4.0,5.0,0.0,0.0,0.0,0.0,0.0,0.0,3.0,11.0,0.0,41.0,2013,10,9
7875.0,1949.0,Graduation,Married,72025.0,0.0,0.0,2014-04-29,46.0,967.0,0.0,556.0,43.0,50.0,0.0,1.0,4.0,8.0,13.0,2.0,0.0,0.0,0.0,0.0,0.0,0.0,3.0,11.0,0.0,65.0,2014,4,29
7072.0,1973.0,Graduation,Married,67432.0,0.0,1.0,2013-03-29,69.0,432.0,79.0,341.0,120.5,81.0,126.5,2.0,8.0,5.0,4.0,4.0,0.0,0.0,0.0,0.0,0.0,0.0,3.0,11.0,0.0,41.0,2013,3,29
6255.0,1952.0,Master,Married,70545.0,0.0,1.0,2014-06-03,29.0,138.0,39.0,63.0,55.0,18.0,21.0,1.0,4.0,1.0,7.0,2.0,0.0,0.0,0.0,0.0,0.0,0.0,3.0,11.0,0.0,62.0,2014,6,3
6516.0,1989.0,Basic,Married,17487.0,1.0,0.0,2013-03-18,37.0,0.0,0.0,1.0,7.0,4.0,6.0,1.0,1.0,0.0,2.0,7.0,0.0,0.0,0.0,0.0,0.0,0.0,3.0,11.0,0.0,25.0,2013,3,18
5564.0,1969.0,Graduation,Married,62882.0,0.0,1.0,2012-08-09,26.0,509.0,81.0,497.0,78.0,24.0,97.0,2.0,7.0,5.0,6.0,4.0,0.0,0.0,0.0,0.0,0.0,0.0,3.0,11.0,0.0,45.0,2012,8,9
5682.0,1953.0,Phd,Single,64108.0,0.0,1.0,2013-03-23,8.0,948.0,10.0,86.0,13.0,21.0,21.0,4.0,6.0,9.0,11.0,5.0,0.0,0.0,0.0,0.0,0.0,0.0,3.0,11.0,0.0,61.0,2013,3,23
7458.0,1956.0,Master,Married,34941.0,1.0,1.0,2013-03-06,26.0,39.0,2.0,25.0,4.0,3.0,24.0,2.0,3.0,0.0,3.0,8.0,0.0,0.0,0.0,0.0,0.0,0.0,3.0,11.0,0.0,58.0,2013,3,6
5237.0,1950.0,Phd,Single,48767.0,1.0,2.0,2014-01-01,79.0,28.0,1.0,21.0,3.0,0.0,10.0,3.0,2.0,1.0,3.0,5.0,0.0,0.0,0.0,0.0,0.0,0.0,3.0,11.0,0.0,64.0,2014,1,1
7761.0,1978.0,2N Cycle,Married,38702.0,1.0,0.0,2013-08-01,71.0,13.0,11.0,24.0,13.0,8.0,40.0,2.0,3.0,0.0,4.0,6.0,0.0,0.0,0.0,0.0,0.0,0.0,3.0,11.0,0.0,36.0,2013,8,1
5278.0,1964.0,Graduation,Married,82224.0,0.0,0.0,2014-01-25,83.0,307.0,26.0,360.0,120.5,31.0,40.0,1.0,6.0,9.0,5.0,3.0,0.0,0.0,0.0,0.0,0.0,0.0,3.0,11.0,0.0,50.0,2014,1,25
3560.0,1952.0,Graduation,Married,83844.0,0.0,0.0,2013-05-12,57.0,901.0,31.0,345.0,75.0,31.0,126.5,1.0,4.0,4.0,11.0,1.0,0.0,0.0,0.0,0.0,0.0,0.0,3.0,11.0,0.0,62.0,2013,5,12
7235.0,1975.0,2N Cycle,Married,17003.0,1.0,0.0,2013-12-09,37.0,2.0,5.0,12.0,4.0,8.0,7.0,3.0,2.0,0.0,4.0,5.0,0.0,0.0,0.0,0.0,0.0,0.0,3.0,11.0,0.0,39.0,2013,12,9
10548.0,1995.0,Graduation,Single,71163.0,0.0,0.0,2014-03-09,30.0,283.0,17.0,372.0,120.5,81.0,44.0,1.0,3.0,8.0,12.0,1.0,0.0,0.0,0.0,0.0,0.0,0.0,3.0,11.0,0.0,19.0,2014,3,9
2281.0,1970.0,Graduation,Single,33697.0,1.0,0.0,2013-09-15,34.0,4.0,3.0,7.0,0.0,3.0,11.0,1.0,1.0,0.0,2.0,7.0,0.0,0.0,0.0,0.0,0.0,0.0,3.0,11.0,0.0,44.0,2013,9,15
4073.0,1954.0,2N Cycle,Married,63564.0,0.0,0.0,2014-01-29,0.0,769.0,80.0,252.0,15.0,34.0,65.0,1.0,10.0,10.0,7.0,6.0,0.0,0.0,0.0,0.0,0.0,0.0,3.0,11.0,0.0,60.0,2014,1,29
6974.0,1972.0,Phd,Married,83443.0,0.0,0.0,2013-12-31,89.0,518.0,42.0,556.0,55.0,56.0,84.0,1.0,6.0,10.0,5.0,2.0,0.0,0.0,0.0,0.0,0.0,0.0,3.0,11.0,0.0,42.0,2013,12,31
7938.0,1958.0,Phd,Married,51518.0,0.0,1.0,2013-10-03,92.0,350.0,8.0,66.0,17.0,4.0,4.0,2.0,3.0,2.0,10.0,3.0,0.0,0.0,0.0,0.0,0.0,0.0,3.0,11.0,0.0,56.0,2013,10,3
7094.0,1975.0,Graduation,Widow,58330.0,0.0,1.0,2013-12-25,87.0,445.0,53.0,213.0,104.0,81.0,126.5,1.0,6.0,4.0,13.0,4.0,0.0,0.0,0.0,0.0,0.0,0.0,3.0,11.0,0.0,39.0,2013,12,25
3667.0,1969.0,Graduation,Married,80952.0,0.0,0.0,2013-02-28,20.0,778.0,81.0,556.0,41.0,27.0,44.0,1.0,8.0,5.0,11.0,8.0,0.0,0.0,0.0,0.0,0.0,0.0,3.0,11.0,0.0,45.0,2013,2,28
7723.0,1979.0,Graduation,Married,75507.0,0.0,0.0,2014-05-02,56.0,709.0,81.0,374.0,104.0,80.0,80.0,1.0,8.0,6.0,6.0,3.0,0.0,0.0,0.0,0.0,0.0,0.0,3.0,11.0,0.0,35.0,2014,5,2
3870.0,1978.0,2N Cycle,Married,63855.0,0.0,0.0,2013-02-09,28.0,359.0,35.0,314.0,93.0,81.0,89.0,1.0,7.0,3.0,13.0,4.0,0.0,0.0,0.0,0.0,0.0,0.0,3.0,11.0,0.0,36.0,2013,2,9
4012.0,1972.0,Phd,Married,62220.0,0.0,1.0,2012-08-11,55.0,799.0,12.0,375.0,16.0,12.0,12.0,5.0,7.0,6.0,5.0,6.0,0.0,0.0,0.0,0.0,0.0,0.0,3.0,11.0,0.0,42.0,2012,8,11
5909.0,1964.0,Graduation,Married,58512.0,0.0,1.0,2013-09-19,25.0,895.0,10.0,101.0,13.0,0.0,126.5,5.0,3.0,4.0,8.0,8.0,0.0,0.0,0.0,0.0,0.0,0.0,3.0,11.0,0.0,50.0,2013,9,19
10470.0,1979.0,Master,Married,40662.0,1.0,0.0,2013-03-15,0.0,40.0,2.0,23.0,0.0,4.0,23.0,2.0,2.0,1.0,3.0,4.0,0.0,0.0,0.0,0.0,0.0,0.0,3.0,11.0,0.0,35.0,2013,3,15
6488.0,1959.0,Phd,Married,38829.0,0.0,1.0,2014-04-06,86.0,76.0,0.0,7.0,0.0,0.0,16.0,1.0,3.0,2.0,2.0,5.0,0.0,0.0,0.0,0.0,0.0,0.0,3.0,11.0,0.0,55.0,2014,4,6
10270.0,1981.0,2N Cycle,Married,35523.0,1.0,0.0,2013-10-03,8.0,11.0,5.0,22.0,12.0,5.0,11.0,2.0,3.0,0.0,3.0,7.0,0.0,0.0,0.0,0.0,0.0,0.0,3.0,11.0,0.0,33.0,2013,10,3
6887.0,1967.0,Graduation,Single,79146.0,1.0,1.0,2014-04-24,33.0,245.0,16.0,223.0,21.0,43.0,16.0,2.0,8.0,1.0,8.0,6.0,0.0,0.0,0.0,0.0,0.0,0.0,3.0,11.0,0.0,47.0,2014,4,24
6406.0,1988.0,Master,Married,78285.0,0.0,0.0,2013-10-28,13.0,647.0,81.0,391.0,120.5,67.0,40.0,1.0,6.0,4.0,10.0,3.0,0.0,0.0,0.0,0.0,0.0,0.0,3.0,11.0,0.0,26.0,2013,10,28
7573.0,1978.0,Phd,Single,31626.0,1.0,0.0,2013-05-10,12.0,39.0,1.0,9.0,2.0,1.0,34.0,1.0,2.0,1.0,2.0,7.0,0.0,0.0,0.0,0.0,0.0,0.0,3.0,11.0,0.0,36.0,2013,5,10
4508.0,1952.0,Graduation,Single,75127.0,0.0,0.0,2014-05-22,92.0,203.0,35.0,305.0,46.0,17.0,126.5,1.0,2.0,10.0,5.0,1.0,0.0,0.0,0.0,0.0,0.0,0.0,3.0,11.0,0.0,62.0,2014,5,22
221.0,1955.0,Graduation,Married,48726.0,0.0,1.0,2013-04-27,90.0,138.0,3.0,38.0,4.0,0.0,59.0,3.0,3.0,2.0,4.0,6.0,0.0,0.0,0.0,0.0,0.0,0.0,3.0,11.0,0.0,59.0,2013,4,27
5331.0,1977.0,Graduation,Married,74985.0,0.0,0.0,2012-09-11,8.0,587.0,51.0,556.0,120.5,0.0,86.0,1.0,3.0,6.0,7.0,2.0,0.0,0.0,0.0,0.0,0.0,0.0,3.0,11.0,0.0,37.0,2012,9,11
1911.0,1987.0,Graduation,Married,67430.0,0.0,0.0,2012-09-05,6.0,595.0,81.0,291.0,120.5,81.0,121.0,1.0,11.0,5.0,12.0,6.0,0.0,0.0,0.0,0.0,0.0,0.0,3.0,11.0,0.0,27.0,2012,9,5
20.0,1965.0,2N Cycle,Married,46891.0,0.0,1.0,2013-09-01,91.0,43.0,12.0,23.0,29.0,15.0,61.0,1.0,2.0,1.0,4.0,4.0,0.0,0.0,0.0,0.0,0.0,0.0,3.0,11.0,0.0,49.0,2013,9,1
8786.0,1956.0,Master,Married,62058.0,0.0,1.0,2013-05-26,52.0,301.0,7.0,74.0,10.0,0.0,58.0,4.0,6.0,1.0,7.0,6.0,0.0,0.0,0.0,0.0,0.0,0.0,3.0,11.0,0.0,58.0,2013,5,26
10582.0,1979.0,Graduation,Married,72063.0,0.0,1.0,2013-07-03,3.0,180.0,32.0,348.0,76.0,32.0,90.0,2.0,5.0,2.0,12.0,2.0,0.0,0.0,0.0,0.0,0.0,0.0,3.0,11.0,0.0,35.0,2013,7,3
1915.0,1951.0,Phd,Married,78939.0,0.0,0.0,2013-12-12,57.0,794.0,81.0,243.0,120.5,0.0,126.5,1.0,8.0,5.0,6.0,3.0,0.0,0.0,0.0,0.0,0.0,0.0,3.0,11.0,0.0,63.0,2013,12,12
8897.0,1965.0,Graduation,Single,42720.0,1.0,1.0,2013-04-24,9.0,392.0,5.0,91.0,28.0,26.0,112.0,6.0,7.0,3.0,7.0,8.0,0.0,0.0,0.0,0.0,0.0,0.0,3.0,11.0,0.0,49.0,2013,4,24
2371.0,1972.0,Graduation,Married,33622.0,1.0,1.0,2013-04-13,22.0,39.0,1.0,22.0,3.0,4.0,12.0,3.0,2.0,0.0,4.0,7.0,0.0,0.0,0.0,0.0,0.0,0.0,3.0,11.0,0.0,42.0,2013,4,13
4303.0,1957.0,Phd,Married,6835.0,0.0,1.0,2012-12-08,76.0,107.0,2.0,12.0,2.0,2.0,12.0,0.0,0.0,0.0,1.0,13.0,0.0,0.0,0.0,0.0,0.0,0.0,3.0,11.0,0.0,57.0,2012,12,8
6825.0,1953.0,Graduation,Married,41452.0,1.0,1.0,2013-03-06,86.0,13.0,0.0,3.0,0.0,0.0,0.0,1.0,1.0,0.0,2.0,7.0,0.0,0.0,0.0,0.0,0.0,0.0,3.0,11.0,0.0,61.0,2013,3,6
1072.0,1965.0,Phd,Single,40760.0,0.0,1.0,2013-08-30,64.0,70.0,0.0,17.0,0.0,0.0,6.0,2.0,2.0,1.0,3.0,6.0,0.0,0.0,0.0,0.0,0.0,0.0,3.0,11.0,0.0,49.0,2013,8,30
4964.0,1958.0,Phd,Married,74250.0,0.0,0.0,2014-01-26,90.0,680.0,11.0,392.0,75.0,0.0,0.0,1.0,2.0,10.0,4.0,1.0,0.0,0.0,0.0,0.0,0.0,0.0,3.0,11.0,0.0,56.0,2014,1,26
2461.0,1955.0,Master,Single,51124.0,1.0,1.0,2013-12-18,79.0,26.0,1.0,11.0,0.0,1.0,4.0,2.0,1.0,0.0,3.0,3.0,0.0,0.0,0.0,0.0,0.0,0.0,3.0,11.0,0.0,59.0,2013,12,18
10736.0,1971.0,Graduation,Single,72258.0,0.0,1.0,2013-09-12,28.0,522.0,0.0,522.0,120.5,81.0,126.5,2.0,6.0,9.0,5.0,2.0,0.0,0.0,0.0,0.0,0.0,0.0,3.0,11.0,0.0,43.0,2013,9,12
3194.0,1974.0,Phd,Single,71466.0,0.0,0.0,2014-04-05,86.0,412.0,12.0,546.0,78.0,81.0,0.0,1.0,4.0,4.0,10.0,1.0,0.0,0.0,0.0,0.0,0.0,0.0,3.0,11.0,0.0,40.0,2014,4,5
10839.0,1976.0,Graduation,Married,36283.0,1.0,1.0,2014-04-14,42.0,6.0,5.0,5.0,8.0,0.0,5.0,2.0,1.0,0.0,3.0,4.0,0.0,0.0,0.0,0.0,0.0,0.0,3.0,11.0,0.0,38.0,2014,4,14
49.0,1970.0,Graduation,Single,20587.0,1.0,0.0,2014-05-11,39.0,2.0,3.0,6.0,4.0,1.0,9.0,1.0,1.0,1.0,2.0,7.0,0.0,0.0,0.0,0.0,0.0,0.0,3.0,11.0,0.0,44.0,2014,5,11
4290.0,1972.0,Graduation,Married,30467.0,1.0,0.0,2014-03-19,8.0,1.0,3.0,8.0,2.0,5.0,5.0,1.0,1.0,0.0,2.0,7.0,0.0,0.0,0.0,0.0,0.0,0.0,3.0,11.0,0.0,42.0,2014,3,19
10219.0,1972.0,Graduation,Married,31590.0,1.0,0.0,2013-06-18,40.0,6.0,2.0,15.0,6.0,6.0,3.0,1.0,1.0,0.0,3.0,8.0,0.0,0.0,0.0,0.0,0.0,0.0,3.0,11.0,0.0,42.0,2013,6,18
4211.0,1986.0,Basic,Married,20425.0,1.0,0.0,2012-10-29,5.0,4.0,12.0,5.0,3.0,16.0,17.0,2.0,2.0,0.0,3.0,7.0,0.0,0.0,0.0,0.0,0.0,0.0,3.0,11.0,0.0,28.0,2012,10,29
1135.0,1960.0,Master,Married,17144.0,1.0,1.0,2014-02-15,96.0,18.0,2.0,19.0,0.0,2.0,6.0,5.0,3.0,0.0,4.0,7.0,0.0,0.0,0.0,0.0,0.0,0.0,3.0,11.0,0.0,54.0,2014,2,15
6299.0,1968.0,Phd,Divorced,42564.0,0.0,1.0,2013-01-02,28.0,324.0,48.0,186.0,39.0,18.0,126.5,6.0,6.0,8.0,4.0,7.0,0.0,0.0,0.0,0.0,0.0,0.0,3.0,11.0,0.0,46.0,2013,1,2
10846.0,1978.0,Master,Married,43783.0,1.0,0.0,2014-05-29,22.0,327.0,9.0,125.0,25.0,4.0,126.5,6.0,7.0,1.0,8.0,7.0,0.0,0.0,0.0,0.0,0.0,0.0,3.0,11.0,0.0,36.0,2014,5,29
347.0,1976.0,Graduation,Divorced,40780.0,0.0,1.0,2012-09-08,30.0,229.0,27.0,71.0,13.0,3.0,34.0,4.0,7.0,1.0,5.0,9.0,0.0,0.0,0.0,0.0,0.0,0.0,3.0,11.0,0.0,38.0,2012,9,8
6543.0,1945.0,Master,Married,62847.0,0.0,0.0,2013-01-15,45.0,521.0,81.0,556.0,80.0,76.0,61.0,1.0,3.0,6.0,4.0,2.0,0.0,0.0,0.0,0.0,0.0,0.0,3.0,11.0,0.0,69.0,2013,1,15
10446.0,1957.0,Phd,Married,82017.0,0.0,0.0,2012-11-07,58.0,184.0,23.0,446.0,30.0,23.0,23.0,1.0,5.0,4.0,7.0,2.0,0.0,0.0,0.0,0.0,0.0,0.0,3.0,11.0,0.0,57.0,2012,11,7
3479.0,1950.0,Graduation,Single,16813.0,0.0,0.0,2013-07-19,49.0,4.0,8.0,11.0,12.0,2.0,13.0,1.0,2.0,0.0,3.0,7.0,0.0,0.0,0.0,0.0,0.0,0.0,3.0,11.0,0.0,64.0,2013,7,19
11075.0,1978.0,Graduation,Married,51267.0,1.0,1.0,2013-10-29,37.0,183.0,2.0,64.0,7.0,2.0,12.0,4.0,3.0,3.0,5.0,4.0,0.0,0.0,0.0,0.0,0.0,0.0,3.0,11.0,0.0,36.0,2013,10,29
4442.0,1961.0,Graduation,Single,46524.0,0.0,1.0,2013-04-05,70.0,31.0,19.0,35.0,26.0,14.0,52.0,2.0,1.0,1.0,5.0,3.0,0.0,0.0,0.0,0.0,0.0,0.0,3.0,11.0,0.0,53.0,2013,4,5
199.0,1962.0,Master,Single,45183.0,0.0,0.0,2013-01-20,33.0,219.0,3.0,60.0,12.0,9.0,12.0,1.0,4.0,1.0,7.0,7.0,0.0,0.0,0.0,0.0,0.0,0.0,3.0,11.0,0.0,52.0,2013,1,20
6722.0,1954.0,Phd,Married,70421.0,0.0,1.0,2014-06-28,98.0,479.0,28.0,136.0,75.0,14.0,35.0,3.0,10.0,3.0,7.0,6.0,0.0,0.0,0.0,0.0,0.0,0.0,3.0,11.0,0.0,60.0,2014,6,28
796.0,1965.0,2N Cycle,Divorced,60161.0,0.0,1.0,2012-10-23,17.0,584.0,44.0,212.0,46.0,8.0,126.5,3.0,11.0,4.0,8.0,8.0,0.0,0.0,0.0,0.0,0.0,0.0,3.0,11.0,0.0,49.0,2012,10,23
3749.0,1973.0,Graduation,Married,73926.0,0.0,0.0,2013-03-02,54.0,627.0,81.0,556.0,120.5,81.0,15.0,1.0,6.0,5.0,12.0,3.0,0.0,0.0,0.0,0.0,0.0,0.0,3.0,11.0,0.0,41.0,2013,3,2
8523.0,1968.0,Graduation,Married,19329.0,1.0,0.0,2013-12-14,39.0,24.0,1.0,16.0,12.0,2.0,5.0,3.0,4.0,0.0,3.0,8.0,0.0,0.0,0.0,0.0,0.0,0.0,3.0,11.0,0.0,46.0,2013,12,14
310.0,1970.0,Master,Married,61872.0,0.0,1.0,2013-12-13,81.0,330.0,5.0,159.0,36.0,27.0,16.0,4.0,4.0,4.0,9.0,4.0,0.0,0.0,0.0,0.0,0.0,0.0,3.0,11.0,0.0,44.0,2013,12,13
8629.0,1956.0,Graduation,Widow,46984.0,1.0,1.0,2013-03-26,71.0,19.0,1.0,10.0,2.0,1.0,8.0,1.0,1.0,0.0,3.0,5.0,0.0,0.0,0.0,0.0,0.0,0.0,3.0,11.0,0.0,58.0,2013,3,26
236.0,1951.0,Graduation,Married,34838.0,1.0,1.0,2013-01-19,62.0,28.0,23.0,29.0,29.0,14.0,47.0,3.0,2.0,1.0,4.0,6.0,0.0,0.0,0.0,0.0,0.0,0.0,3.0,11.0,0.0,63.0,2013,1,19
9930.0,1944.0,Phd,Single,82716.0,0.0,0.0,2013-11-05,8.0,606.0,81.0,228.0,15.0,81.0,22.0,1.0,6.0,8.0,13.0,2.0,0.0,0.0,0.0,0.0,0.0,0.0,3.0,11.0,0.0,70.0,2013,11,5
3483.0,1958.0,Graduation,Married,48192.0,0.0,0.0,2013-04-06,76.0,1039.0,43.0,204.0,120.5,58.0,29.0,3.0,2.0,8.0,12.0,8.0,0.0,0.0,0.0,0.0,0.0,0.0,3.0,11.0,0.0,56.0,2013,4,6
4599.0,1976.0,Master,Married,49681.0,0.0,2.0,2013-11-04,66.0,411.0,0.0,26.0,0.0,0.0,21.0,6.0,7.0,1.0,7.0,7.0,0.0,0.0,0.0,0.0,0.0,0.0,3.0,11.0,0.0,38.0,2013,11,4
7326.0,1971.0,Master,Married,56850.0,0.0,1.0,2014-03-23,83.0,34.0,1.0,19.0,2.0,7.0,0.0,1.0,1.0,1.0,3.0,2.0,0.0,0.0,0.0,0.0,0.0,0.0,3.0,11.0,0.0,43.0,2014,3,23
7352.0,1957.0,Graduation,Married,55267.0,0.0,1.0,2013-10-21,28.0,161.0,28.0,136.0,32.0,3.0,45.0,4.0,3.0,4.0,6.0,3.0,0.0,0.0,0.0,0.0,0.0,0.0,3.0,11.0,0.0,57.0,2013,10,21
2350.0,1972.0,Graduation,Married,59666.0,1.0,1.0,2013-03-22,87.0,623.0,53.0,178.0,23.0,17.0,126.5,6.0,3.0,2.0,8.0,8.0,0.0,0.0,0.0,0.0,0.0,0.0,3.0,11.0,0.0,42.0,2013,3,22
9145.0,1972.0,Graduation,Single,72504.0,0.0,1.0,2013-04-06,43.0,604.0,26.0,470.0,120.5,81.0,94.0,2.0,5.0,9.0,6.0,2.0,0.0,0.0,0.0,0.0,0.0,0.0,3.0,11.0,0.0,42.0,2013,4,6
2964.0,1981.0,Graduation,Married,26872.0,0.0,0.0,2013-10-16,0.0,3.0,10.0,8.0,3.0,16.0,32.0,1.0,1.0,1.0,2.0,6.0,0.0,0.0,0.0,0.0,0.0,0.0,3.0,11.0,0.0,33.0,2013,10,16
5585.0,1972.0,Graduation,Single,21359.0,1.0,0.0,2013-04-20,1.0,12.0,2.0,17.0,6.0,1.0,10.0,2.0,2.0,0.0,3.0,8.0,0.0,0.0,0.0,0.0,0.0,0.0,3.0,11.0,0.0,42.0,2013,4,20
9687.0,1975.0,Graduation,Single,73170.0,0.0,0.0,2014-05-31,1.0,184.0,81.0,256.0,50.0,30.0,32.0,1.0,5.0,4.0,6.0,2.0,0.0,0.0,0.0,0.0,0.0,0.0,3.0,11.0,0.0,39.0,2014,5,31
3732.0,1955.0,Master,Married,52750.0,0.0,1.0,2013-02-04,72.0,393.0,0.0,239.0,90.0,69.0,69.0,6.0,5.0,7.0,9.0,4.0,0.0,0.0,0.0,0.0,0.0,0.0,3.0,11.0,0.0,59.0,2013,2,4
6303.0,1986.0,Phd,Married,91820.0,0.0,0.0,2013-11-23,72.0,410.0,73.0,556.0,76.0,81.0,30.0,0.0,5.0,5.0,12.0,1.0,0.0,0.0,0.0,0.0,0.0,0.0,3.0,11.0,0.0,28.0,2013,11,23
11176.0,1970.0,Phd,Married,65968.0,0.0,1.0,2014-05-12,12.0,376.0,9.0,83.0,19.0,4.0,4.0,2.0,5.0,4.0,7.0,3.0,0.0,0.0,0.0,0.0,0.0,0.0,3.0,11.0,0.0,44.0,2014,5,12
2986.0,1976.0,Graduation,Married,30772.0,1.0,1.0,2014-03-12,89.0,7.0,2.0,4.0,2.0,1.0,4.0,1.0,1.0,0.0,2.0,6.0,0.0,0.0,0.0,0.0,0.0,0.0,3.0,11.0,0.0,38.0,2014,3,12
7462.0,1954.0,Graduation,Single,22507.0,0.0,0.0,2012-11-24,67.0,68.0,0.0,226.0,51.0,81.0,68.0,3.0,10.0,2.0,4.0,9.0,0.0,0.0,0.0,0.0,0.0,0.0,3.0,11.0,0.0,60.0,2012,11,24
3900.0,1972.0,Graduation,Married,65685.0,0.0,1.0,2014-03-29,54.0,642.0,14.0,49.0,0.0,7.0,57.0,1.0,9.0,2.0,9.0,5.0,0.0,0.0,0.0,0.0,0.0,0.0,3.0,11.0,0.0,42.0,2014,3,29
7034.0,1978.0,2N Cycle,Married,25804.0,1.0,0.0,2013-09-01,34.0,8.0,7.0,9.0,13.0,6.0,12.0,2.0,2.0,0.0,3.0,8.0,0.0,0.0,0.0,0.0,0.0,0.0,3.0,11.0,0.0,36.0,2013,9,1
9493.0,1980.0,Phd,Single,76412.0,0.0,0.0,2013-05-05,15.0,840.0,53.0,556.0,23.0,71.0,17.0,1.0,5.0,4.0,8.0,3.0,0.0,0.0,0.0,0.0,0.0,0.0,3.0,11.0,0.0,34.0,2013,5,5
1143.0,1972.0,Graduation,Married,22063.0,1.0,0.0,2013-08-08,43.0,7.0,10.0,13.0,3.0,11.0,11.0,2.0,2.0,0.0,3.0,7.0,0.0,0.0,0.0,0.0,0.0,0.0,3.0,11.0,0.0,42.0,2013,8,8
1.0,1961.0,Graduation,Single,57091.0,0.0,0.0,2014-06-15,0.0,464.0,5.0,64.0,7.0,0.0,37.0,1.0,7.0,3.0,7.0,5.0,0.0,0.0,0.0,0.0,0.0,0.0,3.0,11.0,0.0,53.0,2014,6,15
3855.0,1963.0,Graduation,Married,22419.0,0.0,0.0,2013-04-18,74.0,30.0,3.0,47.0,19.0,21.0,42.0,1.0,3.0,2.0,2.0,8.0,0.0,0.0,0.0,0.0,0.0,0.0,3.0,11.0,0.0,51.0,2013,4,18
5536.0,1959.0,Graduation,Married,87771.0,0.0,1.0,2013-05-22,61.0,1225.0,38.0,287.0,50.0,57.0,33.0,1.0,5.0,10.0,4.0,6.0,0.0,0.0,0.0,0.0,0.0,0.0,3.0,11.0,0.0,55.0,2013,5,22
5989.0,1959.0,2N Cycle,Divorced,78353.0,0.0,1.0,2013-04-16,51.0,752.0,81.0,476.0,39.0,81.0,34.0,1.0,10.0,2.0,11.0,8.0,0.0,0.0,0.0,0.0,0.0,0.0,3.0,11.0,0.0,55.0,2013,4,16
9499.0,1954.0,Graduation,Married,93404.0,1.0,2.0,2013-05-07,97.0,1225.0,15.0,287.0,20.0,0.0,15.0,3.0,3.0,4.0,7.0,5.0,0.0,0.0,0.0,0.0,0.0,0.0,3.0,11.0,0.0,60.0,2013,5,7
6768.0,1962.0,Graduation,Divorced,37859.0,1.0,2.0,2013-01-12,75.0,22.0,1.0,8.0,2.0,1.0,2.0,2.0,1.0,0.0,3.0,8.0,0.0,0.0,0.0,0.0,0.0,0.0,3.0,11.0,0.0,52.0,2013,1,12
2150.0,1958.0,Phd,Widow,80995.0,0.0,1.0,2013-05-11,83.0,860.0,28.0,409.0,73.0,56.0,56.0,1.0,8.0,9.0,4.0,4.0,0.0,0.0,0.0,0.0,0.0,0.0,3.0,11.0,0.0,56.0,2013,5,11
6646.0,1984.0,Graduation,Married,16529.0,1.0,0.0,2014-03-01,23.0,3.0,0.0,5.0,13.0,0.0,1.0,1.0,1.0,0.0,3.0,6.0,0.0,0.0,0.0,0.0,0.0,0.0,3.0,11.0,0.0,30.0,2014,3,1
4887.0,1976.0,Phd,Divorced,55412.0,1.0,1.0,2013-11-22,65.0,10.0,5.0,28.0,11.0,1.0,8.0,1.0,2.0,0.0,3.0,5.0,0.0,0.0,0.0,0.0,0.0,0.0,3.0,11.0,0.0,38.0,2013,11,22
8560.0,1992.0,Graduation,Single,48789.0,0.0,0.0,2012-09-10,94.0,351.0,16.0,156.0,7.0,5.0,126.5,1.0,6.0,4.0,7.0,6.0,0.0,0.0,0.0,0.0,0.0,0.0,3.0,11.0,0.0,22.0,2012,9,10
3321.0,1967.0,Phd,Married,56575.0,0.0,2.0,2013-05-05,42.0,421.0,5.0,90.0,0.0,16.0,10.0,3.0,7.0,3.0,7.0,5.0,0.0,0.0,0.0,0.0,0.0,0.0,3.0,11.0,0.0,47.0,2013,5,5
11003.0,1980.0,2N Cycle,Married,25130.0,1.0,0.0,2013-10-02,10.0,2.0,5.0,7.0,0.0,18.0,18.0,2.0,2.0,0.0,3.0,7.0,0.0,0.0,0.0,0.0,0.0,0.0,3.0,11.0,0.0,34.0,2013,10,2
10402.0,1967.0,Graduation,Married,35441.0,1.0,1.0,2013-02-14,94.0,25.0,1.0,9.0,2.0,1.0,1.0,2.0,1.0,0.0,3.0,8.0,0.0,0.0,0.0,0.0,0.0,0.0,3.0,11.0,0.0,47.0,2013,2,14
9904.0,1956.0,Graduation,Married,71391.0,0.0,1.0,2013-03-29,50.0,336.0,81.0,274.0,46.0,81.0,126.5,5.0,6.0,5.0,12.0,3.0,0.0,0.0,0.0,0.0,0.0,0.0,3.0,11.0,0.0,58.0,2013,3,29
6141.0,1972.0,Master,Single,49494.0,1.0,0.0,2013-04-25,46.0,191.0,9.0,97.0,0.0,6.0,82.0,2.0,6.0,1.0,5.0,7.0,0.0,0.0,0.0,0.0,0.0,0.0,3.0,11.0,0.0,42.0,2013,4,25
5687.0,1980.0,Graduation,Divorced,81702.0,0.0,0.0,2012-09-23,98.0,563.0,50.0,556.0,28.0,31.0,126.5,1.0,7.0,7.0,12.0,3.0,0.0,0.0,0.0,0.0,0.0,0.0,3.0,11.0,0.0,34.0,2012,9,23
10856.0,1980.0,2N Cycle,Single,45889.0,0.0,1.0,2013-07-02,42.0,31.0,0.0,6.0,0.0,1.0,8.0,1.0,1.0,0.0,3.0,6.0,0.0,0.0,0.0,0.0,0.0,0.0,3.0,11.0,0.0,34.0,2013,7,2
5121.0,1977.0,Graduation,Single,56628.0,0.0,1.0,2014-03-21,30.0,479.0,5.0,82.0,7.0,17.0,126.5,2.0,7.0,6.0,5.0,5.0,0.0,0.0,0.0,0.0,0.0,0.0,3.0,11.0,0.0,37.0,2014,3,21
4186.0,1950.0,Graduation,Married,34026.0,1.0,1.0,2013-08-05,11.0,18.0,6.0,15.0,12.0,8.0,17.0,3.0,2.0,1.0,3.0,5.0,0.0,0.0,0.0,0.0,0.0,0.0,3.0,11.0,0.0,64.0,2013,8,5
368.0,1974.0,Graduation,Married,40049.0,0.0,1.0,2012-11-29,61.0,91.0,65.0,52.0,10.0,44.0,28.0,3.0,3.0,2.0,6.0,5.0,0.0,0.0,0.0,0.0,0.0,0.0,3.0,11.0,0.0,40.0,2012,11,29
3312.0,1988.0,Graduation,Single,34176.0,1.0,0.0,2014-05-12,12.0,5.0,7.0,24.0,19.0,14.0,20.0,4.0,3.0,0.0,4.0,6.0,0.0,0.0,0.0,0.0,0.0,0.0,3.0,11.0,0.0,26.0,2014,5,12
11121.0,1981.0,Graduation,Married,19419.0,1.0,0.0,2012-11-10,76.0,2.0,14.0,28.0,16.0,3.0,7.0,4.0,4.0,0.0,3.0,9.0,0.0,0.0,0.0,0.0,0.0,0.0,3.0,11.0,0.0,33.0,2012,11,10
5332.0,1960.0,2N Cycle,Married,82504.0,0.0,0.0,2013-07-27,2.0,362.0,50.0,431.0,120.5,35.0,54.0,1.0,3.0,6.0,7.0,1.0,0.0,0.0,0.0,0.0,0.0,0.0,3.0,11.0,0.0,54.0,2013,7,27
5848.0,1970.0,Graduation,Married,81205.0,0.0,0.0,2014-01-13,43.0,724.0,74.0,556.0,97.0,55.0,126.5,1.0,5.0,6.0,7.0,2.0,0.0,0.0,0.0,0.0,0.0,0.0,3.0,11.0,0.0,44.0,2014,1,13
10343.0,1991.0,2N Cycle,Single,61618.0,0.0,0.0,2012-09-29,27.0,605.0,81.0,399.0,0.0,45.0,126.5,2.0,3.0,6.0,8.0,3.0,0.0,0.0,0.0,0.0,0.0,0.0,3.0,11.0,0.0,23.0,2012,9,29
5935.0,1956.0,Master,Single,55284.0,0.0,1.0,2012-12-24,60.0,547.0,7.0,140.0,0.0,7.0,63.0,3.0,7.0,5.0,8.0,5.0,0.0,0.0,0.0,0.0,0.0,0.0,3.0,11.0,0.0,58.0,2012,12,24
2895.0,1963.0,Graduation,Single,49980.0,0.0,1.0,2013-10-23,79.0,104.0,1.0,54.0,13.0,9.0,14.0,2.0,3.0,1.0,5.0,5.0,0.0,0.0,0.0,0.0,0.0,0.0,3.0,11.0,0.0,51.0,2013,10,23
10262.0,1980.0,Graduation,Married,15072.0,2.0,0.0,2013-05-10,96.0,8.0,2.0,15.0,0.0,10.0,18.0,4.0,3.0,1.0,3.0,5.0,0.0,0.0,0.0,0.0,0.0,0.0,3.0,11.0,0.0,34.0,2013,5,10
7848.0,1974.0,Graduation,Single,49166.0,0.0,1.0,2013-06-13,17.0,224.0,2.0,25.0,7.0,0.0,110.0,2.0,5.0,3.0,3.0,6.0,0.0,0.0,0.0,0.0,0.0,0.0,3.0,11.0,0.0,40.0,2013,6,13
9477.0,1954.0,Phd,Married,65324.0,0.0,1.0,2014-01-11,0.0,384.0,0.0,102.0,21.0,32.0,5.0,3.0,6.0,2.0,9.0,4.0,0.0,0.0,0.0,0.0,0.0,0.0,3.0,11.0,0.0,60.0,2014,1,11
4856.0,1957.0,2N Cycle,Married,82347.0,0.0,0.0,2012-11-06,38.0,556.0,54.0,556.0,120.5,81.0,63.0,1.0,7.0,7.0,10.0,3.0,0.0,0.0,0.0,0.0,0.0,0.0,3.0,11.0,0.0,57.0,2012,11,6
7186.0,1966.0,Phd,Married,30843.0,1.0,1.0,2014-05-26,43.0,24.0,0.0,2.0,0.0,0.0,9.0,2.0,1.0,1.0,2.0,5.0,0.0,0.0,0.0,0.0,0.0,0.0,3.0,11.0,0.0,48.0,2014,5,26
5794.0,1974.0,Phd,Married,46374.0,0.0,1.0,2014-03-17,1.0,408.0,0.0,21.0,0.0,0.0,17.0,3.0,7.0,1.0,7.0,8.0,0.0,0.0,0.0,0.0,0.0,0.0,3.0,11.0,0.0,40.0,2014,3,17
1456.0,1979.0,Graduation,Single,60474.0,0.0,1.0,2013-04-01,25.0,265.0,81.0,303.0,120.5,9.0,126.5,6.0,10.0,2.0,12.0,7.0,0.0,0.0,0.0,0.0,0.0,0.0,3.0,11.0,0.0,35.0,2013,4,1
4877.0,1973.0,Master,Married,38576.0,0.0,1.0,2014-03-04,2.0,34.0,0.0,7.0,0.0,0.0,0.0,1.0,1.0,0.0,3.0,7.0,0.0,0.0,0.0,0.0,0.0,0.0,3.0,11.0,0.0,41.0,2014,3,4
425.0,1985.0,Graduation,Married,55357.0,2.0,0.0,2013-02-19,66.0,374.0,64.0,116.0,84.0,25.0,64.0,3.0,6.0,2.0,11.0,5.0,0.0,0.0,0.0,0.0,0.0,0.0,3.0,11.0,0.0,29.0,2013,2,19
3007.0,1966.0,Graduation,Married,37758.0,1.0,1.0,2012-10-04,49.0,27.0,2.0,10.0,0.0,0.0,1.0,2.0,1.0,0.0,3.0,8.0,0.0,0.0,0.0,0.0,0.0,0.0,3.0,11.0,0.0,48.0,2012,10,4
1031.0,1989.0,2N Cycle,Married,85710.0,0.0,0.0,2013-05-05,5.0,600.0,20.0,350.0,29.0,30.0,33.0,1.0,6.0,9.0,10.0,2.0,0.0,0.0,0.0,0.0,0.0,0.0,3.0,11.0,0.0,25.0,2013,5,5
4297.0,1969.0,Graduation,Married,23228.0,1.0,0.0,2014-01-26,71.0,13.0,2.0,18.0,6.0,1.0,0.0,2.0,2.0,0.0,3.0,8.0,0.0,0.0,0.0,0.0,0.0,0.0,3.0,11.0,0.0,45.0,2014,1,26
807.0,1969.0,Master,Married,44602.0,1.0,1.0,2014-02-15,35.0,167.0,2.0,89.0,0.0,0.0,34.0,6.0,6.0,1.0,4.0,8.0,0.0,0.0,0.0,0.0,0.0,0.0,3.0,11.0,0.0,45.0,2014,2,15
9553.0,1987.0,Graduation,Married,7500.0,0.0,0.0,2013-01-09,94.0,0.0,2.0,3.0,4.0,1.0,5.0,1.0,0.0,0.0,3.0,6.0,0.0,0.0,0.0,0.0,0.0,0.0,3.0,11.0,0.0,27.0,2013,1,9
4271.0,1989.0,2N Cycle,Married,38683.0,1.0,0.0,2012-10-04,80.0,46.0,35.0,69.0,84.0,41.0,66.0,6.0,4.0,1.0,6.0,7.0,0.0,0.0,0.0,0.0,0.0,0.0,3.0,11.0,0.0,25.0,2012,10,4
4120.0,1975.0,2N Cycle,Single,49514.0,1.0,0.0,2013-12-17,61.0,88.0,39.0,78.0,58.0,13.0,93.0,2.0,6.0,1.0,4.0,7.0,0.0,0.0,0.0,0.0,0.0,0.0,3.0,11.0,0.0,39.0,2013,12,17
2036.0,1973.0,Phd,Married,57906.0,0.0,1.0,2013-06-11,29.0,243.0,11.0,119.0,10.0,3.0,15.0,3.0,4.0,2.0,8.0,4.0,0.0,0.0,0.0,0.0,0.0,0.0,3.0,11.0,0.0,41.0,2013,6,11
115.0,1966.0,Master,Single,43456.0,0.0,1.0,2013-03-26,0.0,275.0,11.0,68.0,25.0,7.0,7.0,3.0,5.0,1.0,8.0,5.0,0.0,0.0,0.0,0.0,0.0,0.0,3.0,11.0,0.0,48.0,2013,3,26
4259.0,1986.0,Master,Single,19485.0,2.0,0.0,2013-09-24,80.0,6.0,0.0,4.0,0.0,0.0,0.0,1.0,1.0,0.0,2.0,7.0,0.0,0.0,0.0,0.0,0.0,0.0,3.0,11.0,0.0,28.0,2013,9,24
8687.0,1978.0,Graduation,Married,53172.0,0.0,1.0,2013-05-06,54.0,121.0,62.0,90.0,68.0,20.0,125.0,3.0,2.0,3.0,8.0,3.0,0.0,0.0,0.0,0.0,0.0,0.0,3.0,11.0,0.0,36.0,2013,5,6
2447.0,1979.0,Graduation,Married,30545.0,1.0,0.0,2012-10-17,71.0,4.0,12.0,15.0,19.0,7.0,12.0,2.0,2.0,0.0,3.0,7.0,0.0,0.0,0.0,0.0,0.0,0.0,3.0,11.0,0.0,35.0,2012,10,17
10140.0,1983.0,Phd,Married,70123.0,0.0,0.0,2013-09-28,27.0,1225.0,0.0,396.0,23.0,0.0,0.0,1.0,5.0,7.0,4.0,3.0,0.0,0.0,0.0,0.0,0.0,0.0,3.0,11.0,0.0,31.0,2013,9,28
9353.0,1959.0,Graduation,Single,62450.0,0.0,1.0,2014-01-06,61.0,515.0,47.0,267.0,62.0,66.0,38.0,2.0,5.0,5.0,4.0,3.0,0.0,0.0,0.0,0.0,0.0,0.0,3.0,11.0,0.0,55.0,2014,1,6
3623.0,1976.0,Graduation,Married,21675.0,1.0,0.0,2014-06-11,55.0,4.0,0.0,16.0,17.0,4.0,4.0,3.0,4.0,0.0,3.0,7.0,0.0,0.0,0.0,0.0,0.0,0.0,3.0,11.0,0.0,38.0,2014,6,11
738.0,1981.0,2N Cycle,Single,42395.0,1.0,1.0,2014-04-04,35.0,48.0,13.0,57.0,24.0,15.0,25.0,4.0,3.0,1.0,4.0,7.0,0.0,0.0,0.0,0.0,0.0,0.0,3.0,11.0,0.0,33.0,2014,4,4
7631.0,1978.0,Master,Married,61346.0,1.0,0.0,2013-10-06,34.0,562.0,58.0,168.0,43.0,16.0,126.5,1.0,5.0,7.0,10.0,3.0,0.0,0.0,0.0,0.0,0.0,0.0,3.0,11.0,0.0,36.0,2013,10,6
4789.0,1953.0,Graduation,Married,80812.0,0.0,0.0,2013-09-17,95.0,769.0,22.0,500.0,120.5,81.0,33.0,1.0,4.0,8.0,5.0,2.0,0.0,0.0,0.0,0.0,0.0,0.0,3.0,11.0,0.0,61.0,2013,9,17
773.0,1971.0,Master,Divorced,42835.0,1.0,1.0,2013-06-30,64.0,379.0,4.0,93.0,12.0,9.0,98.0,6.0,6.0,6.0,4.0,6.0,0.0,0.0,0.0,0.0,0.0,0.0,3.0,11.0,0.0,43.0,2013,6,30
10602.0,1983.0,Graduation,Married,39922.0,1.0,0.0,2013-02-14,30.0,29.0,12.0,59.0,19.0,1.0,36.0,2.0,3.0,0.0,4.0,8.0,0.0,0.0,0.0,0.0,0.0,0.0,3.0,11.0,0.0,31.0,2013,2,14
1446.0,1956.0,Master,Single,86424.0,0.0,0.0,2014-04-05,12.0,387.0,68.0,556.0,89.0,45.0,68.0,1.0,6.0,9.0,12.0,1.0,0.0,0.0,0.0,0.0,0.0,0.0,3.0,11.0,0.0,58.0,2014,4,5
3270.0,1978.0,2N Cycle,Married,17117.0,1.0,0.0,2013-01-17,96.0,12.0,23.0,38.0,30.0,18.0,7.0,4.0,3.0,1.0,3.0,9.0,0.0,0.0,0.0,0.0,0.0,0.0,3.0,11.0,0.0,36.0,2013,1,17
8443.0,1972.0,Graduation,Single,24762.0,1.0,0.0,2014-02-10,16.0,6.0,10.0,12.0,3.0,15.0,40.0,3.0,3.0,1.0,2.0,8.0,0.0,0.0,0.0,0.0,0.0,0.0,3.0,11.0,0.0,42.0,2014,2,10
9653.0,1975.0,Graduation,Married,35797.0,0.0,1.0,2012-10-16,16.0,27.0,1.0,14.0,4.0,1.0,21.0,2.0,2.0,0.0,3.0,8.0,0.0,0.0,0.0,0.0,0.0,0.0,3.0,11.0,0.0,39.0,2012,10,16
8916.0,1975.0,Graduation,Divorced,36627.0,2.0,0.0,2013-07-23,78.0,9.0,1.0,5.0,0.0,0.0,1.0,1.0,0.0,0.0,3.0,5.0,0.0,0.0,0.0,0.0,0.0,0.0,3.0,11.0,0.0,39.0,2013,7,23
8017.0,1981.0,2N Cycle,Married,51111.0,1.0,1.0,2014-06-19,83.0,22.0,0.0,19.0,6.0,5.0,3.0,2.0,2.0,0.0,3.0,6.0,0.0,0.0,0.0,0.0,0.0,0.0,3.0,11.0,0.0,33.0,2014,6,19
5830.0,1972.0,Phd,Single,86857.0,0.0,0.0,2012-09-12,96.0,899.0,81.0,556.0,120.5,81.0,40.0,1.0,5.0,6.0,10.0,2.0,0.0,0.0,0.0,0.0,0.0,0.0,3.0,11.0,0.0,42.0,2012,9,12
4597.0,1970.0,Phd,Married,82072.0,0.0,0.0,2013-07-02,67.0,889.0,55.0,556.0,120.5,81.0,126.5,1.0,3.0,2.0,13.0,1.0,0.0,0.0,0.0,0.0,0.0,0.0,3.0,11.0,0.0,44.0,2013,7,2
7023.0,1953.0,Phd,Single,46231.0,2.0,1.0,2012-11-26,87.0,189.0,2.0,55.0,0.0,5.0,12.0,4.0,6.0,1.0,4.0,9.0,0.0,0.0,0.0,0.0,0.0,0.0,3.0,11.0,0.0,61.0,2012,11,26
8086.0,1959.0,Graduation,Married,42243.0,1.0,1.0,2013-12-11,34.0,48.0,0.0,2.0,0.0,0.0,5.0,2.0,2.0,0.0,3.0,7.0,0.0,0.0,0.0,0.0,0.0,0.0,3.0,11.0,0.0,55.0,2013,12,11
8825.0,1962.0,Graduation,Married,51195.0,1.0,1.0,2013-04-01,46.0,230.0,14.0,156.0,82.0,24.0,58.0,6.0,9.0,2.0,5.0,8.0,0.0,0.0,0.0,0.0,0.0,0.0,3.0,11.0,0.0,52.0,2013,4,1
2930.0,1978.0,Master,Single,68092.0,0.0,0.0,2013-12-16,7.0,852.0,60.0,207.0,78.0,36.0,48.0,2.0,2.0,6.0,10.0,5.0,0.0,0.0,0.0,0.0,0.0,0.0,3.0,11.0,0.0,36.0,2013,12,16
1928.0,1973.0,Graduation,Married,31814.0,1.0,0.0,2013-02-09,73.0,35.0,3.0,20.0,4.0,1.0,20.0,2.0,2.0,0.0,3.0,9.0,0.0,0.0,0.0,0.0,0.0,0.0,3.0,11.0,0.0,41.0,2013,2,9
7108.0,1965.0,Master,Widow,51390.0,1.0,1.0,2012-09-08,54.0,205.0,20.0,47.0,23.0,2.0,56.0,6.0,5.0,2.0,5.0,5.0,0.0,0.0,0.0,0.0,0.0,0.0,3.0,11.0,0.0,49.0,2012,9,8
10925.0,1983.0,Graduation,Married,76630.0,0.0,0.0,2014-01-14,93.0,255.0,31.0,446.0,40.0,56.0,126.5,1.0,3.0,10.0,11.0,1.0,0.0,0.0,0.0,0.0,0.0,0.0,3.0,11.0,0.0,31.0,2014,1,14
9960.0,1991.0,Basic,Single,26868.0,1.0,0.0,2014-04-30,52.0,0.0,0.0,1.0,8.0,3.0,2.0,1.0,1.0,0.0,2.0,7.0,0.0,0.0,0.0,0.0,0.0,0.0,3.0,11.0,0.0,23.0,2014,4,30
8800.0,1943.0,Phd,Divorced,48948.0,0.0,0.0,2013-02-01,53.0,437.0,8.0,206.0,120.5,49.0,42.0,2.0,7.0,10.0,5.0,6.0,0.0,0.0,0.0,0.0,0.0,0.0,3.0,11.0,0.0,71.0,2013,2,1
9224.0,1972.0,Phd,Single,55260.0,0.0,1.0,2012-12-12,81.0,825.0,8.0,53.0,11.0,0.0,126.5,2.0,8.0,10.0,5.0,6.0,0.0,0.0,0.0,0.0,0.0,0.0,3.0,11.0,0.0,42.0,2012,12,12
5519.0,1956.0,Graduation,Married,64090.0,0.0,1.0,2013-08-07,8.0,316.0,58.0,161.0,76.0,51.0,126.5,1.0,6.0,9.0,4.0,5.0,0.0,0.0,0.0,0.0,0.0,0.0,3.0,11.0,0.0,58.0,2013,8,7
5046.0,1958.0,Graduation,Divorced,78331.0,0.0,1.0,2014-01-23,97.0,756.0,81.0,354.0,120.5,81.0,61.0,2.0,10.0,6.0,7.0,4.0,0.0,0.0,0.0,0.0,0.0,0.0,3.0,11.0,0.0,56.0,2014,1,23
7037.0,1974.0,Phd,Married,37087.0,1.0,0.0,2013-08-11,50.0,194.0,55.0,134.0,15.0,0.0,3.0,3.0,4.0,2.0,8.0,6.0,0.0,0.0,0.0,0.0,0.0,0.0,3.0,11.0,0.0,40.0,2013,8,11
905.0,1986.0,Graduation,Divorced,21846.0,1.0,0.0,2013-10-22,38.0,7.0,17.0,18.0,6.0,10.0,26.0,4.0,4.0,0.0,3.0,8.0,0.0,0.0,0.0,0.0,0.0,0.0,3.0,11.0,0.0,28.0,2013,10,22
8624.0,1958.0,Graduation,Married,81320.0,0.0,0.0,2013-02-06,61.0,183.0,33.0,493.0,59.0,81.0,57.0,1.0,4.0,3.0,10.0,2.0,0.0,0.0,0.0,0.0,0.0,0.0,3.0,11.0,0.0,56.0,2013,2,6
8945.0,1970.0,Graduation,Divorced,54137.0,0.0,1.0,2013-08-16,46.0,171.0,0.0,11.0,0.0,1.0,20.0,2.0,4.0,1.0,4.0,6.0,0.0,0.0,0.0,0.0,0.0,0.0,3.0,11.0,0.0,44.0,2013,8,16
6445.0,1967.0,Graduation,Married,66825.0,0.0,0.0,2013-07-14,73.0,243.0,81.0,405.0,29.0,40.0,40.0,1.0,4.0,5.0,6.0,2.0,0.0,0.0,0.0,0.0,0.0,0.0,3.0,11.0,0.0,47.0,2013,7,14
2727.0,1973.0,Graduation,Married,57100.0,0.0,0.0,2013-12-04,19.0,181.0,21.0,69.0,39.0,3.0,96.0,1.0,3.0,3.0,6.0,3.0,0.0,0.0,0.0,0.0,0.0,0.0,3.0,11.0,0.0,41.0,2013,12,4
6404.0,1969.0,Graduation,Married,58917.0,1.0,2.0,2013-03-24,10.0,151.0,7.0,89.0,0.0,7.0,28.0,5.0,4.0,1.0,6.0,5.0,0.0,0.0,0.0,0.0,0.0,0.0,3.0,11.0,0.0,45.0,2013,3,24
11074.0,1977.0,Graduation,Single,85072.0,0.0,0.0,2014-04-09,94.0,494.0,81.0,391.0,120.5,11.0,126.5,1.0,3.0,4.0,10.0,0.0,0.0,0.0,0.0,0.0,0.0,0.0,3.0,11.0,0.0,37.0,2014,4,9
10150.0,1961.0,Graduation,Single,86429.0,0.0,0.0,2013-11-21,10.0,464.0,28.0,556.0,29.0,18.0,37.0,0.0,7.0,4.0,7.0,2.0,0.0,0.0,0.0,0.0,0.0,0.0,3.0,11.0,0.0,53.0,2013,11,21
1968.0,1971.0,Graduation,Widow,45684.0,1.0,0.0,2013-12-02,37.0,5.0,1.0,5.0,10.0,0.0,7.0,1.0,1.0,0.0,2.0,7.0,0.0,0.0,0.0,0.0,0.0,0.0,3.0,11.0,0.0,43.0,2013,12,2
6534.0,1974.0,Graduation,Married,47889.0,1.0,0.0,2014-01-04,94.0,29.0,0.0,29.0,0.0,5.0,4.0,1.0,2.0,0.0,3.0,5.0,0.0,0.0,0.0,0.0,0.0,0.0,3.0,11.0,0.0,40.0,2014,1,4
9485.0,1986.0,Phd,Married,45921.0,0.0,0.0,2014-03-10,23.0,102.0,9.0,49.0,24.0,3.0,12.0,1.0,2.0,1.0,6.0,4.0,0.0,0.0,0.0,0.0,0.0,0.0,3.0,11.0,0.0,28.0,2014,3,10
7053.0,1966.0,Phd,Single,78420.0,0.0,0.0,2013-06-29,75.0,604.0,28.0,556.0,91.0,28.0,28.0,1.0,3.0,10.0,8.0,1.0,0.0,0.0,0.0,0.0,0.0,0.0,3.0,11.0,0.0,48.0,2013,6,29
4654.0,1992.0,Graduation,Married,75114.0,0.0,0.0,2013-11-07,40.0,571.0,12.0,523.0,63.0,60.0,24.0,1.0,3.0,10.0,5.0,2.0,0.0,0.0,0.0,0.0,0.0,0.0,3.0,11.0,0.0,22.0,2013,11,7
9760.0,1963.0,Phd,Widow,52278.0,0.0,1.0,2013-01-25,24.0,953.0,0.0,71.0,0.0,0.0,126.5,6.0,10.0,5.0,10.0,8.0,0.0,0.0,0.0,0.0,0.0,0.0,3.0,11.0,0.0,51.0,2013,1,25
1048.0,1972.0,Master,Married,35641.0,1.0,0.0,2013-07-14,11.0,63.0,3.0,67.0,8.0,9.0,28.0,2.0,3.0,1.0,4.0,7.0,0.0,0.0,0.0,0.0,0.0,0.0,3.0,11.0,0.0,42.0,2013,7,14
10619.0,1994.0,Graduation,Single,95529.0,0.0,0.0,2012-12-03,29.0,770.0,29.0,556.0,120.5,27.0,24.0,1.0,7.0,3.0,7.0,3.0,0.0,0.0,0.0,0.0,0.0,0.0,3.0,11.0,0.0,20.0,2012,12,3
9308.0,1954.0,Graduation,Married,62820.0,0.0,0.0,2013-05-11,51.0,398.0,61.0,265.0,120.5,61.0,53.0,1.0,3.0,4.0,6.0,1.0,0.0,0.0,0.0,0.0,0.0,0.0,3.0,11.0,0.0,60.0,2013,5,11
10505.0,1960.0,Master,Married,73113.0,0.0,0.0,2013-12-26,86.0,741.0,19.0,154.0,50.0,9.0,28.0,1.0,3.0,4.0,7.0,2.0,0.0,0.0,0.0,0.0,0.0,0.0,3.0,11.0,0.0,54.0,2013,12,26
8362.0,1982.0,Phd,Married,84169.0,0.0,0.0,2013-08-07,9.0,1225.0,19.0,403.0,0.0,19.0,0.0,1.0,7.0,6.0,6.0,3.0,0.0,0.0,0.0,0.0,0.0,0.0,3.0,11.0,0.0,32.0,2013,8,7
2625.0,1954.0,2N Cycle,Single,42607.0,0.0,1.0,2013-11-17,30.0,156.0,29.0,56.0,30.0,32.0,47.0,2.0,3.0,2.0,7.0,3.0,0.0,0.0,0.0,0.0,0.0,0.0,3.0,11.0,0.0,60.0,2013,11,17
4637.0,1954.0,Phd,Single,74637.0,0.0,0.0,2013-05-18,73.0,960.0,64.0,464.0,120.5,0.0,16.0,1.0,6.0,9.0,9.0,3.0,0.0,0.0,0.0,0.0,0.0,0.0,3.0,11.0,0.0,60.0,2013,5,18
9972.0,1955.0,Phd,Married,46015.0,1.0,1.0,2014-04-13,25.0,38.0,0.0,2.0,0.0,0.0,6.0,1.0,1.0,0.0,3.0,7.0,0.0,0.0,0.0,0.0,0.0,0.0,3.0,11.0,0.0,59.0,2014,4,13
4483.0,1993.0,Graduation,Single,72354.0,0.0,0.0,2013-04-17,67.0,315.0,26.0,473.0,120.5,12.0,126.5,1.0,2.0,10.0,6.0,1.0,0.0,0.0,0.0,0.0,0.0,0.0,3.0,11.0,0.0,21.0,2013,4,17
4487.0,1969.0,Master,Single,39858.0,1.0,0.0,2013-01-24,67.0,15.0,20.0,25.0,2.0,7.0,26.0,1.0,2.0,0.0,4.0,6.0,0.0,0.0,0.0,0.0,0.0,0.0,3.0,11.0,0.0,45.0,2013,1,24
4988.0,1948.0,Phd,Married,34469.0,1.0,1.0,2014-05-04,58.0,19.0,6.0,20.0,0.0,5.0,12.0,3.0,1.0,1.0,4.0,4.0,0.0,0.0,0.0,0.0,0.0,0.0,3.0,11.0,0.0,66.0,2014,5,4
8931.0,1986.0,Graduation,Married,83033.0,1.0,0.0,2014-05-18,82.0,812.0,81.0,431.0,120.5,81.0,33.0,1.0,11.0,4.0,10.0,5.0,0.0,0.0,0.0,0.0,0.0,0.0,3.0,11.0,0.0,28.0,2014,5,18
5871.0,1979.0,Master,Married,24401.0,0.0,0.0,2012-08-31,98.0,73.0,28.0,217.0,10.0,24.0,115.0,3.0,6.0,1.0,6.0,8.0,0.0,0.0,0.0,0.0,0.0,0.0,3.0,11.0,0.0,35.0,2012,8,31
2008.0,1978.0,Graduation,Married,77583.0,0.0,0.0,2014-02-10,93.0,372.0,23.0,384.0,120.5,12.0,108.0,1.0,4.0,5.0,9.0,2.0,0.0,0.0,0.0,0.0,0.0,0.0,3.0,11.0,0.0,36.0,2014,2,10
3139.0,1982.0,2N Cycle,Single,74116.0,0.0,0.0,2013-12-30,53.0,871.0,81.0,556.0,120.5,55.0,126.5,1.0,4.0,4.0,10.0,2.0,0.0,0.0,0.0,0.0,0.0,0.0,3.0,11.0,0.0,32.0,2013,12,30
10037.0,1993.0,Graduation,Single,74293.0,0.0,0.0,2014-05-04,66.0,375.0,81.0,335.0,93.0,81.0,81.0,1.0,5.0,4.0,6.0,2.0,0.0,0.0,0.0,0.0,0.0,0.0,3.0,11.0,0.0,21.0,2014,5,4
10673.0,1976.0,Phd,Married,68397.0,0.0,1.0,2013-11-17,6.0,760.0,80.0,466.0,17.0,13.0,80.0,1.0,6.0,9.0,5.0,3.0,0.0,0.0,0.0,0.0,0.0,0.0,3.0,11.0,0.0,38.0,2013,11,17
5303.0,1974.0,Phd,Married,79632.0,0.0,0.0,2014-04-08,42.0,471.0,0.0,510.0,99.0,21.0,12.0,1.0,6.0,4.0,9.0,2.0,0.0,0.0,0.0,0.0,0.0,0.0,3.0,11.0,0.0,40.0,2014,4,8
538.0,1989.0,Graduation,Single,46107.0,1.0,0.0,2014-02-10,78.0,31.0,9.0,27.0,16.0,9.0,33.0,1.0,1.0,1.0,4.0,3.0,0.0,0.0,0.0,0.0,0.0,0.0,3.0,11.0,0.0,25.0,2014,2,10
7922.0,1951.0,Phd,Single,64950.0,0.0,1.0,2012-08-12,29.0,819.0,0.0,72.0,12.0,0.0,63.0,2.0,11.0,2.0,10.0,7.0,0.0,0.0,0.0,0.0,0.0,0.0,3.0,11.0,0.0,63.0,2012,8,12
5692.0,1989.0,Basic,Married,25443.0,1.0,0.0,2012-12-22,82.0,1.0,4.0,3.0,8.0,9.0,7.0,1.0,1.0,0.0,3.0,8.0,0.0,0.0,0.0,0.0,0.0,0.0,3.0,11.0,0.0,25.0,2012,12,22
4843.0,1952.0,Graduation,Single,75127.0,0.0,0.0,2014-05-22,92.0,203.0,35.0,305.0,46.0,17.0,126.5,1.0,2.0,10.0,5.0,1.0,0.0,0.0,0.0,0.0,0.0,0.0,3.0,11.0,0.0,62.0,2014,5,22
6383.0,1971.0,Phd,Married,32892.0,1.0,0.0,2014-05-25,78.0,26.0,0.0,15.0,2.0,1.0,2.0,2.0,3.0,0.0,3.0,8.0,0.0,0.0,0.0,0.0,0.0,0.0,3.0,11.0,0.0,43.0,2014,5,25
1628.0,1971.0,Graduation,Married,71796.0,0.0,0.0,2013-10-24,54.0,354.0,21.0,311.0,120.5,75.0,32.0,1.0,9.0,3.0,4.0,4.0,0.0,0.0,0.0,0.0,0.0,0.0,3.0,11.0,0.0,43.0,2013,10,24
1204.0,1970.0,Phd,Married,67536.0,0.0,1.0,2013-05-22,45.0,1225.0,0.0,447.0,23.0,71.0,35.0,3.0,11.0,5.0,11.0,8.0,0.0,0.0,0.0,0.0,0.0,0.0,3.0,11.0,0.0,44.0,2013,5,22
3673.0,1971.0,Graduation,Single,55239.0,0.0,1.0,2013-07-14,59.0,371.0,17.0,238.0,23.0,24.0,106.0,3.0,7.0,5.0,11.0,5.0,0.0,0.0,0.0,0.0,0.0,0.0,3.0,11.0,0.0,43.0,2013,7,14
760.0,1975.0,Phd,Divorced,60554.0,1.0,0.0,2013-08-09,8.0,588.0,7.0,76.0,110.0,15.0,15.0,2.0,8.0,4.0,9.0,6.0,0.0,0.0,0.0,0.0,0.0,0.0,3.0,11.0,0.0,39.0,2013,8,9
8957.0,1952.0,2N Cycle,Single,64831.0,1.0,1.0,2013-06-10,51.0,480.0,81.0,249.0,75.0,81.0,126.5,6.0,6.0,3.0,5.0,6.0,0.0,0.0,0.0,0.0,0.0,0.0,3.0,11.0,0.0,62.0,2013,6,10
4128.0,1962.0,Phd,Married,56067.0,0.0,1.0,2013-07-20,51.0,517.0,12.0,54.0,16.0,6.0,120.0,2.0,7.0,4.0,7.0,5.0,0.0,0.0,0.0,0.0,0.0,0.0,3.0,11.0,0.0,52.0,2013,7,20
6810.0,1983.0,Graduation,Divorced,82025.0,0.0,0.0,2013-05-28,76.0,267.0,81.0,556.0,48.0,70.0,98.0,1.0,3.0,2.0,6.0,1.0,0.0,0.0,0.0,0.0,0.0,0.0,3.0,11.0,0.0,31.0,2013,5,28
5386.0,1953.0,Graduation,Married,94384.0,0.0,0.0,2013-03-04,62.0,1111.0,24.0,556.0,120.5,45.0,126.5,0.0,5.0,8.0,5.0,2.0,0.0,0.0,0.0,0.0,0.0,0.0,3.0,11.0,0.0,61.0,2013,3,4
8700.0,1986.0,Basic,Single,14906.0,0.0,0.0,2012-12-22,86.0,7.0,7.0,14.0,7.0,16.0,15.0,3.0,2.0,1.0,3.0,7.0,0.0,0.0,0.0,0.0,0.0,0.0,3.0,11.0,0.0,28.0,2012,12,22
3202.0,1987.0,Phd,Married,51563.0,0.0,0.0,2012-10-01,60.0,1166.0,0.0,48.0,0.0,0.0,36.0,1.0,4.0,4.0,10.0,8.0,0.0,0.0,0.0,0.0,0.0,0.0,3.0,11.0,0.0,27.0,2012,10,1
1328.0,1982.0,2N Cycle,Married,57937.0,0.0,1.0,2014-02-16,56.0,261.0,42.0,144.0,55.0,48.0,126.5,3.0,4.0,4.0,9.0,3.0,0.0,0.0,0.0,0.0,0.0,0.0,3.0,11.0,0.0,32.0,2014,2,16
8405.0,1979.0,Graduation,Divorced,68274.0,1.0,1.0,2013-09-30,83.0,135.0,25.0,51.0,23.0,25.0,46.0,2.0,4.0,2.0,5.0,3.0,0.0,0.0,0.0,0.0,0.0,0.0,3.0,11.0,0.0,35.0,2013,9,30
6515.0,1977.0,Graduation,Married,39771.0,1.0,0.0,2013-12-06,92.0,6.0,2.0,18.0,2.0,8.0,14.0,1.0,2.0,0.0,3.0,4.0,0.0,0.0,0.0,0.0,0.0,0.0,3.0,11.0,0.0,37.0,2013,12,6
2882.0,1975.0,2N Cycle,Divorced,67893.0,0.0,1.0,2012-10-01,31.0,711.0,28.0,142.0,49.0,18.0,47.0,2.0,3.0,2.0,9.0,8.0,0.0,0.0,0.0,0.0,0.0,0.0,3.0,11.0,0.0,39.0,2012,10,1
7574.0,1979.0,Phd,Married,27922.0,1.0,0.0,2014-05-10,80.0,11.0,0.0,13.0,2.0,4.0,11.0,1.0,2.0,0.0,3.0,4.0,0.0,0.0,0.0,0.0,0.0,0.0,3.0,11.0,0.0,35.0,2014,5,10
6387.0,1976.0,Phd,Married,52190.0,1.0,1.0,2014-05-08,39.0,42.0,0.0,17.0,0.0,0.0,18.0,3.0,2.0,1.0,3.0,5.0,0.0,0.0,0.0,0.0,0.0,0.0,3.0,11.0,0.0,38.0,2014,5,8
5320.0,1973.0,Master,Divorced,44051.0,1.0,1.0,2013-01-29,20.0,79.0,7.0,58.0,6.0,3.0,18.0,4.0,3.0,1.0,4.0,6.0,0.0,0.0,0.0,0.0,0.0,0.0,3.0,11.0,0.0,41.0,2013,1,29
5048.0,1971.0,Phd,Single,42767.0,2.0,0.0,2013-05-11,53.0,20.0,6.0,43.0,19.0,5.0,38.0,1.0,3.0,1.0,2.0,8.0,0.0,0.0,0.0,0.0,0.0,0.0,3.0,11.0,0.0,43.0,2013,5,11
8146.0,1976.0,Master,Married,46106.0,1.0,1.0,2014-05-11,84.0,30.0,0.0,8.0,2.0,0.0,14.0,1.0,1.0,1.0,2.0,6.0,0.0,0.0,0.0,0.0,0.0,0.0,3.0,11.0,0.0,38.0,2014,5,11
10031.0,1976.0,Phd,Married,16927.0,1.0,1.0,2013-02-10,50.0,20.0,2.0,23.0,3.0,1.0,4.0,5.0,3.0,0.0,4.0,8.0,0.0,0.0,0.0,0.0,0.0,0.0,3.0,11.0,0.0,38.0,2013,2,10
5748.0,1965.0,Graduation,Married,59754.0,0.0,1.0,2012-12-01,96.0,115.0,27.0,44.0,4.0,81.0,126.5,3.0,5.0,2.0,6.0,5.0,0.0,0.0,0.0,0.0,0.0,0.0,3.0,11.0,0.0,49.0,2012,12,1
2134.0,1952.0,Graduation,Single,53700.0,0.0,1.0,2012-08-17,94.0,263.0,5.0,233.0,69.0,41.0,83.0,4.0,5.0,5.0,8.0,5.0,0.0,0.0,0.0,0.0,0.0,0.0,3.0,11.0,0.0,62.0,2012,8,17
1523.0,1973.0,Graduation,Married,59041.0,1.0,1.0,2014-05-07,25.0,69.0,2.0,15.0,2.0,2.0,6.0,2.0,2.0,0.0,4.0,5.0,0.0,0.0,0.0,0.0,0.0,0.0,3.0,11.0,0.0,41.0,2014,5,7
9665.0,1957.0,Phd,Divorced,54237.0,0.0,1.0,2013-04-27,48.0,267.0,3.0,30.0,4.0,0.0,57.0,4.0,5.0,2.0,5.0,6.0,0.0,0.0,0.0,0.0,0.0,0.0,3.0,11.0,0.0,57.0,2013,4,27
4640.0,1967.0,Graduation,Divorced,70647.0,0.0,1.0,2012-09-21,65.0,561.0,81.0,171.0,25.0,81.0,114.0,2.0,4.0,7.0,13.0,2.0,0.0,0.0,0.0,0.0,0.0,0.0,3.0,11.0,0.0,47.0,2012,9,21
3635.0,1962.0,Phd,Single,52597.0,0.0,1.0,2014-05-07,69.0,492.0,0.0,37.0,7.0,0.0,42.0,3.0,6.0,3.0,8.0,5.0,0.0,0.0,0.0,0.0,0.0,0.0,3.0,11.0,0.0,52.0,2014,5,7
3547.0,1969.0,Master,Married,41021.0,1.0,0.0,2012-12-30,12.0,14.0,7.0,9.0,6.0,16.0,12.0,2.0,2.0,0.0,3.0,6.0,0.0,0.0,0.0,0.0,0.0,0.0,3.0,11.0,0.0,45.0,2012,12,30
2456.0,1975.0,Phd,Married,40233.0,0.0,1.0,2013-10-14,84.0,80.0,4.0,46.0,0.0,17.0,2.0,5.0,2.0,1.0,5.0,6.0,0.0,0.0,0.0,0.0,0.0,0.0,3.0,11.0,0.0,39.0,2013,10,14
5633.0,1980.0,Graduation,Married,50183.0,1.0,1.0,2014-06-25,47.0,97.0,12.0,84.0,13.0,10.0,15.0,6.0,3.0,1.0,6.0,5.0,0.0,0.0,0.0,0.0,0.0,0.0,3.0,11.0,0.0,34.0,2014,6,25
7801.0,1959.0,Graduation,Married,54753.0,0.0,1.0,2013-09-12,87.0,197.0,81.0,227.0,7.0,59.0,126.5,3.0,5.0,2.0,11.0,4.0,0.0,0.0,0.0,0.0,0.0,0.0,3.0,11.0,0.0,55.0,2013,9,12
10489.0,1973.0,Graduation,Married,92955.0,0.0,0.0,2013-08-19,35.0,693.0,21.0,556.0,31.0,24.0,84.0,1.0,6.0,7.0,9.0,2.0,0.0,0.0,0.0,0.0,0.0,0.0,3.0,11.0,0.0,41.0,2013,8,19
7011.0,1973.0,Graduation,Married,33471.0,1.0,0.0,2012-10-12,47.0,43.0,2.0,27.0,0.0,9.0,12.0,3.0,3.0,0.0,4.0,7.0,0.0,0.0,0.0,0.0,0.0,0.0,3.0,11.0,0.0,41.0,2012,10,12
2620.0,1974.0,Phd,Married,34596.0,1.0,0.0,2013-04-13,48.0,14.0,0.0,2.0,0.0,0.0,7.0,1.0,1.0,0.0,2.0,8.0,0.0,0.0,0.0,0.0,0.0,0.0,3.0,11.0,0.0,40.0,2013,4,13
3933.0,1980.0,Graduation,Married,44010.0,1.0,0.0,2012-10-13,46.0,186.0,36.0,234.0,86.0,72.0,48.0,6.0,10.0,2.0,6.0,9.0,0.0,0.0,0.0,0.0,0.0,0.0,3.0,11.0,0.0,34.0,2012,10,13
10981.0,1988.0,Graduation,Married,84219.0,0.0,0.0,2014-02-02,27.0,434.0,81.0,400.0,45.0,81.0,45.0,1.0,3.0,4.0,10.0,1.0,0.0,0.0,0.0,0.0,0.0,0.0,3.0,11.0,0.0,26.0,2014,2,2
1734.0,1968.0,Phd,Married,40706.0,2.0,1.0,2013-01-17,37.0,59.0,0.0,11.0,4.0,2.0,5.0,4.0,3.0,0.0,4.0,7.0,0.0,0.0,0.0,0.0,0.0,0.0,3.0,11.0,0.0,46.0,2013,1,17
10995.0,1988.0,2N Cycle,Married,15716.0,1.0,0.0,2012-11-12,8.0,16.0,5.0,30.0,8.0,7.0,26.0,3.0,3.0,0.0,4.0,8.0,0.0,0.0,0.0,0.0,0.0,0.0,3.0,11.0,0.0,26.0,2012,11,12
6357.0,1959.0,2N Cycle,Divorced,59052.0,0.0,1.0,2013-11-17,29.0,230.0,35.0,75.0,63.0,57.0,31.0,3.0,7.0,1.0,7.0,5.0,0.0,0.0,0.0,0.0,0.0,0.0,3.0,11.0,0.0,55.0,2013,11,17
9209.0,1971.0,Master,Married,80573.0,0.0,0.0,2012-10-14,85.0,829.0,81.0,430.0,60.0,81.0,15.0,1.0,4.0,6.0,13.0,2.0,0.0,0.0,0.0,0.0,0.0,0.0,3.0,11.0,0.0,43.0,2012,10,14
10286.0,1962.0,Graduation,Married,83715.0,0.0,0.0,2014-02-03,2.0,318.0,8.0,407.0,120.5,35.0,8.0,1.0,2.0,8.0,13.0,0.0,0.0,0.0,0.0,0.0,0.0,0.0,3.0,11.0,0.0,52.0,2014,2,3
2611.0,1959.0,Master,Married,82576.0,0.0,0.0,2012-08-01,66.0,1206.0,55.0,445.0,120.5,18.0,18.0,1.0,2.0,4.0,12.0,1.0,0.0,0.0,0.0,0.0,0.0,0.0,3.0,11.0,0.0,55.0,2012,8,1
1600.0,1965.0,Master,Married,56962.0,2.0,1.0,2013-10-11,60.0,292.0,3.0,77.0,10.0,3.0,26.0,6.0,6.0,3.0,5.0,7.0,0.0,0.0,0.0,0.0,0.0,0.0,3.0,11.0,0.0,49.0,2013,10,11
3308.0,1952.0,Graduation,Married,35704.0,1.0,1.0,2014-01-03,54.0,30.0,9.0,12.0,2.0,11.0,30.0,3.0,2.0,0.0,4.0,4.0,0.0,0.0,0.0,0.0,0.0,0.0,3.0,11.0,0.0,62.0,2014,1,3
5407.0,1954.0,Graduation,Married,53103.0,0.0,1.0,2013-09-12,70.0,729.0,17.0,133.0,11.0,0.0,126.5,5.0,10.0,6.0,7.0,7.0,0.0,0.0,0.0,0.0,0.0,0.0,3.0,11.0,0.0,60.0,2013,9,12
2166.0,1960.0,2N Cycle,Widow,46779.0,1.0,1.0,2013-07-12,55.0,12.0,1.0,3.0,0.0,0.0,7.0,1.0,0.0,1.0,2.0,4.0,0.0,0.0,0.0,0.0,0.0,0.0,3.0,11.0,0.0,54.0,2013,7,12
3955.0,1965.0,Graduation,Divorced,4861.0,0.0,0.0,2014-06-22,20.0,2.0,1.0,1.0,1.0,0.0,1.0,0.0,0.0,0.0,0.0,13.0,0.0,0.0,0.0,0.0,0.0,0.0,3.0,11.0,0.0,49.0,2014,6,22
6634.0,1979.0,Master,Divorced,33462.0,1.0,0.0,2013-08-07,78.0,22.0,3.0,18.0,0.0,0.0,11.0,1.0,2.0,0.0,3.0,7.0,0.0,0.0,0.0,0.0,0.0,0.0,3.0,11.0,0.0,35.0,2013,8,7
3056.0,1978.0,Graduation,Divorced,63693.0,0.0,1.0,2013-10-14,63.0,587.0,43.0,337.0,42.0,81.0,54.0,3.0,11.0,6.0,9.0,6.0,0.0,0.0,0.0,0.0,0.0,0.0,3.0,11.0,0.0,36.0,2013,10,14
5718.0,1950.0,Graduation,Married,80763.0,0.0,0.0,2013-08-15,17.0,674.0,81.0,108.0,120.5,42.0,126.5,1.0,5.0,10.0,6.0,3.0,0.0,0.0,0.0,0.0,0.0,0.0,3.0,11.0,0.0,64.0,2013,8,15
6872.0,1974.0,Phd,Married,65352.0,0.0,1.0,2013-08-21,43.0,284.0,3.0,84.0,4.0,7.0,23.0,2.0,4.0,2.0,8.0,4.0,0.0,0.0,0.0,0.0,0.0,0.0,3.0,11.0,0.0,40.0,2013,8,21
8164.0,1978.0,Phd,Married,82170.0,0.0,0.0,2013-11-25,13.0,1023.0,81.0,556.0,49.0,55.0,37.0,1.0,5.0,6.0,7.0,2.0,0.0,0.0,0.0,0.0,0.0,0.0,3.0,11.0,0.0,36.0,2013,11,25
4580.0,1969.0,Graduation,Married,75759.0,0.0,0.0,2013-10-25,46.0,1225.0,22.0,556.0,89.0,81.0,126.5,1.0,9.0,7.0,9.0,5.0,0.0,0.0,0.0,0.0,0.0,0.0,3.0,11.0,0.0,45.0,2013,10,25
9305.0,1976.0,2N Cycle,Single,79689.0,0.0,0.0,2013-05-12,65.0,311.0,26.0,556.0,120.5,37.0,121.0,1.0,4.0,9.0,13.0,2.0,0.0,0.0,0.0,0.0,0.0,0.0,3.0,11.0,0.0,38.0,2013,5,12
453.0,1956.0,Phd,Widow,35340.0,1.0,1.0,2014-06-29,1.0,27.0,0.0,12.0,0.0,1.0,5.0,2.0,2.0,0.0,3.0,5.0,0.0,0.0,0.0,0.0,0.0,0.0,3.0,11.0,0.0,58.0,2014,6,29
8545.0,1954.0,Graduation,Divorced,85683.0,0.0,0.0,2014-03-21,6.0,1225.0,17.0,311.0,45.0,69.0,51.0,1.0,2.0,4.0,10.0,1.0,0.0,0.0,0.0,0.0,0.0,0.0,3.0,11.0,0.0,60.0,2014,3,21
9850.0,1972.0,2N Cycle,Married,24884.0,1.0,0.0,2012-11-29,32.0,3.0,6.0,7.0,0.0,0.0,3.0,1.0,0.0,0.0,3.0,7.0,0.0,0.0,0.0,0.0,0.0,0.0,3.0,11.0,0.0,42.0,2012,11,29
7378.0,1981.0,Master,Married,42021.0,1.0,0.0,2012-08-31,34.0,393.0,5.0,136.0,7.0,5.0,27.0,5.0,10.0,1.0,6.0,9.0,0.0,0.0,0.0,0.0,0.0,0.0,3.0,11.0,0.0,33.0,2012,8,31
7646.0,1989.0,Graduation,Single,64449.0,1.0,0.0,2014-02-18,70.0,218.0,63.0,282.0,120.5,35.0,70.0,4.0,5.0,3.0,12.0,4.0,0.0,0.0,0.0,0.0,0.0,0.0,3.0,11.0,0.0,25.0,2014,2,18
1640.0,1954.0,Graduation,Divorced,64587.0,1.0,1.0,2014-06-22,49.0,66.0,0.0,16.0,0.0,6.0,20.0,2.0,1.0,1.0,4.0,3.0,0.0,0.0,0.0,0.0,0.0,0.0,3.0,11.0,0.0,60.0,2014,6,22
5184.0,1995.0,Graduation,Single,34824.0,0.0,0.0,2014-03-26,65.0,4.0,2.0,11.0,2.0,0.0,4.0,1.0,1.0,0.0,2.0,6.0,0.0,0.0,0.0,0.0,0.0,0.0,3.0,11.0,0.0,19.0,2014,3,26
8492.0,1978.0,Graduation,Married,75437.0,0.0,0.0,2013-11-09,25.0,795.0,0.0,545.0,95.0,58.0,0.0,1.0,8.0,4.0,10.0,6.0,0.0,0.0,0.0,0.0,0.0,0.0,3.0,11.0,0.0,36.0,2013,11,9
11188.0,1957.0,Graduation,Married,26091.0,1.0,1.0,2014-02-25,84.0,15.0,10.0,19.0,8.0,17.0,20.0,3.0,2.0,1.0,3.0,5.0,0.0,0.0,0.0,0.0,0.0,0.0,3.0,11.0,0.0,57.0,2014,2,25
1212.0,1973.0,Graduation,Married,52845.0,1.0,0.0,2013-08-13,7.0,384.0,25.0,292.0,120.5,41.0,64.0,3.0,8.0,8.0,6.0,6.0,0.0,0.0,0.0,0.0,0.0,0.0,3.0,11.0,0.0,41.0,2013,8,13
9097.0,1956.0,Graduation,Divorced,46086.0,0.0,1.0,2013-11-03,34.0,244.0,8.0,32.0,7.0,2.0,50.0,4.0,3.0,1.0,8.0,4.0,0.0,0.0,0.0,0.0,0.0,0.0,3.0,11.0,0.0,58.0,2013,11,3
10473.0,1956.0,Phd,Widow,78028.0,0.0,1.0,2012-09-10,38.0,158.0,19.0,288.0,25.0,0.0,38.0,1.0,6.0,4.0,9.0,7.0,0.0,0.0,0.0,0.0,0.0,0.0,3.0,11.0,0.0,58.0,2012,9,10
7962.0,1987.0,Phd,Single,95169.0,0.0,0.0,2013-10-09,1.0,1225.0,21.0,449.0,106.0,20.0,20.0,1.0,4.0,3.0,4.0,1.0,0.0,0.0,0.0,0.0,0.0,0.0,3.0,11.0,0.0,27.0,2013,10,9
9984.0,1981.0,2N Cycle,Married,56337.0,1.0,1.0,2013-03-27,25.0,349.0,16.0,144.0,28.0,5.0,126.5,5.0,8.0,5.0,4.0,8.0,0.0,0.0,0.0,0.0,0.0,0.0,3.0,11.0,0.0,33.0,2013,3,27
5527.0,1987.0,Graduation,Married,22434.0,1.0,0.0,2013-02-13,25.0,4.0,12.0,11.0,3.0,13.0,15.0,2.0,2.0,0.0,3.0,8.0,0.0,0.0,0.0,0.0,0.0,0.0,3.0,11.0,0.0,27.0,2013,2,13
6374.0,1954.0,Phd,Married,36930.0,0.0,1.0,2013-05-17,50.0,223.0,2.0,31.0,0.0,2.0,39.0,5.0,5.0,2.0,4.0,8.0,0.0,0.0,0.0,0.0,0.0,0.0,3.0,11.0,0.0,60.0,2013,5,17
7453.0,1954.0,Graduation,Single,36130.0,0.0,1.0,2013-02-02,46.0,157.0,43.0,127.0,68.0,56.0,37.0,6.0,3.0,8.0,4.0,4.0,0.0,0.0,0.0,0.0,0.0,0.0,3.0,11.0,0.0,60.0,2013,2,2
8952.0,1953.0,Master,Married,65569.0,0.0,1.0,2012-11-05,96.0,397.0,46.0,288.0,20.0,38.0,70.0,2.0,6.0,5.0,10.0,3.0,0.0,0.0,0.0,0.0,0.0,0.0,3.0,11.0,0.0,61.0,2012,11,5
241.0,1952.0,Graduation,Married,83844.0,0.0,0.0,2013-05-12,57.0,901.0,31.0,345.0,75.0,31.0,126.5,1.0,4.0,4.0,11.0,1.0,0.0,0.0,0.0,0.0,0.0,0.0,3.0,11.0,0.0,62.0,2013,5,12
8975.0,1968.0,Graduation,Married,19514.0,1.0,1.0,2014-01-26,47.0,14.0,3.0,21.0,2.0,1.0,28.0,4.0,3.0,1.0,2.0,8.0,0.0,0.0,0.0,0.0,0.0,0.0,3.0,11.0,0.0,46.0,2014,1,26
6119.0,1963.0,Phd,Single,36736.0,1.0,1.0,2013-05-10,52.0,10.0,0.0,3.0,0.0,0.0,4.0,1.0,1.0,0.0,2.0,6.0,0.0,0.0,0.0,0.0,0.0,0.0,3.0,11.0,0.0,51.0,2013,5,10
5236.0,1979.0,Graduation,Married,77568.0,0.0,1.0,2012-08-25,30.0,1225.0,0.0,396.0,120.5,81.0,126.5,1.0,10.0,2.0,8.0,5.0,0.0,0.0,0.0,0.0,0.0,0.0,3.0,11.0,0.0,35.0,2012,8,25
5723.0,1976.0,Phd,Married,49187.0,0.0,1.0,2014-01-11,63.0,81.0,1.0,31.0,2.0,1.0,0.0,1.0,1.0,1.0,5.0,2.0,0.0,0.0,0.0,0.0,0.0,0.0,3.0,11.0,0.0,38.0,2014,1,11
1710.0,1978.0,Graduation,Single,30168.0,1.0,0.0,2013-03-07,51.0,154.0,20.0,66.0,0.0,12.0,27.0,6.0,6.0,1.0,4.0,9.0,0.0,0.0,0.0,0.0,0.0,0.0,3.0,11.0,0.0,36.0,2013,3,7
1970.0,1968.0,Master,Married,34053.0,0.0,1.0,2012-09-10,14.0,63.0,0.0,21.0,7.0,0.0,12.0,1.0,3.0,0.0,3.0,8.0,0.0,0.0,0.0,0.0,0.0,0.0,3.0,11.0,0.0,46.0,2012,9,10
5313.0,1971.0,Master,Married,38196.0,1.0,1.0,2014-04-18,20.0,30.0,0.0,11.0,0.0,0.0,3.0,3.0,2.0,0.0,4.0,5.0,0.0,0.0,0.0,0.0,0.0,0.0,3.0,11.0,0.0,43.0,2014,4,18
10634.0,1951.0,Master,Married,59412.0,0.0,0.0,2014-04-19,56.0,90.0,67.0,165.0,30.0,43.0,11.0,1.0,4.0,2.0,8.0,3.0,0.0,0.0,0.0,0.0,0.0,0.0,3.0,11.0,0.0,63.0,2014,4,19
7010.0,1965.0,2N Cycle,Married,70924.0,0.0,0.0,2014-04-07,41.0,635.0,81.0,254.0,120.5,81.0,76.0,1.0,6.0,6.0,7.0,3.0,0.0,0.0,0.0,0.0,0.0,0.0,3.0,11.0,0.0,49.0,2014,4,7
8562.0,1969.0,Graduation,Married,54165.0,0.0,0.0,2013-05-28,72.0,127.0,4.0,73.0,15.0,6.0,11.0,1.0,2.0,1.0,7.0,2.0,0.0,0.0,0.0,0.0,0.0,0.0,3.0,11.0,0.0,45.0,2013,5,28
3158.0,1973.0,Graduation,Married,32300.0,1.0,0.0,2013-01-03,1.0,13.0,3.0,6.0,6.0,5.0,6.0,1.0,1.0,0.0,3.0,8.0,0.0,0.0,0.0,0.0,0.0,0.0,3.0,11.0,0.0,41.0,2013,1,3
4436.0,1976.0,Graduation,Single,20180.0,0.0,0.0,2013-02-20,27.0,18.0,42.0,24.0,15.0,20.0,18.0,1.0,2.0,1.0,4.0,7.0,0.0,0.0,0.0,0.0,0.0,0.0,3.0,11.0,0.0,38.0,2013,2,20
5287.0,1973.0,Graduation,Married,34961.0,1.0,0.0,2014-06-19,77.0,45.0,2.0,26.0,4.0,1.0,1.0,3.0,3.0,1.0,3.0,7.0,0.0,0.0,0.0,0.0,0.0,0.0,3.0,11.0,0.0,41.0,2014,6,19
2445.0,1974.0,Phd,Married,28440.0,1.0,0.0,2013-07-07,87.0,38.0,1.0,24.0,0.0,0.0,0.0,1.0,2.0,0.0,3.0,8.0,0.0,0.0,0.0,0.0,0.0,0.0,3.0,11.0,0.0,40.0,2013,7,7
6059.0,1953.0,Phd,Married,64504.0,1.0,2.0,2013-03-04,81.0,986.0,36.0,168.0,16.0,0.0,108.0,6.0,11.0,3.0,4.0,7.0,0.0,0.0,0.0,0.0,0.0,0.0,3.0,11.0,0.0,61.0,2013,3,4
4550.0,1966.0,Master,Married,33564.0,0.0,1.0,2014-06-24,51.0,61.0,0.0,3.0,0.0,0.0,7.0,1.0,1.0,1.0,3.0,5.0,0.0,0.0,0.0,0.0,0.0,0.0,3.0,11.0,0.0,48.0,2014,6,24
4240.0,1978.0,Graduation,Married,17345.0,1.0,0.0,2012-11-03,79.0,4.0,9.0,16.0,17.0,0.0,12.0,2.0,2.0,1.0,2.0,8.0,0.0,0.0,0.0,0.0,0.0,0.0,3.0,11.0,0.0,36.0,2012,11,3
8911.0,1967.0,Phd,Married,56320.0,0.0,1.0,2013-04-08,11.0,201.0,53.0,172.0,116.0,77.0,83.0,3.0,5.0,4.0,9.0,4.0,0.0,0.0,0.0,0.0,0.0,0.0,3.0,11.0,0.0,47.0,2013,4,8
3706.0,1978.0,Graduation,Single,28647.0,1.0,0.0,2013-08-21,54.0,19.0,8.0,29.0,0.0,12.0,26.0,1.0,2.0,2.0,2.0,7.0,0.0,0.0,0.0,0.0,0.0,0.0,3.0,11.0,0.0,36.0,2013,8,21
3628.0,1987.0,Basic,Single,15038.0,1.0,0.0,2013-01-29,93.0,4.0,8.0,11.0,19.0,12.0,26.0,2.0,2.0,1.0,2.0,9.0,0.0,0.0,0.0,0.0,0.0,0.0,3.0,11.0,0.0,27.0,2013,1,29
10175.0,1958.0,Phd,Divorced,32173.0,0.0,1.0,2013-08-01,0.0,18.0,0.0,2.0,0.0,0.0,2.0,1.0,1.0,0.0,3.0,4.0,0.0,0.0,0.0,0.0,0.0,0.0,3.0,11.0,0.0,56.0,2013,8,1
8985.0,1964.0,2N Cycle,Married,68316.0,0.0,1.0,2012-11-04,54.0,806.0,80.0,161.0,120.0,11.0,33.0,5.0,10.0,7.0,10.0,6.0,0.0,0.0,0.0,0.0,0.0,0.0,3.0,11.0,0.0,50.0,2012,11,4
5204.0,1971.0,Graduation,Married,74538.0,0.0,0.0,2013-06-29,21.0,380.0,81.0,556.0,110.0,81.0,28.0,1.0,8.0,8.0,5.0,3.0,0.0,0.0,0.0,0.0,0.0,0.0,3.0,11.0,0.0,43.0,2013,6,29
9220.0,1971.0,Graduation,Single,91700.0,0.0,0.0,2013-01-17,58.0,576.0,81.0,556.0,120.5,81.0,19.0,1.0,8.0,6.0,5.0,3.0,0.0,0.0,0.0,0.0,0.0,0.0,3.0,11.0,0.0,43.0,2013,1,17
9888.0,1969.0,Graduation,Married,68695.0,0.0,0.0,2014-06-25,3.0,458.0,81.0,356.0,106.0,50.0,40.0,1.0,4.0,4.0,7.0,2.0,0.0,0.0,0.0,0.0,0.0,0.0,3.0,11.0,0.0,45.0,2014,6,25
5263.0,1977.0,2N Cycle,Married,31056.0,1.0,0.0,2013-01-22,99.0,5.0,10.0,13.0,3.0,8.0,16.0,1.0,1.0,0.0,3.0,8.0,0.0,0.0,0.0,0.0,0.0,0.0,3.0,11.0,0.0,37.0,2013,1,22
1020.0,1973.0,Graduation,Married,79593.0,0.0,0.0,2014-05-12,70.0,350.0,60.0,556.0,110.0,81.0,126.5,1.0,5.0,6.0,7.0,2.0,0.0,0.0,0.0,0.0,0.0,0.0,3.0,11.0,0.0,41.0,2014,5,12
9503.0,1980.0,Graduation,Single,28071.0,0.0,0.0,2012-08-29,65.0,39.0,33.0,130.0,41.0,26.0,44.0,2.0,5.0,1.0,5.0,8.0,0.0,0.0,0.0,0.0,0.0,0.0,3.0,11.0,0.0,34.0,2012,8,29
10613.0,1958.0,Phd,Married,37334.0,1.0,1.0,2014-02-26,44.0,26.0,1.0,16.0,2.0,2.0,15.0,4.0,3.0,0.0,4.0,4.0,0.0,0.0,0.0,0.0,0.0,0.0,3.0,11.0,0.0,56.0,2014,2,26
67.0,1972.0,Master,Single,46423.0,1.0,1.0,2013-09-18,6.0,68.0,0.0,16.0,0.0,0.0,8.0,3.0,2.0,0.0,4.0,7.0,0.0,0.0,0.0,0.0,0.0,0.0,3.0,11.0,0.0,42.0,2013,9,18
6019.0,1971.0,Phd,Married,37126.0,1.0,0.0,2014-03-30,9.0,45.0,3.0,9.0,4.0,4.0,7.0,1.0,1.0,2.0,2.0,6.0,0.0,0.0,0.0,0.0,0.0,0.0,3.0,11.0,0.0,43.0,2014,3,30
5863.0,1953.0,Graduation,Married,47703.0,0.0,1.0,2013-05-29,95.0,359.0,0.0,134.0,13.0,26.0,123.0,4.0,6.0,3.0,8.0,5.0,0.0,0.0,0.0,0.0,0.0,0.0,3.0,11.0,0.0,61.0,2013,5,29
3717.0,1959.0,Graduation,Married,61180.0,0.0,1.0,2014-04-23,70.0,403.0,24.0,29.0,6.0,24.0,126.5,2.0,5.0,5.0,6.0,3.0,0.0,0.0,0.0,0.0,0.0,0.0,3.0,11.0,0.0,55.0,2014,4,23
6730.0,1954.0,Graduation,Married,38998.0,1.0,1.0,2012-11-03,92.0,34.0,1.0,14.0,0.0,0.0,5.0,3.0,2.0,0.0,3.0,8.0,0.0,0.0,0.0,0.0,0.0,0.0,3.0,11.0,0.0,60.0,2012,11,3
10749.0,1991.0,Graduation,Single,8028.0,0.0,0.0,2012-09-18,62.0,73.0,18.0,66.0,7.0,12.0,2.0,6.0,0.0,1.0,0.0,13.0,0.0,0.0,0.0,0.0,0.0,0.0,3.0,11.0,0.0,23.0,2012,9,18
4998.0,1962.0,Graduation,Married,76081.0,0.0,0.0,2014-05-23,85.0,292.0,30.0,415.0,63.0,33.0,126.5,1.0,4.0,5.0,4.0,2.0,0.0,0.0,0.0,0.0,0.0,0.0,3.0,11.0,0.0,52.0,2014,5,23
6287.0,1986.0,Graduation,Married,34728.0,1.0,0.0,2013-07-30,2.0,14.0,0.0,16.0,0.0,0.0,6.0,1.0,1.0,1.0,2.0,6.0,0.0,0.0,0.0,0.0,0.0,0.0,3.0,11.0,0.0,28.0,2013,7,30
5985.0,1965.0,Master,Single,33168.0,0.0,1.0,2012-10-13,0.0,80.0,1.0,37.0,0.0,1.0,3.0,3.0,2.0,1.0,4.0,7.0,0.0,0.0,0.0,0.0,0.0,0.0,3.0,11.0,0.0,49.0,2012,10,13
4754.0,1966.0,Master,Married,33585.0,0.0,1.0,2013-09-25,91.0,30.0,11.0,33.0,13.0,6.0,29.0,1.0,2.0,0.0,4.0,4.0,0.0,0.0,0.0,0.0,0.0,0.0,3.0,11.0,0.0,48.0,2013,9,25
4002.0,1960.0,Phd,Married,77037.0,0.0,1.0,2013-10-13,3.0,463.0,81.0,333.0,120.5,53.0,10.0,1.0,7.0,7.0,12.0,3.0,0.0,0.0,0.0,0.0,0.0,0.0,3.0,11.0,0.0,54.0,2013,10,13
8870.0,1984.0,Graduation,Married,35196.0,1.0,0.0,2012-11-13,68.0,75.0,12.0,141.0,43.0,39.0,126.5,6.0,6.0,1.0,5.0,8.0,0.0,0.0,0.0,0.0,0.0,0.0,3.0,11.0,0.0,30.0,2012,11,13
966.0,1966.0,Graduation,Married,44529.0,0.0,1.0,2013-07-05,98.0,538.0,13.0,91.0,17.0,6.0,26.0,6.0,6.0,2.0,11.0,5.0,0.0,0.0,0.0,0.0,0.0,0.0,3.0,11.0,0.0,48.0,2013,7,5
4767.0,1965.0,2N Cycle,Married,70924.0,0.0,0.0,2014-04-07,41.0,635.0,81.0,254.0,120.5,81.0,76.0,1.0,6.0,6.0,7.0,3.0,0.0,0.0,0.0,0.0,0.0,0.0,3.0,11.0,0.0,49.0,2014,4,7
9725.0,1966.0,Phd,Married,28764.0,1.0,1.0,2014-06-05,16.0,8.0,0.0,3.0,0.0,0.0,1.0,1.0,1.0,0.0,2.0,8.0,0.0,0.0,0.0,0.0,0.0,0.0,3.0,11.0,0.0,48.0,2014,6,5
4475.0,1949.0,Phd,Married,69098.0,0.0,0.0,2013-02-16,82.0,1225.0,22.0,556.0,120.5,0.0,126.5,1.0,7.0,8.0,9.0,5.0,0.0,0.0,0.0,0.0,0.0,0.0,3.0,11.0,0.0,65.0,2013,2,16
5740.0,1970.0,2N Cycle,Divorced,25959.0,1.0,1.0,2013-02-14,1.0,4.0,2.0,12.0,7.0,5.0,26.0,2.0,1.0,2.0,2.0,6.0,0.0,0.0,0.0,0.0,0.0,0.0,3.0,11.0,0.0,44.0,2013,2,14
5731.0,1983.0,Master,Married,27100.0,1.0,0.0,2013-04-05,64.0,12.0,0.0,13.0,2.0,0.0,10.0,1.0,1.0,0.0,3.0,7.0,0.0,0.0,0.0,0.0,0.0,0.0,3.0,11.0,0.0,31.0,2013,4,5
7290.0,1985.0,Graduation,Single,70596.0,0.0,0.0,2012-10-05,68.0,347.0,44.0,534.0,17.0,0.0,26.0,1.0,3.0,5.0,12.0,2.0,0.0,0.0,0.0,0.0,0.0,0.0,3.0,11.0,0.0,29.0,2012,10,5
3846.0,1974.0,Graduation,Married,42557.0,0.0,1.0,2012-08-29,98.0,192.0,5.0,53.0,0.0,5.0,15.0,4.0,6.0,1.0,4.0,8.0,0.0,0.0,0.0,0.0,0.0,0.0,3.0,11.0,0.0,40.0,2012,8,29
8104.0,1951.0,Phd,Married,53312.0,0.0,0.0,2013-08-09,32.0,241.0,0.0,12.0,0.0,0.0,25.0,1.0,5.0,1.0,5.0,7.0,0.0,0.0,0.0,0.0,0.0,0.0,3.0,11.0,0.0,63.0,2013,8,9
4507.0,1952.0,Graduation,Single,72228.0,0.0,0.0,2012-11-27,87.0,631.0,28.0,491.0,30.0,14.0,56.0,1.0,6.0,7.0,8.0,3.0,0.0,0.0,0.0,0.0,0.0,0.0,3.0,11.0,0.0,62.0,2012,11,27
11013.0,1987.0,Graduation,Married,67605.0,0.0,0.0,2013-03-31,84.0,336.0,28.0,282.0,120.5,54.0,54.0,1.0,2.0,8.0,6.0,1.0,0.0,0.0,0.0,0.0,0.0,0.0,3.0,11.0,0.0,27.0,2013,3,31
4491.0,1949.0,Master,Married,62845.0,1.0,1.0,2012-10-01,3.0,1099.0,0.0,45.0,0.0,0.0,34.0,6.0,3.0,4.0,10.0,8.0,0.0,0.0,0.0,0.0,0.0,0.0,3.0,11.0,0.0,65.0,2012,10,1
3759.0,1958.0,Graduation,Married,65196.0,0.0,2.0,2013-07-25,34.0,743.0,19.0,181.0,12.0,0.0,126.5,2.0,7.0,6.0,11.0,5.0,0.0,0.0,0.0,0.0,0.0,0.0,3.0,11.0,0.0,56.0,2013,7,25
1162.0,1987.0,Phd,Single,42000.0,0.0,0.0,2013-01-10,23.0,124.0,81.0,267.0,85.0,59.0,35.0,2.0,5.0,2.0,11.0,5.0,0.0,0.0,0.0,0.0,0.0,0.0,3.0,11.0,0.0,27.0,2013,1,10
2055.0,1973.0,Phd,Divorced,35860.0,1.0,1.0,2014-05-19,37.0,15.0,0.0,8.0,4.0,2.0,20.0,2.0,1.0,1.0,2.0,5.0,0.0,0.0,0.0,0.0,0.0,0.0,3.0,11.0,0.0,41.0,2014,5,19
10766.0,1964.0,Phd,Married,65526.0,0.0,1.0,2014-04-11,22.0,397.0,19.0,69.0,12.0,0.0,9.0,1.0,4.0,4.0,8.0,2.0,0.0,0.0,0.0,0.0,0.0,0.0,3.0,11.0,0.0,50.0,2014,4,11
4415.0,1961.0,Graduation,Married,16860.0,1.0,1.0,2012-09-12,19.0,10.0,4.0,4.0,3.0,3.0,14.0,3.0,1.0,1.0,3.0,7.0,0.0,0.0,0.0,0.0,0.0,0.0,3.0,11.0,0.0,53.0,2012,9,12
3005.0,1992.0,Graduation,Single,83528.0,0.0,0.0,2014-05-01,7.0,530.0,81.0,556.0,120.5,44.0,126.5,1.0,4.0,10.0,8.0,1.0,0.0,0.0,0.0,0.0,0.0,0.0,3.0,11.0,0.0,22.0,2014,5,1
2223.0,1965.0,2N Cycle,Divorced,64176.0,0.0,1.0,2012-08-03,52.0,1215.0,33.0,249.0,64.0,81.0,126.5,6.0,8.0,9.0,8.0,6.0,0.0,0.0,0.0,0.0,0.0,0.0,3.0,11.0,0.0,49.0,2012,8,3
4817.0,1956.0,Graduation,Divorced,22304.0,0.0,0.0,2012-08-04,91.0,3.0,2.0,7.0,0.0,4.0,2.0,1.0,1.0,0.0,2.0,8.0,0.0,0.0,0.0,0.0,0.0,0.0,3.0,11.0,0.0,58.0,2012,8,4
2875.0,1978.0,Graduation,Married,67023.0,0.0,0.0,2014-03-04,93.0,444.0,44.0,382.0,11.0,8.0,17.0,1.0,3.0,7.0,13.0,2.0,0.0,0.0,0.0,0.0,0.0,0.0,3.0,11.0,0.0,36.0,2014,3,4
10536.0,1971.0,Phd,Married,32892.0,1.0,0.0,2014-05-25,78.0,26.0,0.0,15.0,2.0,1.0,2.0,2.0,3.0,0.0,3.0,8.0,0.0,0.0,0.0,0.0,0.0,0.0,3.0,11.0,0.0,43.0,2014,5,25
11112.0,1966.0,Graduation,Married,70713.0,0.0,1.0,2012-12-03,23.0,736.0,81.0,279.0,82.0,76.0,126.5,6.0,5.0,6.0,8.0,3.0,0.0,0.0,0.0,0.0,0.0,0.0,3.0,11.0,0.0,48.0,2012,12,3
3807.0,1955.0,Graduation,Married,59925.0,0.0,1.0,2012-11-30,83.0,473.0,21.0,176.0,19.0,21.0,56.0,3.0,9.0,2.0,9.0,6.0,0.0,0.0,0.0,0.0,0.0,0.0,3.0,11.0,0.0,59.0,2012,11,30
9197.0,1953.0,Graduation,Married,39722.0,0.0,1.0,2014-02-24,92.0,32.0,0.0,5.0,2.0,0.0,8.0,2.0,2.0,0.0,3.0,5.0,0.0,0.0,0.0,0.0,0.0,0.0,3.0,11.0,0.0,61.0,2014,2,24
10832.0,1958.0,Graduation,Married,46610.0,0.0,0.0,2013-07-18,4.0,288.0,10.0,30.0,4.0,10.0,125.0,1.0,6.0,1.0,6.0,6.0,0.0,0.0,0.0,0.0,0.0,0.0,3.0,11.0,0.0,56.0,2013,7,18
6421.0,1961.0,Graduation,Married,88347.0,0.0,0.0,2013-07-03,32.0,1050.0,81.0,555.0,77.0,81.0,118.0,1.0,4.0,7.0,9.0,1.0,0.0,0.0,0.0,0.0,0.0,0.0,3.0,11.0,0.0,53.0,2013,7,3
4207.0,1981.0,Phd,Married,87171.0,0.0,0.0,2013-05-01,27.0,1001.0,44.0,107.0,58.0,44.0,44.0,1.0,6.0,7.0,11.0,2.0,0.0,0.0,0.0,0.0,0.0,0.0,3.0,11.0,0.0,33.0,2013,5,1
577.0,1976.0,2N Cycle,Married,26907.0,1.0,1.0,2013-08-20,10.0,9.0,1.0,7.0,0.0,3.0,2.0,2.0,1.0,0.0,3.0,7.0,0.0,0.0,0.0,0.0,0.0,0.0,3.0,11.0,0.0,38.0,2013,8,20
10855.0,1968.0,Master,Single,50014.0,1.0,0.0,2014-01-22,9.0,234.0,14.0,77.0,19.0,10.0,42.0,2.0,4.0,1.0,8.0,5.0,0.0,0.0,0.0,0.0,0.0,0.0,3.0,11.0,0.0,46.0,2014,1,22
3081.0,1978.0,Phd,Married,41014.0,1.0,0.0,2013-04-22,65.0,7.0,2.0,6.0,2.0,0.0,3.0,1.0,1.0,0.0,2.0,7.0,0.0,0.0,0.0,0.0,0.0,0.0,3.0,11.0,0.0,36.0,2013,4,22
3535.0,1965.0,Graduation,Single,66294.0,0.0,0.0,2014-03-17,68.0,251.0,81.0,334.0,65.0,81.0,117.0,1.0,4.0,3.0,5.0,2.0,0.0,0.0,0.0,0.0,0.0,0.0,3.0,11.0,0.0,49.0,2014,3,17
247.0,1971.0,Graduation,Married,36715.0,1.0,0.0,2012-11-17,16.0,172.0,10.0,125.0,21.0,13.0,16.0,6.0,7.0,2.0,4.0,9.0,0.0,0.0,0.0,0.0,0.0,0.0,3.0,11.0,0.0,43.0,2012,11,17
8707.0,1956.0,Graduation,Married,79456.0,0.0,0.0,2012-08-22,12.0,565.0,42.0,548.0,64.0,81.0,99.0,1.0,5.0,6.0,4.0,3.0,0.0,0.0,0.0,0.0,0.0,0.0,3.0,11.0,0.0,58.0,2012,8,22
9523.0,1982.0,Graduation,Married,40479.0,1.0,0.0,2013-08-17,95.0,5.0,0.0,8.0,2.0,0.0,0.0,1.0,0.0,0.0,3.0,4.0,0.0,0.0,0.0,0.0,0.0,0.0,3.0,11.0,0.0,32.0,2013,8,17
6072.0,1970.0,Master,Single,75345.0,0.0,0.0,2013-02-02,16.0,918.0,57.0,556.0,99.0,38.0,126.5,1.0,5.0,8.0,6.0,3.0,0.0,0.0,0.0,0.0,0.0,0.0,3.0,11.0,0.0,44.0,2013,2,2
6295.0,1977.0,Graduation,Married,54233.0,0.0,1.0,2013-02-04,46.0,652.0,8.0,158.0,21.0,0.0,126.5,4.0,11.0,6.0,5.0,8.0,0.0,0.0,0.0,0.0,0.0,0.0,3.0,11.0,0.0,37.0,2013,2,4
10914.0,1970.0,Graduation,Single,24163.0,1.0,1.0,2013-10-12,3.0,4.0,1.0,7.0,2.0,1.0,2.0,2.0,1.0,0.0,3.0,4.0,0.0,0.0,0.0,0.0,0.0,0.0,3.0,11.0,0.0,44.0,2013,10,12
1509.0,1958.0,Phd,Married,84460.0,0.0,0.0,2013-01-04,80.0,152.0,27.0,103.0,106.0,54.0,81.0,0.0,9.0,9.0,4.0,5.0,0.0,0.0,0.0,0.0,0.0,0.0,3.0,11.0,0.0,56.0,2013,1,4
5577.0,1983.0,Graduation,Married,43776.0,1.0,0.0,2014-05-03,77.0,8.0,0.0,9.0,2.0,1.0,3.0,1.0,1.0,0.0,2.0,6.0,0.0,0.0,0.0,0.0,0.0,0.0,3.0,11.0,0.0,31.0,2014,5,3
7348.0,1958.0,Phd,Single,71691.0,0.0,0.0,2014-03-17,0.0,336.0,81.0,411.0,120.5,32.0,43.0,1.0,4.0,7.0,5.0,2.0,0.0,0.0,0.0,0.0,0.0,0.0,3.0,11.0,0.0,56.0,2014,3,17
1127.0,1973.0,Phd,Married,85844.0,0.0,0.0,2014-05-29,62.0,938.0,19.0,556.0,25.0,81.0,38.0,1.0,6.0,6.0,7.0,2.0,0.0,0.0,0.0,0.0,0.0,0.0,3.0,11.0,0.0,41.0,2014,5,29
1833.0,1974.0,Phd,Single,39190.0,1.0,0.0,2014-04-26,91.0,68.0,8.0,18.0,19.0,8.0,12.0,2.0,2.0,1.0,4.0,5.0,0.0,0.0,0.0,0.0,0.0,0.0,3.0,11.0,0.0,40.0,2014,4,26
4944.0,1959.0,Graduation,Married,71367.0,0.0,0.0,2013-08-23,24.0,227.0,23.0,389.0,42.0,21.0,75.0,1.0,4.0,5.0,7.0,2.0,0.0,0.0,0.0,0.0,0.0,0.0,3.0,11.0,0.0,55.0,2013,8,23
9080.0,1972.0,Phd,Single,38578.0,1.0,1.0,2013-06-22,2.0,38.0,4.0,22.0,3.0,3.0,3.0,3.0,3.0,0.0,3.0,8.0,0.0,0.0,0.0,0.0,0.0,0.0,3.0,11.0,0.0,42.0,2013,6,22
6466.0,1965.0,Phd,Married,57236.0,1.0,1.0,2014-03-12,22.0,105.0,0.0,9.0,2.0,1.0,4.0,3.0,2.0,1.0,4.0,3.0,0.0,0.0,0.0,0.0,0.0,0.0,3.0,11.0,0.0,49.0,2014,3,12
9964.0,1979.0,Graduation,Single,61825.0,0.0,1.0,2013-08-07,56.0,162.0,50.0,100.0,55.0,30.0,27.0,1.0,4.0,2.0,8.0,4.0,0.0,0.0,0.0,0.0,0.0,0.0,3.0,11.0,0.0,35.0,2013,8,7
4790.0,1958.0,Graduation,Divorced,79803.0,0.0,1.0,2014-06-02,54.0,574.0,8.0,216.0,21.0,16.0,33.0,1.0,4.0,3.0,5.0,1.0,0.0,0.0,0.0,0.0,0.0,0.0,3.0,11.0,0.0,56.0,2014,6,2
10245.0,1986.0,2N Cycle,Single,80910.0,0.0,0.0,2012-10-31,71.0,160.0,80.0,369.0,67.0,39.0,41.0,1.0,3.0,3.0,8.0,1.0,0.0,0.0,0.0,0.0,0.0,0.0,3.0,11.0,0.0,28.0,2012,10,31
1109.0,1982.0,Master,Married,27590.0,1.0,0.0,2013-04-23,38.0,6.0,0.0,5.0,0.0,0.0,1.0,1.0,1.0,0.0,2.0,7.0,0.0,0.0,0.0,0.0,0.0,0.0,3.0,11.0,0.0,32.0,2013,4,23
6001.0,1979.0,Graduation,Married,56775.0,0.0,1.0,2013-01-02,62.0,614.0,35.0,160.0,58.0,35.0,35.0,2.0,5.0,8.0,10.0,5.0,0.0,0.0,0.0,0.0,0.0,0.0,3.0,11.0,0.0,35.0,2013,1,2
5538.0,1975.0,Graduation,Divorced,83829.0,0.0,0.0,2013-10-08,78.0,897.0,81.0,430.0,120.5,81.0,27.0,0.0,4.0,7.0,6.0,1.0,0.0,0.0,0.0,0.0,0.0,0.0,3.0,11.0,0.0,39.0,2013,10,8
10552.0,1979.0,2N Cycle,Married,54210.0,0.0,1.0,2013-05-20,18.0,70.0,54.0,109.0,80.0,9.0,45.0,2.0,4.0,1.0,7.0,5.0,0.0,0.0,0.0,0.0,0.0,0.0,3.0,11.0,0.0,35.0,2013,5,20
1545.0,1986.0,Graduation,Married,38508.0,1.0,0.0,2013-08-02,95.0,120.0,19.0,206.0,25.0,19.0,54.0,6.0,7.0,2.0,5.0,8.0,0.0,0.0,0.0,0.0,0.0,0.0,3.0,11.0,0.0,28.0,2013,8,2
7409.0,1970.0,Graduation,Married,53187.0,1.0,0.0,2013-10-26,66.0,211.0,2.0,30.0,7.0,7.0,10.0,2.0,4.0,1.0,6.0,5.0,0.0,0.0,0.0,0.0,0.0,0.0,3.0,11.0,0.0,44.0,2013,10,26
4444.0,1972.0,Graduation,Married,30023.0,1.0,0.0,2014-03-24,28.0,11.0,0.0,16.0,7.0,6.0,21.0,1.0,2.0,0.0,3.0,8.0,0.0,0.0,0.0,0.0,0.0,0.0,3.0,11.0,0.0,42.0,2014,3,24
146.0,1960.0,Phd,Single,76045.0,0.0,0.0,2013-11-15,78.0,760.0,53.0,400.0,17.0,81.0,0.0,1.0,4.0,5.0,11.0,2.0,0.0,0.0,0.0,0.0,0.0,0.0,3.0,11.0,0.0,54.0,2013,11,15
6271.0,1952.0,Phd,Married,50870.0,0.0,1.0,2014-06-19,13.0,53.0,0.0,8.0,0.0,0.0,2.0,1.0,2.0,0.0,3.0,5.0,0.0,0.0,0.0,0.0,0.0,0.0,3.0,11.0,0.0,62.0,2014,6,19
10065.0,1970.0,2N Cycle,Married,15315.0,0.0,0.0,2013-08-03,27.0,7.0,4.0,13.0,15.0,8.0,17.0,2.0,2.0,0.0,4.0,5.0,0.0,0.0,0.0,0.0,0.0,0.0,3.0,11.0,0.0,44.0,2013,8,3
4741.0,1974.0,2N Cycle,Married,65463.0,1.0,0.0,2014-01-30,17.0,391.0,32.0,70.0,21.0,32.0,16.0,2.0,6.0,2.0,9.0,5.0,0.0,0.0,0.0,0.0,0.0,0.0,3.0,11.0,0.0,40.0,2014,1,30
246.0,1965.0,Graduation,Married,66480.0,1.0,1.0,2014-05-31,71.0,199.0,9.0,57.0,20.0,21.0,6.0,6.0,4.0,1.0,7.0,4.0,0.0,0.0,0.0,0.0,0.0,0.0,3.0,11.0,0.0,49.0,2014,5,31
375.0,1954.0,Graduation,Divorced,76773.0,0.0,0.0,2013-02-25,79.0,516.0,56.0,449.0,86.0,33.0,16.0,1.0,2.0,2.0,11.0,1.0,0.0,0.0,0.0,0.0,0.0,0.0,3.0,11.0,0.0,60.0,2013,2,25
1524.0,1983.0,2N Cycle,Single,81698.0,0.0,0.0,2013-03-01,1.0,709.0,45.0,115.0,30.0,81.0,45.0,1.0,8.0,2.0,5.0,5.0,0.0,0.0,0.0,0.0,0.0,0.0,3.0,11.0,0.0,31.0,2013,3,1
10022.0,1973.0,Phd,Single,54466.0,1.0,1.0,2014-02-09,78.0,12.0,0.0,4.0,0.0,0.0,0.0,1.0,1.0,0.0,2.0,5.0,0.0,0.0,0.0,0.0,0.0,0.0,3.0,11.0,0.0,41.0,2014,2,9
7451.0,1960.0,Master,Single,98777.0,0.0,0.0,2014-02-17,23.0,1000.0,19.0,556.0,120.5,81.0,38.0,0.0,4.0,6.0,9.0,1.0,0.0,0.0,0.0,0.0,0.0,0.0,3.0,11.0,0.0,54.0,2014,2,17
11010.0,1984.0,Phd,Single,16269.0,1.0,0.0,2013-08-30,75.0,19.0,3.0,18.0,3.0,1.0,0.0,3.0,3.0,0.0,3.0,8.0,0.0,0.0,0.0,0.0,0.0,0.0,3.0,11.0,0.0,30.0,2013,8,30
4356.0,1971.0,Graduation,Married,71819.0,0.0,1.0,2013-08-28,70.0,1224.0,28.0,140.0,0.0,14.0,126.5,3.0,3.0,3.0,5.0,6.0,0.0,0.0,0.0,0.0,0.0,0.0,3.0,11.0,0.0,43.0,2013,8,28
3885.0,1983.0,Phd,Married,33569.0,1.0,0.0,2013-10-16,10.0,16.0,2.0,18.0,3.0,0.0,24.0,1.0,1.0,1.0,2.0,8.0,0.0,0.0,0.0,0.0,0.0,0.0,3.0,11.0,0.0,31.0,2013,10,16
1175.0,1983.0,Master,Married,36262.0,0.0,0.0,2013-09-20,24.0,88.0,39.0,54.0,64.0,28.0,126.5,1.0,3.0,5.0,3.0,6.0,0.0,0.0,0.0,0.0,0.0,0.0,3.0,11.0,0.0,31.0,2013,9,20
880.0,1966.0,Basic,Married,22634.0,0.0,0.0,2013-01-16,47.0,2.0,23.0,11.0,8.0,6.0,46.0,1.0,2.0,1.0,2.0,8.0,0.0,0.0,0.0,0.0,0.0,0.0,3.0,11.0,0.0,48.0,2013,1,16
2320.0,1978.0,2N Cycle,Married,47025.0,0.0,1.0,2013-09-12,98.0,508.0,11.0,59.0,23.0,5.0,29.0,5.0,11.0,1.0,6.0,9.0,0.0,0.0,0.0,0.0,0.0,0.0,3.0,11.0,0.0,36.0,2013,9,12
850.0,1968.0,Graduation,Single,70566.0,0.0,1.0,2013-10-06,4.0,381.0,28.0,215.0,84.0,28.0,21.0,2.0,6.0,5.0,9.0,3.0,0.0,0.0,0.0,0.0,0.0,0.0,3.0,11.0,0.0,46.0,2013,10,6
4713.0,1979.0,Phd,Married,31605.0,1.0,0.0,2012-11-22,15.0,74.0,0.0,42.0,2.0,1.0,6.0,2.0,2.0,1.0,4.0,7.0,0.0,0.0,0.0,0.0,0.0,0.0,3.0,11.0,0.0,35.0,2012,11,22
675.0,1973.0,Master,Divorced,52034.0,1.0,1.0,2013-05-17,67.0,146.0,0.0,93.0,7.0,13.0,73.0,5.0,4.0,2.0,5.0,7.0,0.0,0.0,0.0,0.0,0.0,0.0,3.0,11.0,0.0,41.0,2013,5,17
5025.0,1979.0,Graduation,Single,48526.0,1.0,0.0,2013-12-24,32.0,23.0,17.0,23.0,43.0,20.0,9.0,1.0,2.0,1.0,4.0,3.0,0.0,0.0,0.0,0.0,0.0,0.0,3.0,11.0,0.0,35.0,2013,12,24
2308.0,1954.0,Graduation,Married,46734.0,0.0,1.0,2012-11-18,40.0,110.0,5.0,137.0,26.0,23.0,29.0,2.0,6.0,1.0,5.0,7.0,0.0,0.0,0.0,0.0,0.0,0.0,3.0,11.0,0.0,60.0,2012,11,18
5995.0,1962.0,Graduation,Divorced,39552.0,1.0,1.0,2012-12-18,54.0,165.0,3.0,147.0,4.0,24.0,41.0,6.0,6.0,2.0,5.0,8.0,0.0,0.0,0.0,0.0,0.0,0.0,3.0,11.0,0.0,52.0,2012,12,18
6749.0,1966.0,Graduation,Single,86358.0,1.0,1.0,2012-08-08,78.0,957.0,47.0,494.0,82.0,47.0,95.0,4.0,5.0,3.0,6.0,8.0,0.0,0.0,0.0,0.0,0.0,0.0,3.0,11.0,0.0,48.0,2012,8,8
1010.0,1977.0,Graduation,Married,46931.0,2.0,1.0,2014-04-24,94.0,41.0,0.0,17.0,3.0,1.0,16.0,2.0,1.0,1.0,3.0,3.0,0.0,0.0,0.0,0.0,0.0,0.0,3.0,11.0,0.0,37.0,2014,4,24
8977.0,1985.0,Basic,Single,16581.0,0.0,0.0,2013-01-12,51.0,1.0,3.0,4.0,2.0,3.0,11.0,1.0,0.0,0.0,3.0,4.0,0.0,0.0,0.0,0.0,0.0,0.0,3.0,11.0,0.0,29.0,2013,1,12
4756.0,1952.0,2N Cycle,Divorced,63998.0,0.0,0.0,2013-12-20,42.0,176.0,29.0,556.0,0.0,33.0,112.0,1.0,7.0,6.0,11.0,4.0,0.0,0.0,0.0,0.0,0.0,0.0,3.0,11.0,0.0,62.0,2013,12,20
3412.0,1951.0,Master,Married,67381.0,0.0,1.0,2013-01-15,67.0,815.0,8.0,53.0,11.0,0.0,70.0,4.0,2.0,2.0,9.0,7.0,0.0,0.0,0.0,0.0,0.0,0.0,3.0,11.0,0.0,63.0,2013,1,15
606.0,1967.0,Graduation,Single,25930.0,1.0,1.0,2013-10-10,87.0,6.0,1.0,2.0,2.0,0.0,4.0,1.0,1.0,0.0,2.0,7.0,0.0,0.0,0.0,0.0,0.0,0.0,3.0,11.0,0.0,47.0,2013,10,10
5961.0,1978.0,Graduation,Married,42693.0,1.0,0.0,2014-06-07,29.0,8.0,4.0,20.0,6.0,3.0,16.0,1.0,1.0,0.0,3.0,5.0,0.0,0.0,0.0,0.0,0.0,0.0,3.0,11.0,0.0,36.0,2014,6,7
2975.0,1976.0,Graduation,Married,85606.0,0.0,1.0,2012-11-12,89.0,717.0,42.0,556.0,120.5,30.0,84.0,2.0,6.0,7.0,9.0,3.0,0.0,0.0,0.0,0.0,0.0,0.0,3.0,11.0,0.0,38.0,2012,11,12
2894.0,1985.0,Graduation,Single,72903.0,0.0,0.0,2013-10-29,74.0,1067.0,81.0,556.0,0.0,19.0,39.0,1.0,7.0,5.0,8.0,4.0,0.0,0.0,0.0,0.0,0.0,0.0,3.0,11.0,0.0,29.0,2013,10,29
7613.0,1974.0,2N Cycle,Married,49669.0,1.0,0.0,2014-05-24,97.0,166.0,5.0,107.0,11.0,8.0,29.0,2.0,5.0,1.0,6.0,6.0,0.0,0.0,0.0,0.0,0.0,0.0,3.0,11.0,0.0,40.0,2014,5,24
10542.0,1968.0,Phd,Married,36778.0,1.0,1.0,2012-08-05,63.0,29.0,4.0,34.0,2.0,4.0,4.0,3.0,3.0,0.0,3.0,9.0,0.0,0.0,0.0,0.0,0.0,0.0,3.0,11.0,0.0,46.0,2012,8,5
8015.0,1962.0,Phd,Divorced,85696.0,0.0,0.0,2013-05-03,88.0,714.0,76.0,395.0,116.0,0.0,12.0,1.0,4.0,6.0,9.0,1.0,0.0,0.0,0.0,0.0,0.0,0.0,3.0,11.0,0.0,52.0,2013,5,3
10617.0,1989.0,Master,Divorced,10979.0,0.0,0.0,2014-05-22,34.0,8.0,4.0,10.0,2.0,2.0,4.0,2.0,3.0,0.0,3.0,5.0,0.0,0.0,0.0,0.0,0.0,0.0,3.0,11.0,0.0,25.0,2014,5,22
11166.0,1961.0,Graduation,Married,49678.0,0.0,1.0,2013-02-02,81.0,229.0,5.0,56.0,3.0,2.0,20.0,2.0,6.0,2.0,4.0,7.0,0.0,0.0,0.0,0.0,0.0,0.0,3.0,11.0,0.0,53.0,2013,2,2
849.0,1953.0,Master,Married,56129.0,0.0,1.0,2013-06-20,65.0,320.0,48.0,133.0,39.0,72.0,48.0,4.0,6.0,2.0,10.0,4.0,0.0,0.0,0.0,0.0,0.0,0.0,3.0,11.0,0.0,61.0,2013,6,20
523.0,1989.0,Graduation,Married,37155.0,1.0,0.0,2013-01-31,51.0,23.0,0.0,26.0,7.0,15.0,3.0,1.0,2.0,0.0,4.0,5.0,0.0,0.0,0.0,0.0,0.0,0.0,3.0,11.0,0.0,25.0,2013,1,31
4066.0,1978.0,2N Cycle,Divorced,21282.0,1.0,0.0,2014-05-11,76.0,1.0,5.0,8.0,4.0,8.0,20.0,2.0,2.0,1.0,2.0,6.0,0.0,0.0,0.0,0.0,0.0,0.0,3.0,11.0,0.0,36.0,2014,5,11
8414.0,1962.0,Phd,Single,33419.0,0.0,1.0,2013-08-17,76.0,56.0,0.0,12.0,0.0,0.0,18.0,2.0,2.0,0.0,4.0,7.0,0.0,0.0,0.0,0.0,0.0,0.0,3.0,11.0,0.0,52.0,2013,8,17
819.0,1945.0,Graduation,Widow,63285.0,0.0,0.0,2013-11-05,84.0,508.0,81.0,249.0,50.0,38.0,126.5,1.0,6.0,5.0,13.0,3.0,0.0,0.0,0.0,0.0,0.0,0.0,3.0,11.0,0.0,69.0,2013,11,5
4961.0,1974.0,Master,Married,21255.0,1.0,0.0,2014-01-21,56.0,29.0,0.0,25.0,2.0,2.0,3.0,4.0,2.0,1.0,4.0,4.0,0.0,0.0,0.0,0.0,0.0,0.0,3.0,11.0,0.0,40.0,2014,1,21
749.0,1981.0,Graduation,Married,42162.0,1.0,0.0,2013-11-19,31.0,46.0,7.0,59.0,2.0,4.0,27.0,2.0,3.0,1.0,3.0,6.0,0.0,0.0,0.0,0.0,0.0,0.0,3.0,11.0,0.0,33.0,2013,11,19
5430.0,1956.0,Graduation,Married,54450.0,1.0,1.0,2012-09-14,0.0,454.0,0.0,171.0,8.0,19.0,32.0,6.0,9.0,2.0,8.0,8.0,0.0,0.0,0.0,0.0,0.0,0.0,3.0,11.0,0.0,58.0,2012,9,14
7755.0,1954.0,Phd,Married,57744.0,0.0,1.0,2013-11-12,91.0,350.0,3.0,39.0,0.0,0.0,19.0,2.0,9.0,1.0,4.0,8.0,0.0,0.0,0.0,0.0,0.0,0.0,3.0,11.0,0.0,60.0,2013,11,12
10525.0,1986.0,Graduation,Single,26576.0,1.0,0.0,2012-10-13,40.0,10.0,0.0,8.0,0.0,0.0,9.0,1.0,1.0,0.0,2.0,9.0,0.0,0.0,0.0,0.0,0.0,0.0,3.0,11.0,0.0,28.0,2012,10,13
1453.0,1943.0,Phd,Widow,57513.0,0.0,0.0,2013-07-06,59.0,735.0,40.0,183.0,52.0,20.0,30.0,2.0,9.0,3.0,13.0,6.0,0.0,0.0,0.0,0.0,0.0,0.0,3.0,11.0,0.0,71.0,2013,7,6
8310.0,1964.0,Graduation,Married,68142.0,0.0,1.0,2012-08-29,96.0,897.0,81.0,196.0,91.0,81.0,37.0,3.0,10.0,4.0,7.0,6.0,0.0,0.0,0.0,0.0,0.0,0.0,3.0,11.0,0.0,50.0,2012,8,29
10710.0,1979.0,Graduation,Married,7500.0,0.0,1.0,2012-08-29,61.0,5.0,2.0,3.0,3.0,0.0,5.0,1.0,1.0,0.0,2.0,8.0,0.0,0.0,0.0,0.0,0.0,0.0,3.0,11.0,0.0,35.0,2012,8,29
5031.0,1974.0,Graduation,Married,83145.0,0.0,0.0,2012-09-22,14.0,777.0,35.0,556.0,39.0,81.0,114.0,1.0,5.0,9.0,11.0,2.0,0.0,0.0,0.0,0.0,0.0,0.0,3.0,11.0,0.0,40.0,2012,9,22
2613.0,1960.0,Master,Married,54197.0,0.0,1.0,2014-04-03,16.0,162.0,6.0,37.0,6.0,13.0,13.0,2.0,1.0,3.0,6.0,1.0,0.0,0.0,0.0,0.0,0.0,0.0,3.0,11.0,0.0,54.0,2014,4,3
213.0,1963.0,Phd,Single,23091.0,1.0,1.0,2014-05-28,98.0,35.0,0.0,11.0,0.0,0.0,2.0,4.0,2.0,1.0,3.0,7.0,0.0,0.0,0.0,0.0,0.0,0.0,3.0,11.0,0.0,51.0,2014,5,28
967.0,1976.0,Graduation,Married,46049.0,1.0,1.0,2013-07-21,11.0,342.0,9.0,112.0,19.0,14.0,19.0,6.0,5.0,2.0,9.0,7.0,0.0,0.0,0.0,0.0,0.0,0.0,3.0,11.0,0.0,38.0,2013,7,21
1077.0,1974.0,Graduation,Married,56715.0,0.0,0.0,2012-12-05,52.0,258.0,81.0,239.0,120.5,81.0,9.0,1.0,7.0,3.0,4.0,4.0,0.0,0.0,0.0,0.0,0.0,0.0,3.0,11.0,0.0,40.0,2012,12,5
7959.0,1961.0,Graduation,Married,79410.0,0.0,0.0,2014-05-29,19.0,658.0,80.0,483.0,120.5,13.0,13.0,1.0,3.0,2.0,5.0,1.0,0.0,0.0,0.0,0.0,0.0,0.0,3.0,11.0,0.0,53.0,2014,5,29
640.0,1951.0,Graduation,Married,57304.0,0.0,1.0,2013-03-11,61.0,356.0,80.0,329.0,120.5,17.0,106.0,2.0,7.0,6.0,10.0,5.0,0.0,0.0,0.0,0.0,0.0,0.0,3.0,11.0,0.0,63.0,2013,3,11
4252.0,1965.0,Graduation,Married,44375.0,0.0,1.0,2014-03-23,73.0,213.0,5.0,28.0,7.0,7.0,41.0,1.0,4.0,1.0,6.0,5.0,0.0,0.0,0.0,0.0,0.0,0.0,3.0,11.0,0.0,49.0,2014,3,23
8432.0,1956.0,Graduation,Married,54450.0,1.0,1.0,2012-09-14,0.0,454.0,0.0,171.0,8.0,19.0,32.0,6.0,9.0,2.0,8.0,8.0,0.0,0.0,0.0,0.0,0.0,0.0,3.0,11.0,0.0,58.0,2012,9,14
6218.0,1965.0,Graduation,Married,59594.0,0.0,1.0,2012-10-20,74.0,457.0,4.0,29.0,0.0,0.0,9.0,1.0,8.0,1.0,7.0,7.0,0.0,0.0,0.0,0.0,0.0,0.0,3.0,11.0,0.0,49.0,2012,10,20
6905.0,1994.0,Graduation,Married,80685.0,0.0,0.0,2012-08-22,55.0,241.0,45.0,556.0,34.0,26.0,54.0,1.0,6.0,4.0,10.0,2.0,0.0,0.0,0.0,0.0,0.0,0.0,3.0,11.0,0.0,20.0,2012,8,22
5922.0,1974.0,Phd,Married,40344.0,0.0,1.0,2013-10-13,48.0,210.0,0.0,6.0,0.0,0.0,2.0,2.0,4.0,1.0,5.0,7.0,0.0,0.0,0.0,0.0,0.0,0.0,3.0,11.0,0.0,40.0,2013,10,13
3598.0,1972.0,Graduation,Married,62710.0,0.0,1.0,2013-05-23,53.0,441.0,35.0,83.0,7.0,29.0,11.0,4.0,4.0,2.0,12.0,4.0,0.0,0.0,0.0,0.0,0.0,0.0,3.0,11.0,0.0,42.0,2013,5,23
6116.0,1968.0,2N Cycle,Married,48985.0,0.0,1.0,2013-07-05,13.0,19.0,13.0,18.0,10.0,7.0,8.0,1.0,1.0,1.0,3.0,3.0,0.0,0.0,0.0,0.0,0.0,0.0,3.0,11.0,0.0,46.0,2013,7,5
6263.0,1968.0,Graduation,Married,35322.0,1.0,2.0,2012-08-22,34.0,28.0,9.0,37.0,12.0,7.0,13.0,3.0,2.0,0.0,4.0,8.0,0.0,0.0,0.0,0.0,0.0,0.0,3.0,11.0,0.0,46.0,2012,8,22
10486.0,1948.0,Graduation,Married,77142.0,0.0,0.0,2013-05-29,54.0,476.0,75.0,162.0,29.0,81.0,97.0,1.0,4.0,4.0,8.0,2.0,0.0,0.0,0.0,0.0,0.0,0.0,3.0,11.0,0.0,66.0,2013,5,29
2410.0,1969.0,Graduation,Single,81657.0,0.0,0.0,2014-01-22,69.0,364.0,40.0,425.0,120.5,60.0,50.0,1.0,3.0,4.0,8.0,1.0,0.0,0.0,0.0,0.0,0.0,0.0,3.0,11.0,0.0,45.0,2014,1,22
193.0,1996.0,Basic,Married,14421.0,0.0,0.0,2014-02-17,81.0,0.0,0.0,2.0,3.0,3.0,8.0,1.0,1.0,0.0,2.0,5.0,0.0,0.0,0.0,0.0,0.0,0.0,3.0,11.0,0.0,18.0,2014,2,17
3363.0,1974.0,2N Cycle,Married,20130.0,0.0,0.0,2014-03-17,99.0,0.0,6.0,3.0,7.0,6.0,12.0,1.0,1.0,0.0,3.0,8.0,0.0,0.0,0.0,0.0,0.0,0.0,3.0,11.0,0.0,40.0,2014,3,17
8278.0,1990.0,Phd,Married,74214.0,0.0,0.0,2012-08-26,3.0,863.0,81.0,547.0,86.0,81.0,33.0,1.0,8.0,2.0,5.0,5.0,0.0,0.0,0.0,0.0,0.0,0.0,3.0,11.0,0.0,24.0,2012,8,26
10660.0,1957.0,Master,Married,66726.0,1.0,1.0,2014-01-12,61.0,349.0,7.0,35.0,0.0,0.0,47.0,3.0,8.0,2.0,4.0,7.0,0.0,0.0,0.0,0.0,0.0,0.0,3.0,11.0,0.0,57.0,2014,1,12
8686.0,1979.0,Basic,Married,23724.0,1.0,0.0,2013-01-08,65.0,5.0,23.0,15.0,0.0,18.0,14.0,2.0,2.0,0.0,3.0,8.0,0.0,0.0,0.0,0.0,0.0,0.0,3.0,11.0,0.0,35.0,2013,1,8
1604.0,1960.0,Master,Married,47353.0,0.0,1.0,2013-11-13,93.0,184.0,2.0,19.0,8.0,8.0,4.0,3.0,2.0,2.0,6.0,5.0,0.0,0.0,0.0,0.0,0.0,0.0,3.0,11.0,0.0,54.0,2013,11,13
5907.0,1952.0,Master,Married,33444.0,1.0,1.0,2012-11-03,24.0,8.0,0.0,8.0,0.0,0.0,2.0,1.0,1.0,0.0,2.0,8.0,0.0,0.0,0.0,0.0,0.0,0.0,3.0,11.0,0.0,62.0,2012,11,3
10669.0,1981.0,Graduation,Married,54386.0,0.0,1.0,2013-05-17,8.0,277.0,21.0,64.0,62.0,21.0,25.0,2.0,3.0,2.0,10.0,3.0,0.0,0.0,0.0,0.0,0.0,0.0,3.0,11.0,0.0,33.0,2013,5,17
2918.0,1981.0,Graduation,Divorced,28510.0,1.0,1.0,2013-04-13,72.0,44.0,5.0,19.0,0.0,4.0,19.0,3.0,2.0,0.0,4.0,5.0,0.0,0.0,0.0,0.0,0.0,0.0,3.0,11.0,0.0,33.0,2013,4,13
5735.0,1991.0,Master,Single,90638.0,0.0,0.0,2014-02-13,29.0,1156.0,81.0,556.0,94.0,81.0,96.0,1.0,3.0,4.0,10.0,1.0,0.0,0.0,0.0,0.0,0.0,0.0,3.0,11.0,0.0,23.0,2014,2,13
359.0,1950.0,Graduation,Married,48070.0,0.0,1.0,2013-01-13,33.0,373.0,14.0,83.0,6.0,9.0,19.0,3.0,8.0,2.0,6.0,7.0,0.0,0.0,0.0,0.0,0.0,0.0,3.0,11.0,0.0,64.0,2013,1,13
8387.0,1957.0,Graduation,Married,43140.0,0.0,1.0,2013-01-05,68.0,134.0,8.0,76.0,6.0,0.0,11.0,1.0,4.0,1.0,5.0,6.0,0.0,0.0,0.0,0.0,0.0,0.0,3.0,11.0,0.0,57.0,2013,1,5
1829.0,1961.0,Phd,Divorced,54959.0,0.0,1.0,2013-01-19,55.0,1148.0,0.0,60.0,0.0,0.0,24.0,3.0,9.0,5.0,4.0,7.0,0.0,0.0,0.0,0.0,0.0,0.0,3.0,11.0,0.0,53.0,2013,1,19
3839.0,1958.0,Basic,Single,15056.0,1.0,1.0,2013-05-03,76.0,6.0,12.0,3.0,21.0,6.0,40.0,5.0,2.0,2.0,3.0,5.0,0.0,0.0,0.0,0.0,0.0,0.0,3.0,11.0,0.0,56.0,2013,5,3
9392.0,1971.0,Graduation,Single,26954.0,1.0,0.0,2014-05-08,17.0,4.0,1.0,11.0,0.0,0.0,1.0,1.0,1.0,0.0,2.0,7.0,0.0,0.0,0.0,0.0,0.0,0.0,3.0,11.0,0.0,43.0,2014,5,8
2292.0,1985.0,Graduation,Single,22327.0,1.0,0.0,2013-08-02,94.0,5.0,4.0,8.0,2.0,0.0,5.0,1.0,1.0,0.0,3.0,5.0,0.0,0.0,0.0,0.0,0.0,0.0,3.0,11.0,0.0,29.0,2013,8,2
10466.0,1965.0,Graduation,Married,44393.0,1.0,1.0,2013-08-22,86.0,24.0,2.0,20.0,2.0,2.0,10.0,2.0,1.0,0.0,4.0,4.0,0.0,0.0,0.0,0.0,0.0,0.0,3.0,11.0,0.0,49.0,2013,8,22
9855.0,1952.0,Phd,Single,62000.0,0.0,1.0,2013-08-25,25.0,899.0,0.0,101.0,0.0,0.0,20.0,1.0,6.0,6.0,13.0,4.0,0.0,0.0,0.0,0.0,0.0,0.0,3.0,11.0,0.0,62.0,2013,8,25
4088.0,1962.0,Phd,Married,31497.0,0.0,1.0,2012-12-06,22.0,108.0,1.0,28.0,13.0,1.0,4.0,2.0,3.0,1.0,4.0,8.0,0.0,0.0,0.0,0.0,0.0,0.0,3.0,11.0,0.0,52.0,2012,12,6
5231.0,1974.0,2N Cycle,Married,45894.0,0.0,2.0,2014-02-27,15.0,27.0,2.0,7.0,0.0,2.0,13.0,1.0,1.0,0.0,3.0,5.0,0.0,0.0,0.0,0.0,0.0,0.0,3.0,11.0,0.0,40.0,2014,2,27
590.0,1970.0,Master,Divorced,78579.0,0.0,0.0,2012-12-22,35.0,816.0,66.0,549.0,120.5,66.0,99.0,1.0,5.0,6.0,4.0,3.0,0.0,0.0,0.0,0.0,0.0,0.0,3.0,11.0,0.0,44.0,2012,12,22
8732.0,1969.0,Master,Widow,67369.0,0.0,1.0,2012-11-17,81.0,1225.0,0.0,70.0,37.0,14.0,42.0,4.0,7.0,4.0,10.0,4.0,0.0,0.0,0.0,0.0,0.0,0.0,3.0,11.0,0.0,45.0,2012,11,17
2315.0,1960.0,Graduation,Divorced,58401.0,0.0,1.0,2014-04-20,55.0,10.0,0.0,11.0,17.0,29.0,29.0,1.0,1.0,2.0,2.0,4.0,0.0,0.0,0.0,0.0,0.0,0.0,3.0,11.0,0.0,54.0,2014,4,20
3515.0,1952.0,Graduation,Single,62307.0,0.0,1.0,2014-02-17,94.0,87.0,13.0,34.0,10.0,6.0,10.0,1.0,4.0,0.0,4.0,5.0,0.0,0.0,0.0,0.0,0.0,0.0,3.0,11.0,0.0,62.0,2014,2,17
2245.0,1969.0,Master,Married,43641.0,1.0,1.0,2013-04-22,50.0,57.0,2.0,51.0,4.0,2.0,23.0,3.0,2.0,1.0,4.0,6.0,0.0,0.0,0.0,0.0,0.0,0.0,3.0,11.0,0.0,45.0,2013,4,22
6283.0,1968.0,Master,Divorced,63841.0,0.0,1.0,2013-04-21,64.0,635.0,15.0,100.0,20.0,7.0,126.5,1.0,9.0,3.0,9.0,6.0,0.0,0.0,0.0,0.0,0.0,0.0,3.0,11.0,0.0,46.0,2013,4,21
2246.0,1965.0,2N Cycle,Married,46891.0,0.0,1.0,2013-09-01,91.0,43.0,12.0,23.0,29.0,15.0,61.0,1.0,2.0,1.0,4.0,4.0,0.0,0.0,0.0,0.0,0.0,0.0,3.0,11.0,0.0,49.0,2013,9,1
6606.0,1969.0,Master,Married,70091.0,1.0,0.0,2013-03-31,11.0,964.0,34.0,137.0,15.0,0.0,11.0,2.0,5.0,2.0,10.0,8.0,0.0,0.0,0.0,0.0,0.0,0.0,3.0,11.0,0.0,45.0,2013,3,31
5545.0,1972.0,Phd,Married,78075.0,0.0,0.0,2014-04-05,72.0,572.0,8.0,259.0,34.0,35.0,80.0,1.0,3.0,5.0,5.0,1.0,0.0,0.0,0.0,0.0,0.0,0.0,3.0,11.0,0.0,42.0,2014,4,5
7342.0,1961.0,2N Cycle,Widow,59184.0,0.0,1.0,2012-09-09,6.0,341.0,81.0,113.0,120.5,81.0,66.0,3.0,6.0,6.0,12.0,5.0,0.0,0.0,0.0,0.0,0.0,0.0,3.0,11.0,0.0,53.0,2012,9,9
837.0,1977.0,Graduation,Married,54809.0,1.0,1.0,2013-09-11,0.0,63.0,6.0,57.0,13.0,13.0,22.0,4.0,2.0,1.0,5.0,4.0,0.0,0.0,0.0,0.0,0.0,0.0,3.0,11.0,0.0,37.0,2013,9,11
9500.0,1959.0,Graduation,Married,58113.0,0.0,1.0,2013-01-25,66.0,221.0,81.0,169.0,102.0,78.0,84.0,3.0,9.0,2.0,8.0,7.0,0.0,0.0,0.0,0.0,0.0,0.0,3.0,11.0,0.0,55.0,2013,1,25
3602.0,1958.0,Master,Married,51412.0,0.0,1.0,2013-12-31,42.0,140.0,3.0,29.0,4.0,5.0,14.0,2.0,3.0,2.0,4.0,4.0,0.0,0.0,0.0,0.0,0.0,0.0,3.0,11.0,0.0,56.0,2013,12,31
234.0,1979.0,Graduation,Divorced,15287.0,1.0,0.0,2012-10-10,60.0,1.0,2.0,8.0,4.0,3.0,13.0,2.0,1.0,1.0,2.0,7.0,0.0,0.0,0.0,0.0,0.0,0.0,3.0,11.0,0.0,35.0,2012,10,10
2995.0,1957.0,Master,Married,66636.0,0.0,0.0,2013-08-17,64.0,291.0,10.0,556.0,84.0,10.0,0.0,1.0,3.0,4.0,9.0,1.0,0.0,0.0,0.0,0.0,0.0,0.0,3.0,11.0,0.0,57.0,2013,8,17
1118.0,1956.0,Master,Married,50965.0,0.0,1.0,2013-02-20,87.0,544.0,13.0,85.0,8.0,6.0,29.0,3.0,10.0,4.0,5.0,8.0,0.0,0.0,0.0,0.0,0.0,0.0,3.0,11.0,0.0,58.0,2013,2,20
7789.0,1965.0,Phd,Married,84618.0,0.0,0.0,2013-11-22,96.0,684.0,81.0,556.0,21.0,66.0,0.0,1.0,6.0,9.0,10.0,2.0,0.0,0.0,0.0,0.0,0.0,0.0,3.0,11.0,0.0,49.0,2013,11,22
3068.0,1990.0,Graduation,Married,18351.0,0.0,0.0,2013-10-29,1.0,1.0,12.0,9.0,0.0,14.0,7.0,1.0,2.0,0.0,3.0,7.0,0.0,0.0,0.0,0.0,0.0,0.0,3.0,11.0,0.0,24.0,2013,10,29
8955.0,1957.0,Phd,Married,40451.0,0.0,2.0,2014-02-16,54.0,35.0,0.0,4.0,0.0,0.0,10.0,1.0,1.0,1.0,2.0,5.0,0.0,0.0,0.0,0.0,0.0,0.0,3.0,11.0,0.0,57.0,2014,2,16
945.0,1965.0,Graduation,Married,36317.0,0.0,1.0,2013-05-22,53.0,87.0,3.0,25.0,3.0,2.0,13.0,2.0,3.0,0.0,4.0,7.0,0.0,0.0,0.0,0.0,0.0,0.0,3.0,11.0,0.0,49.0,2013,5,22
5644.0,1957.0,Graduation,Married,42213.0,0.0,1.0,2013-10-12,96.0,309.0,3.0,24.0,4.0,3.0,20.0,2.0,5.0,1.0,7.0,7.0,0.0,0.0,0.0,0.0,0.0,0.0,3.0,11.0,0.0,57.0,2013,10,12
7192.0,1955.0,Graduation,Married,65748.0,0.0,1.0,2013-04-15,58.0,172.0,73.0,93.0,95.0,78.0,34.0,2.0,2.0,4.0,10.0,1.0,0.0,0.0,0.0,0.0,0.0,0.0,3.0,11.0,0.0,59.0,2013,4,15
2324.0,1972.0,Graduation,Married,77044.0,0.0,1.0,2013-10-27,12.0,625.0,38.0,242.0,50.0,34.0,76.0,2.0,7.0,10.0,11.0,4.0,0.0,0.0,0.0,0.0,0.0,0.0,3.0,11.0,0.0,42.0,2013,10,27
697.0,1969.0,Graduation,Married,74918.0,0.0,0.0,2013-03-12,78.0,972.0,59.0,556.0,25.0,19.0,59.0,1.0,5.0,9.0,6.0,3.0,0.0,0.0,0.0,0.0,0.0,0.0,3.0,11.0,0.0,45.0,2013,3,12
3439.0,1972.0,Graduation,Married,56721.0,1.0,1.0,2012-10-31,64.0,157.0,6.0,39.0,6.0,13.0,75.0,5.0,4.0,1.0,5.0,6.0,0.0,0.0,0.0,0.0,0.0,0.0,3.0,11.0,0.0,42.0,2012,10,31
1506.0,1975.0,Graduation,Single,42160.0,1.0,1.0,2013-06-28,26.0,48.0,9.0,45.0,3.0,15.0,20.0,4.0,2.0,1.0,4.0,6.0,0.0,0.0,0.0,0.0,0.0,0.0,3.0,11.0,0.0,39.0,2013,6,28
232.0,1965.0,Graduation,Single,61559.0,0.0,1.0,2013-07-17,8.0,279.0,81.0,88.0,32.0,14.0,34.0,1.0,4.0,2.0,10.0,3.0,0.0,0.0,0.0,0.0,0.0,0.0,3.0,11.0,0.0,49.0,2013,7,17
8876.0,1963.0,Phd,Married,33629.0,1.0,1.0,2012-08-08,49.0,132.0,0.0,16.0,0.0,0.0,4.0,5.0,3.0,1.0,4.0,9.0,0.0,0.0,0.0,0.0,0.0,0.0,3.0,11.0,0.0,51.0,2012,8,8
4500.0,1991.0,Phd,Married,68682.0,0.0,0.0,2013-10-06,56.0,919.0,0.0,505.0,99.0,30.0,45.0,1.0,4.0,9.0,10.0,2.0,0.0,0.0,0.0,0.0,0.0,0.0,3.0,11.0,0.0,23.0,2013,10,6
9739.0,1963.0,Graduation,Single,34377.0,0.0,1.0,2013-01-19,55.0,62.0,0.0,22.0,3.0,1.0,26.0,2.0,2.0,2.0,2.0,7.0,0.0,0.0,0.0,0.0,0.0,0.0,3.0,11.0,0.0,51.0,2013,1,19
10395.0,1986.0,Basic,Single,8940.0,1.0,0.0,2012-08-22,25.0,1.0,45.0,3.0,4.0,6.0,42.0,3.0,3.0,1.0,3.0,8.0,0.0,0.0,0.0,0.0,0.0,0.0,3.0,11.0,0.0,28.0,2012,8,22
1176.0,1973.0,Graduation,Married,26228.0,1.0,0.0,2013-09-22,50.0,2.0,6.0,4.0,3.0,1.0,9.0,1.0,1.0,0.0,2.0,8.0,0.0,0.0,0.0,0.0,0.0,0.0,3.0,11.0,0.0,41.0,2013,9,22
1627.0,1957.0,2N Cycle,Divorced,77297.0,0.0,0.0,2013-01-26,84.0,408.0,61.0,109.0,48.0,81.0,41.0,1.0,5.0,7.0,9.0,4.0,0.0,0.0,0.0,0.0,0.0,0.0,3.0,11.0,0.0,57.0,2013,1,26
938.0,1981.0,Graduation,Married,40211.0,1.0,1.0,2013-07-30,30.0,51.0,1.0,7.0,2.0,1.0,25.0,2.0,2.0,1.0,2.0,8.0,0.0,0.0,0.0,0.0,0.0,0.0,3.0,11.0,0.0,33.0,2013,7,30
2740.0,1958.0,Phd,Widow,33438.0,1.0,1.0,2013-09-22,81.0,62.0,1.0,16.0,3.0,2.0,6.0,4.0,2.0,1.0,4.0,5.0,0.0,0.0,0.0,0.0,0.0,0.0,3.0,11.0,0.0,56.0,2013,9,22
257.0,1959.0,Phd,Married,75032.0,0.0,1.0,2013-04-28,74.0,952.0,12.0,180.0,47.0,12.0,12.0,2.0,5.0,4.0,9.0,3.0,0.0,0.0,0.0,0.0,0.0,0.0,3.0,11.0,0.0,55.0,2013,4,28
4058.0,1955.0,Phd,Single,61284.0,0.0,0.0,2013-10-12,76.0,618.0,15.0,106.0,20.0,7.0,45.0,1.0,11.0,2.0,8.0,6.0,0.0,0.0,0.0,0.0,0.0,0.0,3.0,11.0,0.0,59.0,2013,10,12
7736.0,1986.0,Graduation,Married,22518.0,1.0,0.0,2012-10-22,36.0,11.0,7.0,12.0,2.0,2.0,27.0,2.0,2.0,1.0,2.0,5.0,0.0,0.0,0.0,0.0,0.0,0.0,3.0,11.0,0.0,28.0,2012,10,22
8210.0,1975.0,Master,Married,54730.0,0.0,1.0,2013-08-15,64.0,318.0,3.0,17.0,4.0,7.0,56.0,5.0,4.0,1.0,8.0,4.0,0.0,0.0,0.0,0.0,0.0,0.0,3.0,11.0,0.0,39.0,2013,8,15
833.0,1955.0,Master,Married,38452.0,1.0,1.0,2014-03-30,62.0,56.0,0.0,14.0,0.0,0.0,2.0,3.0,3.0,0.0,3.0,7.0,0.0,0.0,0.0,0.0,0.0,0.0,3.0,11.0,0.0,59.0,2014,3,30
6230.0,1971.0,Graduation,Divorced,44421.0,1.0,1.0,2013-02-15,53.0,110.0,5.0,59.0,7.0,1.0,7.0,5.0,5.0,0.0,4.0,8.0,0.0,0.0,0.0,0.0,0.0,0.0,3.0,11.0,0.0,43.0,2013,2,15
7325.0,1986.0,Phd,Married,38197.0,1.0,0.0,2013-06-29,86.0,23.0,0.0,11.0,2.0,1.0,3.0,1.0,1.0,0.0,3.0,5.0,0.0,0.0,0.0,0.0,0.0,0.0,3.0,11.0,0.0,28.0,2013,6,29
1307.0,1978.0,Graduation,Divorced,41986.0,0.0,1.0,2014-02-09,15.0,27.0,5.0,8.0,8.0,3.0,12.0,3.0,3.0,0.0,4.0,4.0,0.0,0.0,0.0,0.0,0.0,0.0,3.0,11.0,0.0,36.0,2014,2,9
1502.0,1983.0,Graduation,Married,28427.0,1.0,0.0,2013-03-21,67.0,18.0,3.0,19.0,3.0,3.0,6.0,2.0,2.0,0.0,3.0,8.0,0.0,0.0,0.0,0.0,0.0,0.0,3.0,11.0,0.0,31.0,2013,3,21
6211.0,1976.0,Phd,Married,37395.0,1.0,0.0,2014-05-02,47.0,18.0,0.0,9.0,0.0,1.0,11.0,1.0,1.0,0.0,3.0,6.0,0.0,0.0,0.0,0.0,0.0,0.0,3.0,11.0,0.0,38.0,2014,5,2
843.0,1971.0,Graduation,Married,64722.0,1.0,0.0,2014-05-26,47.0,303.0,0.0,280.0,60.0,81.0,15.0,4.0,8.0,2.0,11.0,6.0,0.0,0.0,0.0,0.0,0.0,0.0,3.0,11.0,0.0,43.0,2014,5,26
4174.0,1956.0,Master,Married,55249.0,0.0,1.0,2014-04-17,81.0,97.0,1.0,19.0,2.0,0.0,11.0,1.0,2.0,1.0,4.0,3.0,0.0,0.0,0.0,0.0,0.0,0.0,3.0,11.0,0.0,58.0,2014,4,17
9757.0,1972.0,Graduation,Married,84906.0,0.0,0.0,2013-10-04,98.0,997.0,15.0,414.0,99.0,30.0,76.0,1.0,5.0,6.0,12.0,2.0,0.0,0.0,0.0,0.0,0.0,0.0,3.0,11.0,0.0,42.0,2013,10,4
6918.0,1989.0,Graduation,Married,28691.0,1.0,0.0,2013-07-04,56.0,5.0,4.0,13.0,8.0,0.0,4.0,1.0,1.0,0.0,3.0,8.0,0.0,0.0,0.0,0.0,0.0,0.0,3.0,11.0,0.0,25.0,2013,7,4
286.0,1952.0,Graduation,Single,44213.0,1.0,1.0,2013-11-29,48.0,95.0,11.0,35.0,0.0,4.0,7.0,4.0,2.0,1.0,5.0,6.0,0.0,0.0,0.0,0.0,0.0,0.0,3.0,11.0,0.0,62.0,2013,11,29
11086.0,1984.0,Basic,Single,25707.0,1.0,0.0,2014-01-18,18.0,1.0,6.0,2.0,3.0,6.0,3.0,1.0,1.0,0.0,3.0,7.0,0.0,0.0,0.0,0.0,0.0,0.0,3.0,11.0,0.0,30.0,2014,1,18
1921.0,1967.0,Phd,Married,59062.0,2.0,1.0,2013-10-03,74.0,46.0,1.0,12.0,3.0,0.0,9.0,2.0,2.0,0.0,3.0,4.0,0.0,0.0,0.0,0.0,0.0,0.0,3.0,11.0,0.0,47.0,2013,10,3
4138.0,1962.0,Graduation,Single,76624.0,0.0,1.0,2014-05-24,68.0,411.0,81.0,147.0,54.0,81.0,66.0,1.0,5.0,10.0,7.0,1.0,0.0,0.0,0.0,0.0,0.0,0.0,3.0,11.0,0.0,52.0,2014,5,24
7718.0,1947.0,Master,Married,66000.0,0.0,0.0,2014-04-20,36.0,244.0,51.0,270.0,101.0,0.0,45.0,1.0,1.0,3.0,5.0,1.0,0.0,0.0,0.0,0.0,0.0,0.0,3.0,11.0,0.0,67.0,2014,4,20
1291.0,1978.0,Phd,Married,27683.0,1.0,0.0,2012-08-04,90.0,152.0,9.0,121.0,12.0,12.0,45.0,4.0,6.0,2.0,4.0,8.0,0.0,0.0,0.0,0.0,0.0,0.0,3.0,11.0,0.0,36.0,2012,8,4
6862.0,1971.0,Graduation,Divorced,1730.0,0.0,0.0,2014-05-18,65.0,1.0,1.0,3.0,1.0,1.0,1.0,6.0,0.0,0.0,0.0,13.0,0.0,0.0,0.0,0.0,0.0,0.0,3.0,11.0,0.0,43.0,2014,5,18
4136.0,1992.0,Basic,Single,7500.0,1.0,0.0,2012-12-03,63.0,10.0,17.0,18.0,8.0,26.0,40.0,4.0,3.0,2.0,2.0,9.0,0.0,0.0,0.0,0.0,0.0,0.0,3.0,11.0,0.0,22.0,2012,12,3
803.0,1968.0,Graduation,Married,40521.0,1.0,1.0,2013-04-05,82.0,12.0,0.0,5.0,0.0,0.0,4.0,1.0,0.0,1.0,2.0,5.0,0.0,0.0,0.0,0.0,0.0,0.0,3.0,11.0,0.0,46.0,2013,4,5
4298.0,1973.0,Phd,Married,20427.0,1.0,0.0,2014-03-24,63.0,5.0,0.0,4.0,0.0,0.0,1.0,1.0,1.0,0.0,2.0,8.0,0.0,0.0,0.0,0.0,0.0,0.0,3.0,11.0,0.0,41.0,2014,3,24
10833.0,1975.0,Graduation,Married,65106.0,0.0,1.0,2014-05-24,55.0,790.0,19.0,133.0,12.0,0.0,19.0,3.0,8.0,3.0,13.0,6.0,0.0,0.0,0.0,0.0,0.0,0.0,3.0,11.0,0.0,39.0,2014,5,24
9606.0,1965.0,Phd,Married,69969.0,0.0,0.0,2013-08-27,64.0,882.0,29.0,514.0,38.0,29.0,44.0,1.0,4.0,2.0,6.0,3.0,0.0,0.0,0.0,0.0,0.0,0.0,3.0,11.0,0.0,49.0,2013,8,27
8534.0,1952.0,Graduation,Married,67433.0,0.0,2.0,2013-07-16,51.0,615.0,28.0,259.0,12.0,48.0,30.0,4.0,6.0,5.0,13.0,4.0,0.0,0.0,0.0,0.0,0.0,0.0,3.0,11.0,0.0,62.0,2013,7,16
5153.0,1967.0,Phd,Married,77766.0,0.0,1.0,2013-02-22,97.0,1004.0,59.0,265.0,115.0,59.0,27.0,2.0,11.0,10.0,11.0,6.0,0.0,0.0,0.0,0.0,0.0,0.0,3.0,11.0,0.0,47.0,2013,2,22
961.0,1972.0,Graduation,Married,74716.0,0.0,1.0,2013-09-12,92.0,133.0,27.0,421.0,13.0,81.0,71.0,2.0,7.0,3.0,5.0,4.0,0.0,0.0,0.0,0.0,0.0,0.0,3.0,11.0,0.0,42.0,2013,9,12
5011.0,1963.0,Graduation,Divorced,68118.0,0.0,1.0,2013-10-18,51.0,595.0,23.0,123.0,10.0,23.0,126.5,2.0,8.0,9.0,4.0,6.0,0.0,0.0,0.0,0.0,0.0,0.0,3.0,11.0,0.0,51.0,2013,10,18
6653.0,1970.0,Phd,Married,55158.0,1.0,1.0,2012-07-30,72.0,293.0,0.0,87.0,4.0,11.0,23.0,4.0,7.0,2.0,5.0,7.0,0.0,0.0,0.0,0.0,0.0,0.0,3.0,11.0,0.0,44.0,2012,7,30
9094.0,1955.0,2N Cycle,Married,62972.0,0.0,1.0,2012-08-03,39.0,313.0,15.0,47.0,20.0,0.0,126.5,2.0,7.0,4.0,3.0,6.0,0.0,0.0,0.0,0.0,0.0,0.0,3.0,11.0,0.0,59.0,2012,8,3
810.0,1975.0,Graduation,Married,74190.0,0.0,1.0,2014-05-12,49.0,151.0,81.0,86.0,120.5,81.0,64.0,2.0,4.0,2.0,11.0,2.0,0.0,0.0,0.0,0.0,0.0,0.0,3.0,11.0,0.0,39.0,2014,5,12
5493.0,1976.0,Graduation,Married,39356.0,1.0,1.0,2014-03-19,21.0,15.0,0.0,2.0,0.0,0.0,6.0,1.0,1.0,0.0,2.0,6.0,0.0,0.0,0.0,0.0,0.0,0.0,3.0,11.0,0.0,38.0,2014,3,19
2147.0,1969.0,Graduation,Married,76653.0,0.0,0.0,2013-08-16,91.0,736.0,63.0,556.0,120.5,81.0,126.0,1.0,4.0,7.0,11.0,2.0,0.0,0.0,0.0,0.0,0.0,0.0,3.0,11.0,0.0,45.0,2013,8,16
5107.0,1973.0,Phd,Divorced,35860.0,1.0,1.0,2014-05-19,37.0,15.0,0.0,8.0,4.0,2.0,20.0,2.0,1.0,1.0,2.0,5.0,0.0,0.0,0.0,0.0,0.0,0.0,3.0,11.0,0.0,41.0,2014,5,19
3979.0,1983.0,Phd,Divorced,90687.0,0.0,0.0,2013-05-22,98.0,982.0,17.0,556.0,23.0,34.0,51.0,1.0,6.0,2.0,8.0,2.0,0.0,0.0,0.0,0.0,0.0,0.0,3.0,11.0,0.0,31.0,2013,5,22
6049.0,1982.0,Master,Married,73450.0,0.0,0.0,2013-12-05,85.0,1142.0,51.0,415.0,90.0,69.0,37.0,1.0,7.0,8.0,11.0,3.0,0.0,0.0,0.0,0.0,0.0,0.0,3.0,11.0,0.0,32.0,2013,12,5
8147.0,1960.0,Graduation,Married,31454.0,1.0,1.0,2013-07-06,40.0,28.0,0.0,11.0,0.0,0.0,9.0,3.0,2.0,0.0,3.0,8.0,0.0,0.0,0.0,0.0,0.0,0.0,3.0,11.0,0.0,54.0,2013,7,6
1857.0,1952.0,Graduation,Single,47139.0,1.0,1.0,2014-03-06,2.0,46.0,0.0,12.0,0.0,2.0,23.0,2.0,2.0,1.0,2.0,7.0,0.0,0.0,0.0,0.0,0.0,0.0,3.0,11.0,0.0,62.0,2014,3,6
3910.0,1975.0,Graduation,Divorced,83829.0,0.0,0.0,2013-10-08,78.0,897.0,81.0,430.0,120.5,81.0,27.0,0.0,4.0,7.0,6.0,1.0,0.0,0.0,0.0,0.0,0.0,0.0,3.0,11.0,0.0,39.0,2013,10,8
5207.0,1963.0,Phd,Married,53378.0,1.0,1.0,2012-09-24,41.0,489.0,6.0,152.0,8.0,6.0,126.5,6.0,9.0,4.0,6.0,8.0,0.0,0.0,0.0,0.0,0.0,0.0,3.0,11.0,0.0,51.0,2012,9,24
11114.0,1970.0,Graduation,Married,19656.0,1.0,0.0,2013-02-08,94.0,25.0,4.0,9.0,6.0,8.0,32.0,3.0,2.0,1.0,3.0,7.0,0.0,0.0,0.0,0.0,0.0,0.0,3.0,11.0,0.0,44.0,2013,2,8
5429.0,1948.0,Phd,Married,45579.0,0.0,1.0,2013-08-20,10.0,145.0,1.0,33.0,2.0,1.0,1.0,1.0,4.0,1.0,4.0,6.0,0.0,0.0,0.0,0.0,0.0,0.0,3.0,11.0,0.0,66.0,2013,8,20
9400.0,1958.0,2N Cycle,Single,85485.0,0.0,0.0,2014-06-21,73.0,630.0,26.0,556.0,44.0,18.0,54.0,1.0,6.0,6.0,6.0,2.0,0.0,0.0,0.0,0.0,0.0,0.0,3.0,11.0,0.0,56.0,2014,6,21
1740.0,1944.0,Graduation,Married,55956.0,0.0,0.0,2014-04-07,22.0,760.0,38.0,104.0,50.0,9.0,38.0,2.0,7.0,3.0,4.0,4.0,0.0,0.0,0.0,0.0,0.0,0.0,3.0,11.0,0.0,70.0,2014,4,7
7488.0,1963.0,Master,Single,64191.0,0.0,1.0,2013-01-22,30.0,420.0,15.0,186.0,120.5,38.0,15.0,3.0,5.0,3.0,13.0,3.0,0.0,0.0,0.0,0.0,0.0,0.0,3.0,11.0,0.0,51.0,2013,1,22
195.0,1972.0,Graduation,Single,38808.0,1.0,0.0,2012-08-26,21.0,125.0,17.0,52.0,3.0,19.0,30.0,4.0,5.0,1.0,4.0,8.0,0.0,0.0,0.0,0.0,0.0,0.0,3.0,11.0,0.0,42.0,2012,8,26
635.0,1966.0,Master,Married,57183.0,1.0,1.0,2013-03-19,51.0,464.0,5.0,64.0,7.0,0.0,70.0,6.0,9.0,1.0,7.0,8.0,0.0,0.0,0.0,0.0,0.0,0.0,3.0,11.0,0.0,48.0,2013,3,19
7527.0,1968.0,Master,Divorced,23748.0,1.0,0.0,2012-11-21,97.0,6.0,6.0,29.0,12.0,15.0,8.0,3.0,2.0,1.0,3.0,8.0,0.0,0.0,0.0,0.0,0.0,0.0,3.0,11.0,0.0,46.0,2012,11,21
10319.0,1971.0,Graduation,Married,66303.0,0.0,1.0,2013-02-26,56.0,1090.0,12.0,96.0,16.0,12.0,60.0,4.0,3.0,4.0,11.0,8.0,0.0,0.0,0.0,0.0,0.0,0.0,3.0,11.0,0.0,43.0,2013,2,26
2296.0,1975.0,Master,Married,37368.0,1.0,0.0,2013-12-16,4.0,3.0,2.0,11.0,2.0,2.0,10.0,1.0,1.0,0.0,2.0,6.0,0.0,0.0,0.0,0.0,0.0,0.0,3.0,11.0,0.0,39.0,2013,12,16
10637.0,1964.0,Graduation,Married,40800.0,1.0,2.0,2013-01-01,77.0,24.0,0.0,27.0,8.0,30.0,10.0,2.0,3.0,0.0,3.0,7.0,0.0,0.0,0.0,0.0,0.0,0.0,3.0,11.0,0.0,50.0,2013,1,1
2931.0,1978.0,Graduation,Divorced,71847.0,0.0,0.0,2012-09-21,95.0,737.0,21.0,106.0,55.0,63.0,126.5,0.0,6.0,7.0,9.0,3.0,0.0,0.0,0.0,0.0,0.0,0.0,3.0,11.0,0.0,36.0,2012,9,21
907.0,1975.0,Graduation,Married,46149.0,0.0,1.0,2013-11-29,36.0,254.0,6.0,71.0,4.0,0.0,27.0,5.0,5.0,1.0,7.0,5.0,0.0,0.0,0.0,0.0,0.0,0.0,3.0,11.0,0.0,39.0,2013,11,29
3698.0,1983.0,Graduation,Married,78687.0,0.0,0.0,2012-08-09,13.0,817.0,81.0,556.0,120.5,55.0,126.5,1.0,4.0,6.0,8.0,2.0,0.0,0.0,0.0,0.0,0.0,0.0,3.0,11.0,0.0,31.0,2012,8,9
9516.0,1971.0,2N Cycle,Divorced,49118.0,0.0,0.0,2012-08-18,90.0,620.0,54.0,239.0,99.0,81.0,119.0,2.0,9.0,7.0,10.0,7.0,0.0,0.0,0.0,0.0,0.0,0.0,3.0,11.0,0.0,43.0,2012,8,18
679.0,1957.0,Phd,Married,37633.0,1.0,1.0,2012-09-20,49.0,13.0,4.0,20.0,0.0,0.0,1.0,2.0,1.0,0.0,3.0,9.0,0.0,0.0,0.0,0.0,0.0,0.0,3.0,11.0,0.0,57.0,2012,9,20
7384.0,1951.0,Master,Married,39767.0,0.0,0.0,2013-07-21,18.0,113.0,61.0,204.0,34.0,26.0,47.0,2.0,7.0,1.0,7.0,8.0,0.0,0.0,0.0,0.0,0.0,0.0,3.0,11.0,0.0,63.0,2013,7,21
5043.0,1951.0,Basic,Married,26997.0,0.0,0.0,2012-11-05,89.0,7.0,23.0,78.0,120.5,49.0,126.5,2.0,4.0,2.0,5.0,7.0,0.0,0.0,0.0,0.0,0.0,0.0,3.0,11.0,0.0,63.0,2012,11,5
5267.0,1970.0,Graduation,Divorced,33986.0,1.0,0.0,2013-03-14,43.0,16.0,2.0,18.0,2.0,1.0,5.0,1.0,1.0,0.0,3.0,7.0,0.0,0.0,0.0,0.0,0.0,0.0,3.0,11.0,0.0,44.0,2013,3,14
339.0,1972.0,Phd,Married,57091.0,0.0,1.0,2012-11-23,82.0,462.0,0.0,24.0,6.0,0.0,4.0,2.0,9.0,2.0,5.0,7.0,0.0,0.0,0.0,0.0,0.0,0.0,3.0,11.0,0.0,42.0,2012,11,23
2516.0,1969.0,2N Cycle,Married,46831.0,1.0,1.0,2013-06-08,84.0,22.0,2.0,10.0,6.0,4.0,34.0,2.0,1.0,2.0,2.0,4.0,0.0,0.0,0.0,0.0,0.0,0.0,3.0,11.0,0.0,45.0,2013,6,8
9010.0,1972.0,Master,Married,83151.0,0.0,0.0,2013-02-10,80.0,968.0,81.0,556.0,120.5,42.0,126.5,1.0,5.0,7.0,10.0,2.0,0.0,0.0,0.0,0.0,0.0,0.0,3.0,11.0,0.0,42.0,2013,2,10
378.0,1971.0,Graduation,Married,52531.0,0.0,0.0,2012-12-30,68.0,283.0,81.0,151.0,51.0,72.0,125.0,2.0,7.0,2.0,10.0,6.0,0.0,0.0,0.0,0.0,0.0,0.0,3.0,11.0,0.0,43.0,2012,12,30
4808.0,1956.0,Graduation,Married,15759.0,0.0,0.0,2013-09-05,12.0,1.0,2.0,5.0,6.0,0.0,3.0,1.0,1.0,0.0,2.0,7.0,0.0,0.0,0.0,0.0,0.0,0.0,3.0,11.0,0.0,58.0,2013,9,5
5068.0,1971.0,Graduation,Single,22804.0,1.0,0.0,2013-07-31,75.0,14.0,1.0,7.0,2.0,1.0,1.0,1.0,2.0,0.0,2.0,9.0,0.0,0.0,0.0,0.0,0.0,0.0,3.0,11.0,0.0,43.0,2013,7,31
7628.0,1973.0,2N Cycle,Married,43050.0,1.0,0.0,2014-03-18,10.0,30.0,5.0,24.0,6.0,3.0,8.0,2.0,2.0,0.0,4.0,5.0,0.0,0.0,0.0,0.0,0.0,0.0,3.0,11.0,0.0,41.0,2014,3,18
7128.0,1977.0,Phd,Single,42997.0,1.0,1.0,2013-12-07,91.0,4.0,0.0,5.0,0.0,1.0,5.0,1.0,1.0,0.0,2.0,7.0,0.0,0.0,0.0,0.0,0.0,0.0,3.0,11.0,0.0,37.0,2013,12,7
2811.0,1963.0,Phd,Single,48918.0,1.0,1.0,2014-04-12,21.0,52.0,0.0,9.0,0.0,0.0,1.0,2.0,1.0,0.0,4.0,4.0,0.0,0.0,0.0,0.0,0.0,0.0,3.0,11.0,0.0,51.0,2014,4,12
3551.0,1954.0,Master,Married,60033.0,0.0,1.0,2014-03-29,28.0,62.0,1.0,57.0,19.0,11.0,48.0,2.0,2.0,1.0,5.0,2.0,0.0,0.0,0.0,0.0,0.0,0.0,3.0,11.0,0.0,60.0,2014,3,29
1663.0,1978.0,Phd,Married,34043.0,1.0,0.0,2013-10-25,97.0,20.0,2.0,14.0,3.0,0.0,10.0,1.0,2.0,0.0,2.0,9.0,0.0,0.0,0.0,0.0,0.0,0.0,3.0,11.0,0.0,36.0,2013,10,25
5543.0,1966.0,Graduation,Married,57811.0,0.0,1.0,2013-06-24,49.0,545.0,7.0,114.0,37.0,21.0,78.0,5.0,7.0,2.0,11.0,5.0,0.0,0.0,0.0,0.0,0.0,0.0,3.0,11.0,0.0,48.0,2013,6,24
1577.0,1946.0,Graduation,Married,78569.0,0.0,0.0,2014-02-19,14.0,558.0,79.0,556.0,120.5,81.0,95.0,1.0,4.0,6.0,4.0,1.0,0.0,0.0,0.0,0.0,0.0,0.0,3.0,11.0,0.0,68.0,2014,2,19
10641.0,1978.0,Graduation,Single,7500.0,1.0,1.0,2012-12-27,5.0,6.0,5.0,4.0,13.0,4.0,25.0,4.0,2.0,1.0,3.0,6.0,0.0,0.0,0.0,0.0,0.0,0.0,3.0,11.0,0.0,36.0,2012,12,27
5336.0,1971.0,Master,Married,117416.25,1.0,0.0,2013-06-04,37.0,39.0,1.0,9.0,2.0,0.0,8.0,0.0,1.0,0.0,1.0,1.0,0.0,0.0,0.0,0.0,0.0,0.0,3.0,11.0,0.0,43.0,2013,6,4
6024.0,1953.0,Graduation,Married,94384.0,0.0,0.0,2013-03-04,62.0,1111.0,24.0,556.0,120.5,45.0,126.5,0.0,5.0,8.0,5.0,2.0,0.0,0.0,0.0,0.0,0.0,0.0,3.0,11.0,0.0,61.0,2013,3,4
1878.0,1985.0,2N Cycle,Married,23148.0,0.0,0.0,2014-02-18,83.0,4.0,6.0,8.0,6.0,3.0,10.0,1.0,2.0,0.0,3.0,7.0,0.0,0.0,0.0,0.0,0.0,0.0,3.0,11.0,0.0,29.0,2014,2,18
3099.0,1970.0,Graduation,Divorced,44267.0,1.0,1.0,2013-02-25,48.0,183.0,5.0,65.0,3.0,5.0,49.0,5.0,5.0,2.0,4.0,9.0,0.0,0.0,0.0,0.0,0.0,0.0,3.0,11.0,0.0,44.0,2013,2,25
6055.0,1979.0,Graduation,Married,71626.0,0.0,0.0,2012-11-01,94.0,546.0,72.0,376.0,94.0,81.0,72.0,1.0,5.0,5.0,8.0,3.0,0.0,0.0,0.0,0.0,0.0,0.0,3.0,11.0,0.0,35.0,2012,11,1
5841.0,1966.0,Graduation,Married,60894.0,0.0,1.0,2013-06-28,61.0,606.0,7.0,155.0,10.0,0.0,54.0,5.0,10.0,3.0,8.0,7.0,0.0,0.0,0.0,0.0,0.0,0.0,3.0,11.0,0.0,48.0,2013,6,28
3972.0,1976.0,Graduation,Married,50200.0,1.0,1.0,2013-04-03,70.0,266.0,6.0,51.0,8.0,6.0,64.0,6.0,7.0,1.0,5.0,8.0,0.0,0.0,0.0,0.0,0.0,0.0,3.0,11.0,0.0,38.0,2013,4,3
4394.0,1965.0,Phd,Married,81051.0,0.0,0.0,2014-05-23,43.0,1142.0,29.0,249.0,38.0,29.0,14.0,1.0,5.0,5.0,12.0,2.0,0.0,0.0,0.0,0.0,0.0,0.0,3.0,11.0,0.0,49.0,2014,5,23
5758.0,1982.0,Graduation,Married,65169.0,0.0,0.0,2014-01-14,23.0,1074.0,0.0,69.0,0.0,0.0,46.0,1.0,10.0,4.0,13.0,6.0,0.0,0.0,0.0,0.0,0.0,0.0,3.0,11.0,0.0,32.0,2014,1,14
6658.0,1972.0,Graduation,Married,59868.0,0.0,1.0,2013-07-22,37.0,771.0,51.0,154.0,54.0,10.0,126.5,6.0,11.0,2.0,12.0,6.0,0.0,0.0,0.0,0.0,0.0,0.0,3.0,11.0,0.0,42.0,2013,7,22
4603.0,1960.0,Phd,Married,65695.0,0.0,1.0,2014-01-31,50.0,371.0,32.0,189.0,0.0,58.0,6.0,2.0,5.0,4.0,10.0,4.0,0.0,0.0,0.0,0.0,0.0,0.0,3.0,11.0,0.0,54.0,2014,1,31
8427.0,1956.0,Master,Single,64857.0,0.0,0.0,2012-11-23,78.0,556.0,14.0,556.0,120.5,0.0,43.0,1.0,7.0,5.0,10.0,4.0,0.0,0.0,0.0,0.0,0.0,0.0,3.0,11.0,0.0,58.0,2012,11,23
10260.0,1965.0,Master,Married,45143.0,0.0,1.0,2013-08-26,74.0,202.0,5.0,74.0,11.0,5.0,14.0,3.0,6.0,1.0,5.0,7.0,0.0,0.0,0.0,0.0,0.0,0.0,3.0,11.0,0.0,49.0,2013,8,26
7143.0,1955.0,2N Cycle,Married,74805.0,0.0,1.0,2013-11-06,14.0,209.0,81.0,209.0,41.0,81.0,37.0,5.0,4.0,7.0,10.0,2.0,0.0,0.0,0.0,0.0,0.0,0.0,3.0,11.0,0.0,59.0,2013,11,6
8789.0,1989.0,2N Cycle,Married,59060.0,1.0,0.0,2014-01-11,77.0,35.0,40.0,111.0,36.0,40.0,12.0,3.0,3.0,1.0,7.0,4.0,0.0,0.0,0.0,0.0,0.0,0.0,3.0,11.0,0.0,25.0,2014,1,11
6197.0,1962.0,Phd,Single,27238.0,1.0,1.0,2013-04-20,39.0,37.0,0.0,17.0,0.0,0.0,3.0,3.0,3.0,0.0,3.0,9.0,0.0,0.0,0.0,0.0,0.0,0.0,3.0,11.0,0.0,52.0,2013,4,20
4554.0,1965.0,Graduation,Married,47009.0,0.0,1.0,2013-10-01,89.0,171.0,45.0,73.0,59.0,10.0,90.0,4.0,3.0,2.0,8.0,4.0,0.0,0.0,0.0,0.0,0.0,0.0,3.0,11.0,0.0,49.0,2013,10,1
4937.0,1973.0,2N Cycle,Married,46094.0,1.0,1.0,2014-06-10,62.0,12.0,2.0,20.0,3.0,2.0,5.0,1.0,1.0,0.0,3.0,7.0,0.0,0.0,0.0,0.0,0.0,0.0,3.0,11.0,0.0,41.0,2014,6,10
1920.0,1972.0,Graduation,Married,40321.0,1.0,1.0,2013-07-29,59.0,44.0,4.0,21.0,6.0,0.0,27.0,2.0,3.0,0.0,3.0,7.0,0.0,0.0,0.0,0.0,0.0,0.0,3.0,11.0,0.0,42.0,2013,7,29
8749.0,1984.0,Graduation,Married,37235.0,1.0,0.0,2014-02-01,68.0,20.0,2.0,9.0,4.0,6.0,20.0,1.0,1.0,1.0,2.0,4.0,0.0,0.0,0.0,0.0,0.0,0.0,3.0,11.0,0.0,30.0,2014,2,1
1650.0,1960.0,Master,Married,81843.0,0.0,0.0,2013-04-22,13.0,779.0,81.0,537.0,34.0,69.0,126.5,1.0,5.0,9.0,12.0,3.0,0.0,0.0,0.0,0.0,0.0,0.0,3.0,11.0,0.0,54.0,2013,4,22
10377.0,1958.0,Master,Married,46692.0,0.0,1.0,2013-06-06,37.0,170.0,6.0,97.0,24.0,12.0,88.0,3.0,6.0,1.0,5.0,6.0,0.0,0.0,0.0,0.0,0.0,0.0,3.0,11.0,0.0,56.0,2013,6,6
9206.0,1968.0,Graduation,Married,77382.0,0.0,1.0,2014-01-07,36.0,491.0,48.0,231.0,112.0,81.0,126.5,2.0,5.0,7.0,12.0,1.0,0.0,0.0,0.0,0.0,0.0,0.0,3.0,11.0,0.0,46.0,2014,1,7
10971.0,1977.0,Graduation,Single,37774.0,2.0,0.0,2012-09-03,28.0,173.0,8.0,107.0,7.0,2.0,126.5,4.0,7.0,2.0,3.0,9.0,0.0,0.0,0.0,0.0,0.0,0.0,3.0,11.0,0.0,37.0,2012,9,3
6398.0,1974.0,Basic,Married,18393.0,1.0,0.0,2014-03-29,2.0,7.0,10.0,13.0,16.0,0.0,4.0,2.0,3.0,0.0,3.0,8.0,0.0,0.0,0.0,0.0,0.0,0.0,3.0,11.0,0.0,40.0,2014,3,29
9212.0,1962.0,Master,Married,72828.0,0.0,1.0,2013-02-14,17.0,1205.0,0.0,235.0,19.0,14.0,126.5,6.0,6.0,3.0,13.0,7.0,0.0,0.0,0.0,0.0,0.0,0.0,3.0,11.0,0.0,52.0,2013,2,14
7937.0,1982.0,Graduation,Married,24711.0,0.0,0.0,2014-04-18,86.0,10.0,7.0,25.0,6.0,3.0,7.0,1.0,3.0,0.0,3.0,7.0,0.0,0.0,0.0,0.0,0.0,0.0,3.0,11.0,0.0,32.0,2014,4,18
839.0,1975.0,Phd,Married,45503.0,1.0,0.0,2013-09-25,54.0,97.0,4.0,44.0,6.0,1.0,18.0,1.0,3.0,1.0,4.0,5.0,0.0,0.0,0.0,0.0,0.0,0.0,3.0,11.0,0.0,39.0,2013,9,25
4246.0,1982.0,Master,Single,6560.0,0.0,0.0,2013-12-12,2.0,67.0,11.0,26.0,4.0,3.0,126.5,0.0,1.0,0.0,1.0,13.0,0.0,0.0,0.0,0.0,0.0,0.0,3.0,11.0,0.0,32.0,2013,12,12
158.0,1945.0,Phd,Married,71604.0,0.0,0.0,2013-11-17,3.0,345.0,53.0,528.0,98.0,75.0,97.0,1.0,8.0,3.0,5.0,4.0,0.0,0.0,0.0,0.0,0.0,0.0,3.0,11.0,0.0,69.0,2013,11,17
4832.0,1979.0,Graduation,Married,27244.0,1.0,0.0,2014-03-07,84.0,6.0,5.0,17.0,3.0,24.0,46.0,2.0,2.0,2.0,2.0,7.0,0.0,0.0,0.0,0.0,0.0,0.0,3.0,11.0,0.0,35.0,2014,3,7
5621.0,1969.0,Graduation,Married,48752.0,1.0,1.0,2012-12-12,8.0,73.0,57.0,100.0,71.0,15.0,0.0,5.0,6.0,1.0,5.0,9.0,0.0,0.0,0.0,0.0,0.0,0.0,3.0,11.0,0.0,45.0,2012,12,12
1945.0,1962.0,Graduation,Married,71434.0,0.0,1.0,2013-09-18,4.0,711.0,36.0,217.0,120.5,81.0,126.5,3.0,7.0,4.0,7.0,4.0,0.0,0.0,0.0,0.0,0.0,0.0,3.0,11.0,0.0,52.0,2013,9,18
5147.0,1948.0,Graduation,Single,90842.0,0.0,0.0,2013-07-29,57.0,774.0,70.0,118.0,120.5,81.0,93.0,1.0,4.0,9.0,13.0,1.0,0.0,0.0,0.0,0.0,0.0,0.0,3.0,11.0,0.0,66.0,2013,7,29
2535.0,1978.0,Master,Married,88097.0,1.0,0.0,2012-08-18,24.0,163.0,0.0,480.0,0.0,81.0,75.0,1.0,6.0,5.0,8.0,9.0,0.0,0.0,0.0,0.0,0.0,0.0,3.0,11.0,0.0,36.0,2012,8,18
11039.0,1975.0,Graduation,Married,51948.0,0.0,1.0,2013-09-17,51.0,82.0,33.0,54.0,71.0,30.0,41.0,2.0,5.0,2.0,4.0,5.0,0.0,0.0,0.0,0.0,0.0,0.0,3.0,11.0,0.0,39.0,2013,9,17
9495.0,1982.0,Graduation,Married,71853.0,0.0,0.0,2013-05-08,29.0,358.0,81.0,413.0,120.5,81.0,32.0,1.0,2.0,8.0,6.0,1.0,0.0,0.0,0.0,0.0,0.0,0.0,3.0,11.0,0.0,32.0,2013,5,8
9635.0,1983.0,Master,Married,35876.0,0.0,0.0,2014-04-20,13.0,66.0,2.0,40.0,4.0,3.0,14.0,1.0,3.0,1.0,3.0,6.0,0.0,0.0,0.0,0.0,0.0,0.0,3.0,11.0,0.0,31.0,2014,4,20
2173.0,1952.0,Graduation,Widow,40049.0,0.0,1.0,2013-10-16,23.0,13.0,6.0,7.0,0.0,3.0,3.0,1.0,1.0,0.0,3.0,6.0,0.0,0.0,0.0,0.0,0.0,0.0,3.0,11.0,0.0,62.0,2013,10,16
942.0,1982.0,Graduation,Single,39660.0,1.0,0.0,2012-08-08,36.0,139.0,13.0,78.0,20.0,13.0,36.0,3.0,7.0,1.0,3.0,9.0,0.0,0.0,0.0,0.0,0.0,0.0,3.0,11.0,0.0,32.0,2012,8,8
9386.0,1962.0,Graduation,Married,50127.0,0.0,1.0,2014-05-29,88.0,274.0,0.0,21.0,4.0,6.0,15.0,1.0,5.0,1.0,6.0,6.0,0.0,0.0,0.0,0.0,0.0,0.0,3.0,11.0,0.0,52.0,2014,5,29
5510.0,1977.0,Master,Married,43263.0,0.0,1.0,2012-11-21,2.0,262.0,6.0,61.0,0.0,10.0,102.0,3.0,5.0,2.0,6.0,5.0,0.0,0.0,0.0,0.0,0.0,0.0,3.0,11.0,0.0,37.0,2012,11,21
873.0,1949.0,Master,Married,62845.0,1.0,1.0,2012-10-01,3.0,1099.0,0.0,45.0,0.0,0.0,34.0,6.0,3.0,4.0,10.0,8.0,0.0,0.0,0.0,0.0,0.0,0.0,3.0,11.0,0.0,65.0,2012,10,1
2253.0,1990.0,Graduation,Married,18929.0,0.0,0.0,2013-02-16,15.0,32.0,0.0,8.0,23.0,4.0,18.0,1.0,1.0,0.0,4.0,6.0,0.0,0.0,0.0,0.0,0.0,0.0,3.0,11.0,0.0,24.0,2013,2,16
5181.0,1982.0,Basic,Single,24367.0,1.0,0.0,2013-03-20,58.0,2.0,4.0,2.0,0.0,11.0,5.0,1.0,1.0,0.0,2.0,9.0,0.0,0.0,0.0,0.0,0.0,0.0,3.0,11.0,0.0,32.0,2013,3,20
979.0,1975.0,Graduation,Single,33249.0,1.0,0.0,2013-02-20,11.0,6.0,10.0,21.0,19.0,14.0,42.0,2.0,2.0,1.0,3.0,6.0,0.0,0.0,0.0,0.0,0.0,0.0,3.0,11.0,0.0,39.0,2013,2,20
10390.0,1959.0,2N Cycle,Married,26887.0,0.0,1.0,2013-02-10,27.0,6.0,7.0,4.0,3.0,4.0,6.0,1.0,1.0,0.0,3.0,6.0,0.0,0.0,0.0,0.0,0.0,0.0,3.0,11.0,0.0,55.0,2013,2,10
4698.0,1983.0,Phd,Married,50150.0,0.0,0.0,2013-06-20,32.0,135.0,46.0,92.0,65.0,61.0,11.0,2.0,5.0,2.0,7.0,5.0,0.0,0.0,0.0,0.0,0.0,0.0,3.0,11.0,0.0,31.0,2013,6,20
7793.0,1976.0,Graduation,Married,62061.0,0.0,1.0,2013-08-31,12.0,641.0,7.0,84.0,0.0,30.0,38.0,3.0,10.0,4.0,7.0,6.0,0.0,0.0,0.0,0.0,0.0,0.0,3.0,11.0,0.0,38.0,2013,8,31
1745.0,1962.0,Phd,Divorced,85696.0,0.0,0.0,2013-05-03,88.0,714.0,76.0,395.0,116.0,0.0,12.0,1.0,4.0,6.0,9.0,1.0,0.0,0.0,0.0,0.0,0.0,0.0,3.0,11.0,0.0,52.0,2013,5,3
10590.0,1956.0,Phd,Married,76542.0,0.0,0.0,2013-03-30,91.0,794.0,73.0,556.0,0.0,29.0,14.0,1.0,4.0,8.0,10.0,2.0,0.0,0.0,0.0,0.0,0.0,0.0,3.0,11.0,0.0,58.0,2013,3,30
5080.0,1993.0,Graduation,Single,70515.0,0.0,0.0,2013-10-21,12.0,420.0,0.0,452.0,120.5,64.0,126.5,1.0,6.0,6.0,4.0,2.0,0.0,0.0,0.0,0.0,0.0,0.0,3.0,11.0,0.0,21.0,2013,10,21
8369.0,1987.0,Graduation,Married,18227.0,1.0,0.0,2012-11-08,21.0,1.0,2.0,7.0,4.0,3.0,11.0,1.0,0.0,1.0,2.0,8.0,0.0,0.0,0.0,0.0,0.0,0.0,3.0,11.0,0.0,27.0,2012,11,8
5232.0,1965.0,Graduation,Married,69139.0,0.0,1.0,2014-01-27,23.0,86.0,12.0,75.0,33.0,15.0,6.0,1.0,4.0,1.0,5.0,4.0,0.0,0.0,0.0,0.0,0.0,0.0,3.0,11.0,0.0,49.0,2014,1,27
2407.0,1982.0,Graduation,Married,69109.0,0.0,0.0,2012-11-09,10.0,823.0,25.0,459.0,120.5,29.0,95.0,1.0,6.0,6.0,7.0,4.0,0.0,0.0,0.0,0.0,0.0,0.0,3.0,11.0,0.0,32.0,2012,11,9
3834.0,1962.0,Graduation,Single,69627.0,0.0,1.0,2013-03-17,35.0,231.0,81.0,215.0,120.5,30.0,53.0,2.0,8.0,2.0,11.0,5.0,0.0,0.0,0.0,0.0,0.0,0.0,3.0,11.0,0.0,52.0,2013,3,17
7912.0,1978.0,Graduation,Married,38136.0,1.0,0.0,2013-04-22,69.0,8.0,15.0,27.0,0.0,20.0,33.0,2.0,3.0,1.0,2.0,8.0,0.0,0.0,0.0,0.0,0.0,0.0,3.0,11.0,0.0,36.0,2013,4,22
7712.0,1946.0,Phd,Single,62159.0,0.0,0.0,2014-04-28,68.0,182.0,17.0,259.0,77.0,70.0,29.0,1.0,6.0,2.0,10.0,4.0,0.0,0.0,0.0,0.0,0.0,0.0,3.0,11.0,0.0,68.0,2014,4,28
1065.0,1963.0,Graduation,Single,80695.0,0.0,0.0,2013-12-29,85.0,557.0,81.0,556.0,120.5,37.0,18.0,1.0,5.0,8.0,5.0,2.0,0.0,0.0,0.0,0.0,0.0,0.0,3.0,11.0,0.0,51.0,2013,12,29
7275.0,1971.0,Master,Single,33316.0,1.0,1.0,2013-10-04,34.0,79.0,1.0,31.0,4.0,4.0,12.0,3.0,2.0,1.0,4.0,6.0,0.0,0.0,0.0,0.0,0.0,0.0,3.0,11.0,0.0,43.0,2013,10,4
1343.0,1968.0,Graduation,Married,58554.0,1.0,1.0,2012-09-26,55.0,368.0,24.0,68.0,38.0,0.0,88.0,6.0,8.0,2.0,6.0,7.0,0.0,0.0,0.0,0.0,0.0,0.0,3.0,11.0,0.0,46.0,2012,9,26
1384.0,1992.0,Basic,Married,17256.0,1.0,0.0,2013-11-23,10.0,6.0,4.0,14.0,8.0,8.0,22.0,2.0,2.0,1.0,2.0,8.0,0.0,0.0,0.0,0.0,0.0,0.0,3.0,11.0,0.0,22.0,2013,11,23
9967.0,1974.0,Graduation,Divorced,53034.0,1.0,1.0,2013-05-30,30.0,160.0,15.0,196.0,15.0,11.0,50.0,6.0,6.0,1.0,7.0,8.0,0.0,0.0,0.0,0.0,0.0,0.0,3.0,11.0,0.0,40.0,2013,5,30
6181.0,1950.0,2N Cycle,Married,52203.0,0.0,0.0,2012-07-31,36.0,488.0,21.0,238.0,56.0,81.0,28.0,1.0,8.0,7.0,11.0,6.0,0.0,0.0,0.0,0.0,0.0,0.0,3.0,11.0,0.0,64.0,2012,7,31
10507.0,1977.0,2N Cycle,Divorced,59601.0,0.0,1.0,2013-07-25,14.0,691.0,7.0,69.0,0.0,7.0,23.0,4.0,2.0,2.0,7.0,8.0,0.0,0.0,0.0,0.0,0.0,0.0,3.0,11.0,0.0,37.0,2013,7,25
2674.0,1958.0,Master,Single,75154.0,0.0,1.0,2012-09-04,79.0,543.0,10.0,205.0,120.5,81.0,82.0,1.0,6.0,3.0,6.0,3.0,0.0,0.0,0.0,0.0,0.0,0.0,3.0,11.0,0.0,56.0,2012,9,4
2698.0,1976.0,Graduation,Single,47025.0,0.0,1.0,2013-11-07,52.0,254.0,7.0,108.0,20.0,0.0,26.0,3.0,6.0,3.0,5.0,6.0,0.0,0.0,0.0,0.0,0.0,0.0,3.0,11.0,0.0,38.0,2013,11,7
3231.0,1973.0,Graduation,Married,37971.0,1.0,0.0,2013-11-25,97.0,5.0,4.0,10.0,2.0,2.0,7.0,1.0,1.0,0.0,3.0,8.0,0.0,0.0,0.0,0.0,0.0,0.0,3.0,11.0,0.0,41.0,2013,11,25
4096.0,1968.0,Master,Divorced,41335.0,1.0,0.0,2013-12-26,24.0,112.0,19.0,21.0,16.0,14.0,5.0,3.0,4.0,1.0,4.0,7.0,0.0,0.0,0.0,0.0,0.0,0.0,3.0,11.0,0.0,46.0,2013,12,26
10476.0,1958.0,Graduation,Married,67267.0,0.0,1.0,2014-05-13,0.0,134.0,11.0,59.0,15.0,2.0,30.0,1.0,3.0,2.0,5.0,2.0,0.0,0.0,0.0,0.0,0.0,0.0,3.0,11.0,0.0,56.0,2014,5,13
5948.0,1975.0,Graduation,Single,57338.0,0.0,1.0,2014-04-29,96.0,143.0,6.0,52.0,11.0,8.0,17.0,2.0,4.0,1.0,5.0,5.0,0.0,0.0,0.0,0.0,0.0,0.0,3.0,11.0,0.0,39.0,2014,4,29
9140.0,1960.0,2N Cycle,Married,50523.0,1.0,1.0,2013-12-25,89.0,51.0,4.0,24.0,4.0,7.0,1.0,2.0,2.0,0.0,4.0,6.0,0.0,0.0,0.0,0.0,0.0,0.0,3.0,11.0,0.0,54.0,2013,12,25
10258.0,1965.0,Master,Single,35791.0,2.0,1.0,2013-05-06,94.0,27.0,0.0,5.0,0.0,0.0,3.0,2.0,1.0,0.0,3.0,8.0,0.0,0.0,0.0,0.0,0.0,0.0,3.0,11.0,0.0,49.0,2013,5,6
5675.0,1960.0,Phd,Divorced,50611.0,0.0,1.0,2012-10-04,98.0,459.0,0.0,24.0,6.0,0.0,4.0,6.0,4.0,5.0,7.0,6.0,0.0,0.0,0.0,0.0,0.0,0.0,3.0,11.0,0.0,54.0,2012,10,4
4743.0,1969.0,Phd,Married,56242.0,0.0,1.0,2013-03-03,72.0,689.0,8.0,167.0,11.0,8.0,88.0,5.0,8.0,4.0,11.0,6.0,0.0,0.0,0.0,0.0,0.0,0.0,3.0,11.0,0.0,45.0,2013,3,3
8805.0,1960.0,Graduation,Single,48904.0,0.0,1.0,2012-12-02,1.0,283.0,10.0,38.0,0.0,13.0,27.0,4.0,7.0,2.0,4.0,8.0,0.0,0.0,0.0,0.0,0.0,0.0,3.0,11.0,0.0,54.0,2012,12,2
1542.0,1975.0,Graduation,Single,56243.0,1.0,2.0,2013-12-30,26.0,347.0,0.0,35.0,4.0,3.0,7.0,6.0,4.0,2.0,8.0,5.0,0.0,0.0,0.0,0.0,0.0,0.0,3.0,11.0,0.0,39.0,2013,12,30
6770.0,1985.0,Graduation,Married,21355.0,1.0,0.0,2013-08-20,5.0,5.0,13.0,14.0,0.0,5.0,31.0,2.0,2.0,1.0,2.0,6.0,0.0,0.0,0.0,0.0,0.0,0.0,3.0,11.0,0.0,29.0,2013,8,20
8773.0,1971.0,Master,Married,57420.0,0.0,1.0,2013-06-25,22.0,280.0,0.0,18.0,0.0,0.0,24.0,3.0,5.0,1.0,6.0,7.0,0.0,0.0,0.0,0.0,0.0,0.0,3.0,11.0,0.0,43.0,2013,6,25
10475.0,1970.0,Master,Married,51381.5,0.0,1.0,2013-04-01,39.0,187.0,5.0,65.0,26.0,20.0,14.0,2.0,4.0,2.0,6.0,5.0,0.0,0.0,0.0,0.0,0.0,0.0,3.0,11.0,0.0,44.0,2013,4,1
10420.0,1955.0,Master,Divorced,46390.0,0.0,1.0,2014-05-05,56.0,95.0,14.0,64.0,2.0,9.0,38.0,1.0,4.0,2.0,3.0,7.0,0.0,0.0,0.0,0.0,0.0,0.0,3.0,11.0,0.0,59.0,2014,5,5
7514.0,1956.0,2N Cycle,Married,54342.0,1.0,1.0,2013-07-03,74.0,84.0,10.0,34.0,11.0,10.0,28.0,4.0,3.0,1.0,4.0,6.0,0.0,0.0,0.0,0.0,0.0,0.0,3.0,11.0,0.0,58.0,2013,7,3
2902.0,1958.0,Graduation,Married,51381.5,1.0,1.0,2012-09-03,87.0,19.0,4.0,12.0,2.0,2.0,6.0,1.0,1.0,0.0,3.0,5.0,0.0,0.0,0.0,0.0,0.0,0.0,3.0,11.0,0.0,56.0,2012,9,3
4345.0,1964.0,2N Cycle,Single,51381.5,1.0,1.0,2014-01-12,49.0,5.0,1.0,9.0,2.0,0.0,4.0,1.0,1.0,0.0,2.0,7.0,0.0,0.0,0.0,0.0,0.0,0.0,3.0,11.0,0.0,50.0,2014,1,12
793.0,1973.0,Graduation,Married,20895.0,1.0,0.0,2012-10-06,24.0,18.0,3.0,17.0,3.0,0.0,4.0,1.0,2.0,0.0,3.0,9.0,0.0,0.0,0.0,0.0,0.0,0.0,3.0,11.0,0.0,41.0,2012,10,6
10909.0,1948.0,Graduation,Married,92344.0,0.0,0.0,2014-01-15,9.0,992.0,24.0,556.0,51.0,19.0,119.0,0.0,5.0,10.0,5.0,1.0,0.0,0.0,0.0,0.0,0.0,0.0,3.0,11.0,0.0,66.0,2014,1,15
3769.0,1972.0,Phd,Married,51381.5,1.0,0.0,2014-03-02,17.0,25.0,1.0,13.0,0.0,0.0,3.0,1.0,1.0,0.0,3.0,7.0,0.0,0.0,0.0,0.0,0.0,0.0,3.0,11.0,0.0,42.0,2014,3,2
8702.0,1976.0,2N Cycle,Married,26907.0,1.0,1.0,2013-08-20,10.0,9.0,1.0,7.0,0.0,3.0,2.0,2.0,1.0,0.0,3.0,7.0,0.0,0.0,0.0,0.0,0.0,0.0,3.0,11.0,0.0,38.0,2013,8,20
4791.0,1980.0,Graduation,Married,44964.0,1.0,1.0,2012-12-16,35.0,19.0,1.0,17.0,2.0,0.0,2.0,1.0,1.0,0.0,3.0,8.0,0.0,0.0,0.0,0.0,0.0,0.0,3.0,11.0,0.0,34.0,2012,12,16
2963.0,1979.0,Graduation,Married,75507.0,0.0,0.0,2014-05-02,56.0,709.0,81.0,374.0,104.0,80.0,80.0,1.0,8.0,6.0,6.0,3.0,0.0,0.0,0.0,0.0,0.0,0.0,3.0,11.0,0.0,35.0,2014,5,2
8216.0,1972.0,Master,Married,53761.0,1.0,1.0,2013-10-11,7.0,158.0,0.0,76.0,13.0,7.0,71.0,6.0,4.0,4.0,3.0,5.0,0.0,0.0,0.0,0.0,0.0,0.0,3.0,11.0,0.0,42.0,2013,10,11
8140.0,1973.0,Graduation,Married,22682.0,1.0,0.0,2013-10-03,51.0,10.0,14.0,29.0,4.0,2.0,36.0,3.0,2.0,1.0,4.0,4.0,0.0,0.0,0.0,0.0,0.0,0.0,3.0,11.0,0.0,41.0,2013,10,3
10146.0,1972.0,Phd,Married,38887.0,1.0,0.0,2014-03-02,17.0,25.0,1.0,13.0,0.0,0.0,3.0,1.0,1.0,0.0,3.0,7.0,0.0,0.0,0.0,0.0,0.0,0.0,3.0,11.0,0.0,42.0,2014,3,2
5289.0,1975.0,2N Cycle,Single,41658.0,1.0,1.0,2012-11-09,30.0,8.0,4.0,12.0,15.0,4.0,29.0,2.0,1.0,1.0,2.0,4.0,0.0,0.0,0.0,0.0,0.0,0.0,3.0,11.0,0.0,39.0,2012,11,9
2587.0,1972.0,Phd,Married,29791.0,1.0,0.0,2014-05-15,21.0,14.0,0.0,6.0,0.0,0.0,0.0,2.0,2.0,0.0,3.0,5.0,0.0,0.0,0.0,0.0,0.0,0.0,3.0,11.0,0.0,42.0,2014,5,15
4405.0,1956.0,Master,Married,63915.0,0.0,2.0,2013-07-30,2.0,622.0,7.0,115.0,30.0,0.0,15.0,2.0,6.0,3.0,12.0,5.0,0.0,0.0,0.0,0.0,0.0,0.0,3.0,11.0,0.0,58.0,2013,7,30
8663.0,1974.0,Graduation,Divorced,39996.0,1.0,1.0,2014-05-22,85.0,11.0,0.0,3.0,0.0,0.0,1.0,1.0,1.0,0.0,2.0,6.0,0.0,0.0,0.0,0.0,0.0,0.0,3.0,11.0,0.0,40.0,2014,5,22
2589.0,1972.0,Graduation,Divorced,26759.0,1.0,0.0,2014-02-07,65.0,25.0,3.0,16.0,8.0,5.0,2.0,2.0,2.0,1.0,3.0,6.0,0.0,0.0,0.0,0.0,0.0,0.0,3.0,11.0,0.0,42.0,2014,2,7
3421.0,1968.0,Master,Divorced,63841.0,0.0,1.0,2013-04-21,64.0,635.0,15.0,100.0,20.0,7.0,126.5,1.0,9.0,3.0,9.0,6.0,0.0,0.0,0.0,0.0,0.0,0.0,3.0,11.0,0.0,46.0,2013,4,21
10490.0,1969.0,Phd,Married,51039.0,1.0,1.0,2012-12-10,11.0,100.0,64.0,79.0,65.0,0.0,109.0,2.0,6.0,2.0,4.0,7.0,0.0,0.0,0.0,0.0,0.0,0.0,3.0,11.0,0.0,45.0,2012,12,10
4094.0,1961.0,Graduation,Married,60544.0,1.0,1.0,2012-08-25,92.0,201.0,2.0,43.0,3.0,5.0,35.0,4.0,5.0,1.0,5.0,6.0,0.0,0.0,0.0,0.0,0.0,0.0,3.0,11.0,0.0,53.0,2012,8,25
9958.0,1972.0,Graduation,Married,65685.0,0.0,1.0,2014-03-29,54.0,642.0,14.0,49.0,0.0,7.0,57.0,1.0,9.0,2.0,9.0,5.0,0.0,0.0,0.0,0.0,0.0,0.0,3.0,11.0,0.0,42.0,2014,3,29
2534.0,1953.0,Graduation,Married,37716.0,0.0,1.0,2014-04-21,4.0,97.0,1.0,41.0,6.0,2.0,41.0,2.0,4.0,1.0,3.0,7.0,0.0,0.0,0.0,0.0,0.0,0.0,3.0,11.0,0.0,61.0,2014,4,21
4188.0,1957.0,Graduation,Single,36864.0,0.0,1.0,2012-08-13,53.0,204.0,5.0,39.0,17.0,0.0,89.0,3.0,5.0,2.0,4.0,8.0,0.0,0.0,0.0,0.0,0.0,0.0,3.0,11.0,0.0,57.0,2012,8,13
6613.0,1970.0,Master,Married,44511.0,1.0,0.0,2012-10-12,39.0,513.0,7.0,133.0,46.0,14.0,14.0,6.0,8.0,4.0,8.0,8.0,0.0,0.0,0.0,0.0,0.0,0.0,3.0,11.0,0.0,44.0,2012,10,12
10827.0,1967.0,Phd,Married,36947.0,1.0,1.0,2012-08-07,49.0,88.0,3.0,21.0,4.0,1.0,29.0,4.0,3.0,0.0,4.0,9.0,0.0,0.0,0.0,0.0,0.0,0.0,3.0,11.0,0.0,47.0,2012,8,7
5491.0,1951.0,Master,Married,47352.0,0.0,1.0,2013-04-11,70.0,172.0,12.0,112.0,8.0,0.0,15.0,4.0,6.0,1.0,5.0,7.0,0.0,0.0,0.0,0.0,0.0,0.0,3.0,11.0,0.0,63.0,2013,4,11
8402.0,1953.0,Master,Married,67087.0,0.0,1.0,2013-12-17,40.0,329.0,35.0,222.0,120.5,35.0,43.0,2.0,7.0,5.0,8.0,4.0,0.0,0.0,0.0,0.0,0.0,0.0,3.0,11.0,0.0,61.0,2013,12,17
8783.0,1950.0,Graduation,Married,57045.0,0.0,1.0,2012-09-08,40.0,296.0,13.0,104.0,11.0,13.0,17.0,3.0,4.0,2.0,9.0,3.0,0.0,0.0,0.0,0.0,0.0,0.0,3.0,11.0,0.0,64.0,2012,9,8
10010.0,1953.0,Phd,Divorced,36957.0,1.0,1.0,2012-09-06,43.0,100.0,2.0,16.0,2.0,1.0,31.0,4.0,3.0,2.0,2.0,9.0,0.0,0.0,0.0,0.0,0.0,0.0,3.0,11.0,0.0,61.0,2012,9,6
618.0,1977.0,Phd,Married,69389.0,0.0,1.0,2012-09-28,17.0,422.0,7.0,238.0,69.0,46.0,15.0,1.0,7.0,2.0,12.0,4.0,0.0,0.0,0.0,0.0,0.0,0.0,3.0,11.0,0.0,37.0,2012,9,28
9121.0,1972.0,Graduation,Married,80134.0,1.0,0.0,2013-05-20,40.0,1218.0,16.0,272.0,104.0,0.0,80.0,2.0,5.0,3.0,6.0,6.0,0.0,0.0,0.0,0.0,0.0,0.0,3.0,11.0,0.0,42.0,2013,5,20
361.0,1969.0,Master,Married,43142.0,1.0,1.0,2014-02-18,84.0,5.0,1.0,7.0,2.0,1.0,4.0,1.0,1.0,0.0,2.0,7.0,0.0,0.0,0.0,0.0,0.0,0.0,3.0,11.0,0.0,45.0,2014,2,18
4310.0,1944.0,Graduation,Married,80589.0,0.0,0.0,2014-01-22,25.0,507.0,81.0,520.0,120.5,40.0,26.0,1.0,5.0,10.0,5.0,1.0,0.0,0.0,0.0,0.0,0.0,0.0,3.0,11.0,0.0,70.0,2014,1,22
2678.0,1990.0,Graduation,Single,34412.0,1.0,0.0,2013-02-13,62.0,52.0,12.0,50.0,4.0,36.0,55.0,3.0,5.0,0.0,3.0,9.0,0.0,0.0,0.0,0.0,0.0,0.0,3.0,11.0,0.0,24.0,2013,2,13
6376.0,1979.0,Graduation,Single,57537.0,1.0,0.0,2013-06-10,83.0,191.0,56.0,139.0,51.0,8.0,100.0,4.0,4.0,3.0,8.0,4.0,0.0,0.0,0.0,0.0,0.0,0.0,3.0,11.0,0.0,35.0,2013,6,10
524.0,1966.0,Basic,Married,22634.0,0.0,0.0,2013-01-16,47.0,2.0,23.0,11.0,8.0,6.0,46.0,1.0,2.0,1.0,2.0,8.0,0.0,0.0,0.0,0.0,0.0,0.0,3.0,11.0,0.0,48.0,2013,1,16
10341.0,1948.0,Graduation,Married,51315.0,0.0,0.0,2014-02-23,45.0,68.0,28.0,39.0,16.0,30.0,41.0,1.0,2.0,2.0,5.0,2.0,0.0,0.0,0.0,0.0,0.0,0.0,3.0,11.0,0.0,66.0,2014,2,23
5654.0,1972.0,Graduation,Married,36026.0,2.0,1.0,2014-03-16,34.0,20.0,4.0,10.0,6.0,4.0,17.0,2.0,2.0,0.0,3.0,6.0,0.0,0.0,0.0,0.0,0.0,0.0,3.0,11.0,0.0,42.0,2014,3,16
4098.0,1973.0,Graduation,Married,24639.0,1.0,1.0,2014-01-28,3.0,20.0,3.0,16.0,0.0,4.0,1.0,3.0,2.0,0.0,4.0,6.0,0.0,0.0,0.0,0.0,0.0,0.0,3.0,11.0,0.0,41.0,2014,1,28
5824.0,1972.0,Phd,Married,34578.0,2.0,1.0,2014-04-11,1.0,7.0,0.0,1.0,0.0,0.0,0.0,1.0,1.0,0.0,2.0,6.0,0.0,0.0,0.0,0.0,0.0,0.0,3.0,11.0,0.0,42.0,2014,4,11
7000.0,1972.0,2N Cycle,Single,65704.0,0.0,0.0,2013-10-13,18.0,279.0,81.0,74.0,38.0,8.0,126.5,1.0,2.0,10.0,10.0,1.0,0.0,0.0,0.0,0.0,0.0,0.0,3.0,11.0,0.0,42.0,2013,10,13
2561.0,1966.0,Graduation,Single,63810.0,0.0,1.0,2012-11-11,45.0,977.0,12.0,253.0,16.0,12.0,101.0,4.0,4.0,3.0,12.0,8.0,0.0,0.0,0.0,0.0,0.0,0.0,3.0,11.0,0.0,48.0,2012,11,11
5229.0,1969.0,Phd,Married,54132.0,0.0,1.0,2014-02-16,81.0,30.0,1.0,8.0,0.0,0.0,3.0,1.0,1.0,0.0,3.0,7.0,0.0,0.0,0.0,0.0,0.0,0.0,3.0,11.0,0.0,45.0,2014,2,16
4086.0,1959.0,Graduation,Married,18690.0,0.0,0.0,2012-12-28,77.0,6.0,1.0,7.0,23.0,4.0,19.0,1.0,1.0,1.0,2.0,8.0,0.0,0.0,0.0,0.0,0.0,0.0,3.0,11.0,0.0,55.0,2012,12,28
2428.0,1970.0,Graduation,Married,28164.0,1.0,0.0,2013-05-04,23.0,3.0,18.0,26.0,11.0,8.0,12.0,3.0,2.0,0.0,4.0,7.0,0.0,0.0,0.0,0.0,0.0,0.0,3.0,11.0,0.0,44.0,2013,5,4
8254.0,1974.0,Phd,Married,34596.0,1.0,0.0,2013-04-13,48.0,14.0,0.0,2.0,0.0,0.0,7.0,1.0,1.0,0.0,2.0,8.0,0.0,0.0,0.0,0.0,0.0,0.0,3.0,11.0,0.0,40.0,2013,4,13
2836.0,1972.0,Phd,Married,43269.0,1.0,0.0,2013-09-16,61.0,10.0,1.0,7.0,0.0,0.0,1.0,1.0,1.0,0.0,2.0,8.0,0.0,0.0,0.0,0.0,0.0,0.0,3.0,11.0,0.0,42.0,2013,9,16
8418.0,1958.0,2N Cycle,Single,38741.0,1.0,1.0,2014-03-30,60.0,7.0,10.0,17.0,8.0,6.0,13.0,2.0,2.0,0.0,3.0,7.0,0.0,0.0,0.0,0.0,0.0,0.0,3.0,11.0,0.0,56.0,2014,3,30
1362.0,1972.0,Graduation,Single,31907.0,0.0,0.0,2013-03-04,75.0,33.0,81.0,64.0,120.5,16.0,74.0,1.0,6.0,1.0,6.0,7.0,0.0,0.0,0.0,0.0,0.0,0.0,3.0,11.0,0.0,42.0,2013,3,4
7152.0,1983.0,Master,Married,27100.0,1.0,0.0,2013-04-05,64.0,12.0,0.0,13.0,2.0,0.0,10.0,1.0,1.0,0.0,3.0,7.0,0.0,0.0,0.0,0.0,0.0,0.0,3.0,11.0,0.0,31.0,2013,4,5
10033.0,1973.0,2N Cycle,Divorced,31163.0,1.0,0.0,2014-02-13,54.0,2.0,3.0,10.0,11.0,2.0,10.0,1.0,1.0,0.0,3.0,6.0,0.0,0.0,0.0,0.0,0.0,0.0,3.0,11.0,0.0,41.0,2014,2,13
9349.0,1985.0,Graduation,Married,92533.0,0.0,0.0,2013-12-19,84.0,693.0,21.0,118.0,110.0,81.0,42.0,1.0,6.0,5.0,11.0,2.0,0.0,0.0,0.0,0.0,0.0,0.0,3.0,11.0,0.0,29.0,2013,12,19
274.0,1973.0,Graduation,Single,34853.0,1.0,1.0,2013-12-23,75.0,9.0,3.0,15.0,2.0,3.0,2.0,2.0,2.0,0.0,3.0,6.0,0.0,0.0,0.0,0.0,0.0,0.0,3.0,11.0,0.0,41.0,2013,12,23
3388.0,1967.0,Graduation,Divorced,70844.0,1.0,1.0,2013-10-30,16.0,129.0,26.0,67.0,3.0,67.0,2.0,5.0,6.0,1.0,5.0,7.0,0.0,0.0,0.0,0.0,0.0,0.0,3.0,11.0,0.0,47.0,2013,10,30
922.0,1979.0,2N Cycle,Married,31086.0,1.0,1.0,2013-05-04,79.0,16.0,2.0,11.0,3.0,0.0,16.0,2.0,1.0,1.0,2.0,8.0,0.0,0.0,0.0,0.0,0.0,0.0,3.0,11.0,0.0,35.0,2013,5,4
8588.0,1961.0,Graduation,Married,60544.0,1.0,1.0,2012-08-25,92.0,201.0,2.0,43.0,3.0,5.0,35.0,4.0,5.0,1.0,5.0,6.0,0.0,0.0,0.0,0.0,0.0,0.0,3.0,11.0,0.0,53.0,2012,8,25
2518.0,1986.0,2N Cycle,Married,20491.0,0.0,0.0,2013-01-25,16.0,5.0,4.0,5.0,4.0,2.0,10.0,1.0,0.0,1.0,2.0,7.0,0.0,0.0,0.0,0.0,0.0,0.0,3.0,11.0,0.0,28.0,2013,1,25
574.0,1964.0,Graduation,Married,42523.0,0.0,0.0,2014-04-23,96.0,14.0,36.0,11.0,3.0,26.0,35.0,1.0,1.0,1.0,4.0,2.0,0.0,0.0,0.0,0.0,0.0,0.0,3.0,11.0,0.0,50.0,2014,4,23
3220.0,1983.0,Graduation,Married,39922.0,1.0,0.0,2013-02-14,30.0,29.0,12.0,59.0,19.0,1.0,36.0,2.0,3.0,0.0,4.0,8.0,0.0,0.0,0.0,0.0,0.0,0.0,3.0,11.0,0.0,31.0,2013,2,14
5967.0,1952.0,Graduation,Married,33402.0,1.0,1.0,2013-07-18,60.0,26.0,2.0,19.0,10.0,5.0,8.0,3.0,2.0,1.0,3.0,8.0,0.0,0.0,0.0,0.0,0.0,0.0,3.0,11.0,0.0,62.0,2013,7,18
1183.0,1949.0,Master,Married,36408.0,1.0,1.0,2013-09-21,11.0,9.0,1.0,4.0,3.0,2.0,3.0,1.0,1.0,0.0,2.0,6.0,0.0,0.0,0.0,0.0,0.0,0.0,3.0,11.0,0.0,65.0,2013,9,21
6856.0,1979.0,Graduation,Married,21645.0,1.0,0.0,2012-09-03,75.0,14.0,0.0,23.0,4.0,5.0,19.0,3.0,3.0,0.0,3.0,9.0,0.0,0.0,0.0,0.0,0.0,0.0,3.0,11.0,0.0,35.0,2012,9,3
4530.0,1948.0,Master,Widow,78427.0,0.0,0.0,2012-10-24,36.0,972.0,19.0,556.0,120.5,26.0,126.5,3.0,3.0,7.0,10.0,3.0,0.0,0.0,0.0,0.0,0.0,0.0,3.0,11.0,0.0,66.0,2012,10,24
1553.0,1946.0,Graduation,Married,82657.0,0.0,0.0,2013-09-27,71.0,966.0,81.0,556.0,120.5,81.0,126.0,1.0,7.0,5.0,10.0,4.0,0.0,0.0,0.0,0.0,0.0,0.0,3.0,11.0,0.0,68.0,2013,9,27
4682.0,1958.0,Graduation,Married,51876.0,0.0,0.0,2013-10-15,88.0,99.0,27.0,102.0,28.0,48.0,6.0,1.0,2.0,2.0,8.0,1.0,0.0,0.0,0.0,0.0,0.0,0.0,3.0,11.0,0.0,56.0,2013,10,15
8204.0,1971.0,2N Cycle,Married,78041.0,0.0,0.0,2012-12-16,93.0,482.0,35.0,553.0,72.0,81.0,17.0,1.0,4.0,4.0,9.0,2.0,0.0,0.0,0.0,0.0,0.0,0.0,3.0,11.0,0.0,43.0,2012,12,16
5221.0,1957.0,Graduation,Married,52852.0,0.0,1.0,2012-12-01,93.0,714.0,8.0,99.0,11.0,0.0,47.0,4.0,10.0,7.0,5.0,8.0,0.0,0.0,0.0,0.0,0.0,0.0,3.0,11.0,0.0,57.0,2012,12,1
1232.0,1982.0,Phd,Married,70038.0,0.0,0.0,2013-10-25,54.0,587.0,54.0,348.0,71.0,54.0,126.5,1.0,4.0,4.0,8.0,2.0,0.0,0.0,0.0,0.0,0.0,0.0,3.0,11.0,0.0,32.0,2013,10,25
1927.0,1973.0,2N Cycle,Married,69401.0,0.0,1.0,2014-03-23,41.0,399.0,27.0,159.0,58.0,8.0,39.0,4.0,4.0,4.0,5.0,2.0,0.0,0.0,0.0,0.0,0.0,0.0,3.0,11.0,0.0,41.0,2014,3,23
5788.0,1972.0,Graduation,Married,46053.0,1.0,0.0,2013-02-17,46.0,56.0,10.0,92.0,19.0,7.0,25.0,3.0,3.0,2.0,4.0,5.0,0.0,0.0,0.0,0.0,0.0,0.0,3.0,11.0,0.0,42.0,2013,2,17
6652.0,1965.0,Graduation,Married,77343.0,0.0,0.0,2014-06-09,28.0,227.0,81.0,556.0,98.0,54.0,31.0,1.0,3.0,4.0,9.0,1.0,0.0,0.0,0.0,0.0,0.0,0.0,3.0,11.0,0.0,49.0,2014,6,9
6246.0,1953.0,Graduation,Single,73892.0,0.0,0.0,2013-11-13,40.0,703.0,81.0,556.0,0.0,58.0,43.0,1.0,3.0,10.0,8.0,1.0,0.0,0.0,0.0,0.0,0.0,0.0,3.0,11.0,0.0,61.0,2013,11,13
5975.0,1967.0,Phd,Single,40304.0,1.0,0.0,2013-09-30,82.0,37.0,0.0,17.0,0.0,0.0,3.0,1.0,2.0,0.0,3.0,7.0,0.0,0.0,0.0,0.0,0.0,0.0,3.0,11.0,0.0,47.0,2013,9,30
6875.0,1965.0,Phd,Married,32727.0,0.0,0.0,2012-08-28,38.0,167.0,13.0,180.0,86.0,13.0,70.0,2.0,7.0,3.0,5.0,8.0,0.0,0.0,0.0,0.0,0.0,0.0,3.0,11.0,0.0,49.0,2012,8,28
4399.0,1969.0,Graduation,Married,68695.0,0.0,0.0,2014-06-25,3.0,458.0,81.0,356.0,106.0,50.0,40.0,1.0,4.0,4.0,7.0,2.0,0.0,0.0,0.0,0.0,0.0,0.0,3.0,11.0,0.0,45.0,2014,6,25
4042.0,1971.0,Graduation,Divorced,43300.0,0.0,1.0,2012-10-13,87.0,91.0,3.0,52.0,2.0,1.0,31.0,3.0,4.0,0.0,4.0,8.0,0.0,0.0,0.0,0.0,0.0,0.0,3.0,11.0,0.0,43.0,2012,10,13
2157.0,1972.0,Graduation,Married,26290.0,1.0,1.0,2013-01-12,49.0,15.0,8.0,16.0,11.0,5.0,22.0,4.0,2.0,0.0,4.0,6.0,0.0,0.0,0.0,0.0,0.0,0.0,3.0,11.0,0.0,42.0,2013,1,12
10133.0,1970.0,Graduation,Single,93790.0,0.0,0.0,2014-02-12,16.0,1225.0,68.0,556.0,89.0,81.0,45.0,0.0,6.0,7.0,12.0,2.0,0.0,0.0,0.0,0.0,0.0,0.0,3.0,11.0,0.0,44.0,2014,2,12
2525.0,1974.0,Phd,Married,38410.0,0.0,0.0,2012-09-14,65.0,153.0,64.0,123.0,116.0,64.0,14.0,2.0,5.0,2.0,9.0,6.0,0.0,0.0,0.0,0.0,0.0,0.0,3.0,11.0,0.0,40.0,2012,9,14
8233.0,1950.0,Master,Widow,64866.0,0.0,1.0,2014-01-26,9.0,508.0,5.0,21.0,7.0,5.0,10.0,4.0,7.0,3.0,7.0,5.0,0.0,0.0,0.0,0.0,0.0,0.0,3.0,11.0,0.0,64.0,2014,1,26
9483.0,1959.0,Graduation,Married,57957.0,0.0,1.0,2013-08-19,24.0,290.0,59.0,177.0,77.0,5.0,29.0,6.0,4.0,6.0,8.0,3.0,0.0,0.0,0.0,0.0,0.0,0.0,3.0,11.0,0.0,55.0,2013,8,19
2945.0,1955.0,Phd,Married,46015.0,1.0,1.0,2014-04-13,25.0,38.0,0.0,2.0,0.0,0.0,6.0,1.0,1.0,0.0,3.0,7.0,0.0,0.0,0.0,0.0,0.0,0.0,3.0,11.0,0.0,59.0,2014,4,13
10403.0,1978.0,Graduation,Married,16531.0,1.0,0.0,2014-06-18,43.0,2.0,13.0,6.0,7.0,5.0,11.0,3.0,3.0,0.0,3.0,7.0,0.0,0.0,0.0,0.0,0.0,0.0,3.0,11.0,0.0,36.0,2014,6,18
5074.0,1986.0,Master,Married,28072.0,1.0,0.0,2013-07-08,10.0,30.0,0.0,10.0,2.0,0.0,5.0,1.0,1.0,0.0,3.0,7.0,0.0,0.0,0.0,0.0,0.0,0.0,3.0,11.0,0.0,28.0,2013,7,8
10524.0,1963.0,Master,Divorced,49476.0,0.0,1.0,2013-06-20,29.0,386.0,23.0,95.0,54.0,41.0,126.5,4.0,2.0,10.0,5.0,2.0,0.0,0.0,0.0,0.0,0.0,0.0,3.0,11.0,0.0,51.0,2013,6,20
4690.0,1953.0,Graduation,Married,50725.0,0.0,1.0,2013-02-13,45.0,443.0,10.0,75.0,0.0,10.0,48.0,4.0,8.0,1.0,8.0,8.0,0.0,0.0,0.0,0.0,0.0,0.0,3.0,11.0,0.0,61.0,2013,2,13
7521.0,1952.0,Graduation,Married,83844.0,0.0,0.0,2013-05-12,57.0,901.0,31.0,345.0,75.0,31.0,126.5,1.0,4.0,4.0,11.0,1.0,0.0,0.0,0.0,0.0,0.0,0.0,3.0,11.0,0.0,62.0,2013,5,12
7196.0,1950.0,Phd,Married,41145.0,1.0,1.0,2014-02-08,20.0,9.0,0.0,3.0,0.0,0.0,1.0,1.0,0.0,0.0,3.0,3.0,0.0,0.0,0.0,0.0,0.0,0.0,3.0,11.0,0.0,64.0,2014,2,8
4406.0,1970.0,Graduation,Married,67419.0,0.0,1.0,2013-01-16,29.0,846.0,81.0,352.0,91.0,56.0,42.0,4.0,9.0,4.0,8.0,5.0,0.0,0.0,0.0,0.0,0.0,0.0,3.0,11.0,0.0,44.0,2013,1,16
9672.0,1970.0,2N Cycle,Married,23162.0,1.0,1.0,2013-12-21,82.0,8.0,3.0,9.0,19.0,4.0,22.0,3.0,1.0,1.0,3.0,6.0,0.0,0.0,0.0,0.0,0.0,0.0,3.0,11.0,0.0,44.0,2013,12,21
4864.0,1977.0,Graduation,Married,34380.0,1.0,0.0,2013-05-02,68.0,72.0,7.0,58.0,13.0,1.0,24.0,4.0,4.0,1.0,3.0,8.0,0.0,0.0,0.0,0.0,0.0,0.0,3.0,11.0,0.0,37.0,2013,5,2
4706.0,1966.0,Graduation,Single,34704.0,0.0,1.0,2013-04-27,65.0,29.0,0.0,5.0,0.0,1.0,5.0,1.0,1.0,0.0,3.0,5.0,0.0,0.0,0.0,0.0,0.0,0.0,3.0,11.0,0.0,48.0,2013,4,27
4070.0,1969.0,Phd,Married,94871.0,0.0,2.0,2012-09-01,99.0,169.0,24.0,553.0,120.5,0.0,126.5,1.0,8.0,5.0,4.0,7.0,0.0,0.0,0.0,0.0,0.0,0.0,3.0,11.0,0.0,45.0,2012,9,1
25.0,1958.0,Graduation,Married,65148.0,0.0,1.0,2012-11-16,9.0,460.0,35.0,422.0,33.0,12.0,126.5,2.0,6.0,6.0,7.0,4.0,0.0,0.0,0.0,0.0,0.0,0.0,3.0,11.0,0.0,56.0,2012,11,16
3697.0,1954.0,Graduation,Married,39898.0,0.0,1.0,2013-02-12,20.0,69.0,8.0,26.0,12.0,7.0,12.0,2.0,3.0,0.0,4.0,7.0,0.0,0.0,0.0,0.0,0.0,0.0,3.0,11.0,0.0,60.0,2013,2,12
217.0,1956.0,Master,Single,64857.0,0.0,0.0,2012-11-23,78.0,556.0,14.0,556.0,120.5,0.0,43.0,1.0,7.0,5.0,10.0,4.0,0.0,0.0,0.0,0.0,0.0,0.0,3.0,11.0,0.0,58.0,2012,11,23
4220.0,1970.0,Phd,Married,59892.0,0.0,1.0,2013-11-02,26.0,73.0,0.0,13.0,0.0,1.0,0.0,1.0,2.0,1.0,3.0,3.0,0.0,0.0,0.0,0.0,0.0,0.0,3.0,11.0,0.0,44.0,2013,11,2
5286.0,1987.0,Master,Single,41020.0,0.0,0.0,2013-10-28,68.0,112.0,1.0,54.0,7.0,7.0,36.0,1.0,3.0,2.0,4.0,3.0,0.0,0.0,0.0,0.0,0.0,0.0,3.0,11.0,0.0,27.0,2013,10,28
9559.0,1961.0,Phd,Married,57072.0,0.0,1.0,2014-01-24,79.0,944.0,0.0,60.0,0.0,0.0,30.0,2.0,7.0,5.0,13.0,5.0,0.0,0.0,0.0,0.0,0.0,0.0,3.0,11.0,0.0,53.0,2014,1,24
2849.0,1979.0,Graduation,Single,60474.0,0.0,1.0,2013-04-01,25.0,265.0,81.0,303.0,120.5,9.0,126.5,6.0,10.0,2.0,12.0,7.0,0.0,0.0,0.0,0.0,0.0,0.0,3.0,11.0,0.0,35.0,2013,4,1
7787.0,1960.0,Graduation,Married,62807.0,0.0,1.0,2012-08-31,83.0,526.0,28.0,135.0,10.0,21.0,99.0,3.0,5.0,3.0,12.0,5.0,0.0,0.0,0.0,0.0,0.0,0.0,3.0,11.0,0.0,54.0,2012,8,31
3102.0,1981.0,2N Cycle,Married,19414.0,1.0,0.0,2013-10-16,32.0,2.0,3.0,12.0,3.0,5.0,7.0,1.0,1.0,0.0,3.0,8.0,0.0,0.0,0.0,0.0,0.0,0.0,3.0,11.0,0.0,33.0,2013,10,16
5868.0,1980.0,Graduation,Married,19107.0,1.0,0.0,2013-08-22,49.0,2.0,4.0,9.0,10.0,5.0,16.0,2.0,1.0,0.0,3.0,7.0,0.0,0.0,0.0,0.0,0.0,0.0,3.0,11.0,0.0,34.0,2013,8,22
8370.0,1976.0,2N Cycle,Married,75484.0,0.0,1.0,2012-08-02,50.0,378.0,81.0,259.0,120.5,81.0,34.0,2.0,7.0,3.0,6.0,4.0,0.0,0.0,0.0,0.0,0.0,0.0,3.0,11.0,0.0,38.0,2012,8,2
9988.0,1976.0,Master,Single,70379.0,0.0,1.0,2013-03-03,84.0,553.0,25.0,142.0,65.0,67.0,8.0,3.0,6.0,3.0,13.0,4.0,0.0,0.0,0.0,0.0,0.0,0.0,3.0,11.0,0.0,38.0,2013,3,3
2939.0,1970.0,Master,Married,79419.0,0.0,0.0,2014-06-22,96.0,751.0,81.0,556.0,20.0,15.0,31.0,1.0,4.0,6.0,4.0,2.0,0.0,0.0,0.0,0.0,0.0,0.0,3.0,11.0,0.0,44.0,2014,6,22
5529.0,1946.0,Phd,Married,64014.0,2.0,1.0,2014-06-10,56.0,406.0,0.0,30.0,0.0,0.0,8.0,6.0,8.0,2.0,5.0,7.0,0.0,0.0,0.0,0.0,0.0,0.0,3.0,11.0,0.0,68.0,2014,6,10
9743.0,1955.0,Graduation,Married,76998.0,0.0,1.0,2013-01-11,85.0,1225.0,81.0,161.0,69.0,35.0,107.0,2.0,11.0,8.0,8.0,6.0,0.0,0.0,0.0,0.0,0.0,0.0,3.0,11.0,0.0,59.0,2013,1,11
5763.0,1972.0,Master,Married,49854.0,1.0,0.0,2013-11-10,63.0,123.0,17.0,171.0,39.0,0.0,30.0,5.0,6.0,2.0,5.0,6.0,0.0,0.0,0.0,0.0,0.0,0.0,3.0,11.0,0.0,42.0,2013,11,10
3478.0,1971.0,Phd,Married,60585.0,1.0,1.0,2013-06-24,17.0,267.0,42.0,309.0,55.0,42.0,21.0,6.0,7.0,4.0,9.0,5.0,0.0,0.0,0.0,0.0,0.0,0.0,3.0,11.0,0.0,43.0,2013,6,24
7494.0,1950.0,Phd,Divorced,42873.0,1.0,1.0,2013-01-21,11.0,209.0,0.0,40.0,3.0,2.0,15.0,4.0,6.0,1.0,4.0,8.0,0.0,0.0,0.0,0.0,0.0,0.0,3.0,11.0,0.0,64.0,2013,1,21
1763.0,1988.0,Graduation,Married,87679.0,0.0,0.0,2013-07-27,62.0,1225.0,81.0,556.0,97.0,81.0,33.0,1.0,7.0,10.0,10.0,4.0,0.0,0.0,0.0,0.0,0.0,0.0,3.0,11.0,0.0,26.0,2013,7,27
7250.0,1978.0,Graduation,Married,57867.0,1.0,0.0,2013-10-01,48.0,344.0,35.0,178.0,15.0,23.0,17.0,6.0,7.0,2.0,9.0,6.0,0.0,0.0,0.0,0.0,0.0,0.0,3.0,11.0,0.0,36.0,2013,10,1
2005.0,1990.0,Graduation,Married,35765.0,1.0,0.0,2013-12-11,86.0,22.0,3.0,30.0,0.0,5.0,15.0,2.0,2.0,0.0,4.0,6.0,0.0,0.0,0.0,0.0,0.0,0.0,3.0,11.0,0.0,24.0,2013,12,11
10770.0,1959.0,Graduation,Married,65492.0,0.0,0.0,2014-01-26,73.0,247.0,81.0,295.0,120.5,81.0,47.0,2.0,4.0,7.0,13.0,2.0,0.0,0.0,0.0,0.0,0.0,0.0,3.0,11.0,0.0,55.0,2014,1,26
6885.0,1977.0,Graduation,Divorced,32952.0,1.0,0.0,2013-12-01,36.0,38.0,0.0,12.0,3.0,1.0,1.0,1.0,2.0,0.0,3.0,7.0,0.0,0.0,0.0,0.0,0.0,0.0,3.0,11.0,0.0,37.0,2013,12,1
2072.0,1969.0,Phd,Married,53374.0,0.0,1.0,2012-08-16,34.0,896.0,10.0,101.0,13.0,10.0,34.0,6.0,4.0,2.0,9.0,9.0,0.0,0.0,0.0,0.0,0.0,0.0,3.0,11.0,0.0,45.0,2012,8,16
9463.0,1959.0,Graduation,Married,71706.0,0.0,1.0,2012-11-13,16.0,931.0,56.0,253.0,91.0,81.0,14.0,4.0,9.0,5.0,7.0,5.0,0.0,0.0,0.0,0.0,0.0,0.0,3.0,11.0,0.0,55.0,2012,11,13
6318.0,1988.0,Graduation,Married,68487.0,0.0,0.0,2013-01-13,48.0,758.0,12.0,385.0,33.0,81.0,89.0,1.0,9.0,7.0,13.0,4.0,0.0,0.0,0.0,0.0,0.0,0.0,3.0,11.0,0.0,26.0,2013,1,13
4093.0,1975.0,Master,Married,53253.0,1.0,1.0,2013-02-11,61.0,216.0,9.0,57.0,20.0,9.0,125.0,6.0,4.0,3.0,5.0,5.0,0.0,0.0,0.0,0.0,0.0,0.0,3.0,11.0,0.0,39.0,2013,2,11
5751.0,1973.0,2N Cycle,Divorced,31163.0,1.0,0.0,2014-02-13,54.0,2.0,3.0,10.0,11.0,2.0,10.0,1.0,1.0,0.0,3.0,6.0,0.0,0.0,0.0,0.0,0.0,0.0,3.0,11.0,0.0,41.0,2014,2,13
3340.0,1977.0,Graduation,Married,42014.0,1.0,0.0,2012-08-17,56.0,244.0,15.0,108.0,4.0,15.0,50.0,6.0,7.0,1.0,6.0,8.0,0.0,0.0,0.0,0.0,0.0,0.0,3.0,11.0,0.0,37.0,2012,8,17
3594.0,1973.0,Master,Married,54108.0,1.0,1.0,2012-11-05,74.0,539.0,6.0,91.0,8.0,6.0,97.0,6.0,8.0,2.0,9.0,8.0,0.0,0.0,0.0,0.0,0.0,0.0,3.0,11.0,0.0,41.0,2012,11,5
3584.0,1955.0,Phd,Single,49667.0,0.0,0.0,2012-08-20,35.0,1181.0,26.0,120.0,17.0,13.0,39.0,2.0,5.0,10.0,5.0,8.0,0.0,0.0,0.0,0.0,0.0,0.0,3.0,11.0,0.0,59.0,2012,8,20
3643.0,1974.0,Master,Married,63206.0,0.0,0.0,2014-03-20,65.0,750.0,8.0,125.0,11.0,8.0,26.0,1.0,4.0,3.0,6.0,2.0,0.0,0.0,0.0,0.0,0.0,0.0,3.0,11.0,0.0,40.0,2014,3,20
851.0,1972.0,Master,Married,57136.0,1.0,1.0,2013-07-09,48.0,306.0,5.0,109.0,21.0,81.0,92.0,6.0,5.0,2.0,10.0,6.0,0.0,0.0,0.0,0.0,0.0,0.0,3.0,11.0,0.0,42.0,2013,7,9
7706.0,1975.0,2N Cycle,Married,46772.0,0.0,1.0,2012-11-07,88.0,350.0,81.0,189.0,120.5,81.0,57.0,6.0,11.0,8.0,5.0,8.0,0.0,0.0,0.0,0.0,0.0,0.0,3.0,11.0,0.0,39.0,2012,11,7
3967.0,1971.0,Phd,Married,78931.0,0.0,0.0,2013-10-25,19.0,331.0,81.0,170.0,58.0,81.0,35.0,1.0,2.0,8.0,13.0,1.0,0.0,0.0,0.0,0.0,0.0,0.0,3.0,11.0,0.0,43.0,2013,10,25
10128.0,1958.0,Graduation,Married,53977.0,0.0,1.0,2013-06-08,21.0,620.0,16.0,165.0,0.0,24.0,82.0,5.0,5.0,5.0,12.0,5.0,0.0,0.0,0.0,0.0,0.0,0.0,3.0,11.0,0.0,56.0,2013,6,8
486.0,1988.0,Graduation,Married,84219.0,0.0,0.0,2014-02-02,27.0,434.0,81.0,400.0,45.0,81.0,45.0,1.0,3.0,4.0,10.0,1.0,0.0,0.0,0.0,0.0,0.0,0.0,3.0,11.0,0.0,26.0,2014,2,2
9.0,1975.0,Master,Single,46098.0,1.0,1.0,2012-08-18,86.0,57.0,0.0,27.0,0.0,0.0,36.0,4.0,3.0,2.0,2.0,8.0,0.0,0.0,0.0,0.0,0.0,0.0,3.0,11.0,0.0,39.0,2012,8,18
9451.0,1965.0,Graduation,Married,73538.0,0.0,1.0,2012-11-25,92.0,811.0,76.0,428.0,99.0,81.0,107.0,3.0,10.0,4.0,9.0,7.0,0.0,0.0,0.0,0.0,0.0,0.0,3.0,11.0,0.0,49.0,2012,11,25
9264.0,1986.0,Graduation,Married,79529.0,0.0,0.0,2014-04-27,1.0,423.0,42.0,556.0,73.0,81.0,126.5,1.0,4.0,8.0,9.0,2.0,0.0,0.0,0.0,0.0,0.0,0.0,3.0,11.0,0.0,28.0,2014,4,27
3865.0,1977.0,2N Cycle,Married,20981.0,0.0,0.0,2013-04-30,14.0,2.0,12.0,10.0,6.0,13.0,30.0,1.0,3.0,1.0,2.0,8.0,0.0,0.0,0.0,0.0,0.0,0.0,3.0,11.0,0.0,37.0,2013,4,30
2853.0,1980.0,Graduation,Single,51766.0,1.0,0.0,2014-03-11,74.0,60.0,51.0,87.0,6.0,20.0,51.0,2.0,4.0,2.0,4.0,5.0,0.0,0.0,0.0,0.0,0.0,0.0,3.0,11.0,0.0,34.0,2014,3,11
1490.0,1962.0,Graduation,Married,55759.0,0.0,1.0,2012-11-28,84.0,675.0,0.0,85.0,10.0,7.0,77.0,5.0,10.0,3.0,8.0,8.0,0.0,0.0,0.0,0.0,0.0,0.0,3.0,11.0,0.0,52.0,2012,11,28
6310.0,1978.0,Graduation,Married,33039.0,1.0,0.0,2013-09-09,4.0,30.0,8.0,12.0,8.0,8.0,12.0,1.0,2.0,0.0,4.0,5.0,0.0,0.0,0.0,0.0,0.0,0.0,3.0,11.0,0.0,36.0,2013,9,9
10380.0,1972.0,Master,Married,37787.0,1.0,0.0,2013-09-20,50.0,40.0,1.0,40.0,4.0,3.0,18.0,1.0,3.0,0.0,3.0,8.0,0.0,0.0,0.0,0.0,0.0,0.0,3.0,11.0,0.0,42.0,2013,9,20
3887.0,1970.0,Graduation,Single,27242.0,1.0,0.0,2012-11-11,2.0,3.0,17.0,26.0,20.0,1.0,39.0,2.0,2.0,0.0,3.0,9.0,0.0,0.0,0.0,0.0,0.0,0.0,3.0,11.0,0.0,44.0,2012,11,11
4278.0,1983.0,Phd,Single,87188.0,0.0,0.0,2013-06-03,73.0,910.0,81.0,556.0,49.0,74.0,55.0,1.0,10.0,2.0,6.0,3.0,0.0,0.0,0.0,0.0,0.0,0.0,3.0,11.0,0.0,31.0,2013,6,3
8643.0,1971.0,Graduation,Married,69930.0,0.0,0.0,2013-05-26,21.0,252.0,81.0,556.0,120.5,70.0,126.5,1.0,4.0,5.0,12.0,3.0,0.0,0.0,0.0,0.0,0.0,0.0,3.0,11.0,0.0,43.0,2013,5,26
1998.0,1976.0,Graduation,Single,37697.0,1.0,0.0,2014-02-07,82.0,34.0,6.0,21.0,11.0,4.0,8.0,1.0,2.0,1.0,3.0,6.0,0.0,0.0,0.0,0.0,0.0,0.0,3.0,11.0,0.0,38.0,2014,2,7
10795.0,1973.0,Phd,Married,37401.0,1.0,0.0,2014-05-06,14.0,19.0,3.0,19.0,3.0,1.0,3.0,2.0,2.0,0.0,3.0,7.0,0.0,0.0,0.0,0.0,0.0,0.0,3.0,11.0,0.0,41.0,2014,5,6
11110.0,1973.0,Graduation,Single,3502.0,1.0,0.0,2013-04-13,56.0,2.0,1.0,1.0,0.0,0.0,1.0,0.0,0.0,0.0,0.0,13.0,0.0,0.0,0.0,0.0,0.0,0.0,3.0,11.0,0.0,41.0,2013,4,13
2408.0,1976.0,Graduation,Married,58597.0,1.0,1.0,2012-11-20,20.0,490.0,0.0,184.0,10.0,28.0,21.0,6.0,7.0,4.0,9.0,7.0,0.0,0.0,0.0,0.0,0.0,0.0,3.0,11.0,0.0,38.0,2012,11,20
202.0,1948.0,Phd,Widow,82032.0,0.0,0.0,2014-04-05,54.0,332.0,81.0,377.0,120.5,81.0,57.0,0.0,4.0,6.0,7.0,1.0,0.0,0.0,0.0,0.0,0.0,0.0,3.0,11.0,0.0,66.0,2014,4,5
7998.0,1958.0,Graduation,Married,28087.0,1.0,1.0,2012-12-11,77.0,53.0,8.0,17.0,13.0,0.0,21.0,3.0,2.0,2.0,2.0,7.0,0.0,0.0,0.0,0.0,0.0,0.0,3.0,11.0,0.0,56.0,2012,12,11
830.0,1987.0,Phd,Single,74004.0,0.0,0.0,2014-02-24,5.0,784.0,48.0,556.0,42.0,81.0,48.0,1.0,4.0,6.0,4.0,3.0,0.0,0.0,0.0,0.0,0.0,0.0,3.0,11.0,0.0,27.0,2014,2,24
3536.0,1960.0,Graduation,Married,19740.0,0.0,1.0,2013-03-24,65.0,7.0,11.0,3.0,10.0,4.0,20.0,2.0,1.0,1.0,3.0,5.0,0.0,0.0,0.0,0.0,0.0,0.0,3.0,11.0,0.0,54.0,2013,3,24
6050.0,1975.0,2N Cycle,Married,57036.0,0.0,1.0,2012-12-11,33.0,1171.0,43.0,219.0,19.0,14.0,47.0,4.0,6.0,3.0,13.0,9.0,0.0,0.0,0.0,0.0,0.0,0.0,3.0,11.0,0.0,39.0,2012,12,11
125.0,1958.0,2N Cycle,Married,53083.0,1.0,1.0,2013-05-15,65.0,215.0,7.0,33.0,3.0,0.0,13.0,6.0,5.0,1.0,5.0,7.0,0.0,0.0,0.0,0.0,0.0,0.0,3.0,11.0,0.0,56.0,2013,5,15
3463.0,1975.0,Phd,Married,69283.0,0.0,1.0,2014-06-14,41.0,674.0,62.0,134.0,0.0,26.0,8.0,4.0,7.0,3.0,13.0,5.0,0.0,0.0,0.0,0.0,0.0,0.0,3.0,11.0,0.0,39.0,2014,6,14
2804.0,1975.0,Master,Single,46098.0,1.0,1.0,2012-08-18,86.0,57.0,0.0,27.0,0.0,0.0,36.0,4.0,3.0,2.0,2.0,8.0,0.0,0.0,0.0,0.0,0.0,0.0,3.0,11.0,0.0,39.0,2012,8,18
3745.0,1988.0,2N Cycle,Married,23331.0,1.0,0.0,2012-09-04,92.0,5.0,36.0,7.0,0.0,10.0,45.0,2.0,3.0,0.0,3.0,8.0,0.0,0.0,0.0,0.0,0.0,0.0,3.0,11.0,0.0,26.0,2012,9,4
9771.0,1988.0,2N Cycle,Single,23331.0,1.0,0.0,2012-10-05,97.0,104.0,20.0,101.0,24.0,15.0,5.0,6.0,5.0,1.0,5.0,9.0,0.0,0.0,0.0,0.0,0.0,0.0,3.0,11.0,0.0,26.0,2012,10,5
451.0,1989.0,Graduation,Single,9255.0,1.0,0.0,2013-12-20,91.0,9.0,0.0,7.0,2.0,0.0,4.0,1.0,1.0,1.0,2.0,8.0,0.0,0.0,0.0,0.0,0.0,0.0,3.0,11.0,0.0,25.0,2013,12,20
10530.0,1959.0,Phd,Widow,67786.0,0.0,0.0,2013-12-07,0.0,431.0,81.0,441.0,80.0,20.0,102.0,1.0,3.0,6.0,6.0,1.0,0.0,0.0,0.0,0.0,0.0,0.0,3.0,11.0,0.0,55.0,2013,12,7
1079.0,1971.0,Phd,Married,71969.0,0.0,1.0,2012-10-16,59.0,1000.0,0.0,76.0,0.0,0.0,10.0,3.0,3.0,4.0,9.0,8.0,0.0,0.0,0.0,0.0,0.0,0.0,3.0,11.0,0.0,43.0,2012,10,16
8920.0,1967.0,Master,Single,59235.0,1.0,0.0,2013-01-12,4.0,448.0,40.0,469.0,80.0,0.0,91.0,3.0,11.0,2.0,12.0,7.0,0.0,0.0,0.0,0.0,0.0,0.0,3.0,11.0,0.0,47.0,2013,1,12
6678.0,1989.0,Graduation,Married,31928.0,1.0,0.0,2014-03-28,5.0,33.0,4.0,24.0,4.0,2.0,5.0,2.0,3.0,0.0,4.0,7.0,0.0,0.0,0.0,0.0,0.0,0.0,3.0,11.0,0.0,25.0,2014,3,28
3852.0,1961.0,Master,Married,74881.0,1.0,1.0,2013-03-08,48.0,505.0,72.0,270.0,36.0,27.0,54.0,4.0,9.0,2.0,12.0,5.0,0.0,0.0,0.0,0.0,0.0,0.0,3.0,11.0,0.0,53.0,2013,3,8
528.0,1978.0,Graduation,Married,65819.0,0.0,0.0,2012-11-29,99.0,267.0,38.0,556.0,120.5,81.0,63.0,1.0,5.0,4.0,10.0,3.0,0.0,0.0,0.0,0.0,0.0,0.0,3.0,11.0,0.0,36.0,2012,11,29
73.0,1953.0,Phd,Single,51411.0,1.0,2.0,2013-05-26,81.0,14.0,0.0,3.0,0.0,0.0,1.0,1.0,0.0,0.0,3.0,5.0,0.0,0.0,0.0,0.0,0.0,0.0,3.0,11.0,0.0,61.0,2013,5,26
5589.0,1964.0,Graduation,Divorced,51983.0,0.0,1.0,2012-08-31,95.0,631.0,0.0,115.0,10.0,7.0,30.0,3.0,9.0,2.0,10.0,7.0,0.0,0.0,0.0,0.0,0.0,0.0,3.0,11.0,0.0,50.0,2012,8,31
10212.0,1986.0,Master,Married,42386.0,1.0,0.0,2013-01-13,43.0,65.0,4.0,16.0,0.0,4.0,11.0,1.0,3.0,0.0,3.0,8.0,0.0,0.0,0.0,0.0,0.0,0.0,3.0,11.0,0.0,28.0,2013,1,13
6365.0,1987.0,2N Cycle,Married,30390.0,0.0,0.0,2013-09-02,5.0,10.0,12.0,12.0,25.0,1.0,20.0,1.0,2.0,0.0,3.0,6.0,0.0,0.0,0.0,0.0,0.0,0.0,3.0,11.0,0.0,27.0,2013,9,2
5636.0,1963.0,Graduation,Single,30983.0,0.0,0.0,2012-11-09,50.0,51.0,4.0,50.0,12.0,1.0,49.0,1.0,4.0,0.0,3.0,8.0,0.0,0.0,0.0,0.0,0.0,0.0,3.0,11.0,0.0,51.0,2012,11,9
591.0,1957.0,Graduation,Widow,66033.0,0.0,1.0,2013-01-20,76.0,293.0,35.0,179.0,46.0,59.0,65.0,2.0,8.0,3.0,7.0,7.0,0.0,0.0,0.0,0.0,0.0,0.0,3.0,11.0,0.0,57.0,2013,1,20
2217.0,1975.0,2N Cycle,Married,37284.0,1.0,1.0,2013-03-29,46.0,11.0,1.0,2.0,2.0,1.0,6.0,1.0,0.0,0.0,3.0,6.0,0.0,0.0,0.0,0.0,0.0,0.0,3.0,11.0,0.0,39.0,2013,3,29
2544.0,1951.0,Master,Divorced,57530.0,0.0,1.0,2013-10-12,68.0,50.0,1.0,27.0,6.0,7.0,1.0,1.0,1.0,1.0,4.0,1.0,0.0,0.0,0.0,0.0,0.0,0.0,3.0,11.0,0.0,63.0,2013,10,12
7725.0,1965.0,2N Cycle,Married,76800.0,0.0,0.0,2014-03-08,33.0,173.0,26.0,255.0,35.0,71.0,81.0,1.0,4.0,4.0,7.0,1.0,0.0,0.0,0.0,0.0,0.0,0.0,3.0,11.0,0.0,49.0,2014,3,8
8091.0,1956.0,Graduation,Married,63943.0,0.0,1.0,2012-09-02,50.0,423.0,81.0,368.0,13.0,81.0,21.0,1.0,6.0,4.0,6.0,5.0,0.0,0.0,0.0,0.0,0.0,0.0,3.0,11.0,0.0,58.0,2012,9,2
7321.0,1962.0,Graduation,Married,76081.0,0.0,0.0,2014-05-23,85.0,292.0,30.0,415.0,63.0,33.0,126.5,1.0,4.0,5.0,4.0,2.0,0.0,0.0,0.0,0.0,0.0,0.0,3.0,11.0,0.0,52.0,2014,5,23
5462.0,1974.0,Graduation,Married,67445.0,0.0,1.0,2012-08-12,63.0,757.0,80.0,217.0,29.0,80.0,11.0,5.0,9.0,6.0,12.0,6.0,0.0,0.0,0.0,0.0,0.0,0.0,3.0,11.0,0.0,40.0,2012,8,12
7791.0,1967.0,Master,Married,37054.0,1.0,1.0,2013-09-15,89.0,12.0,1.0,6.0,0.0,1.0,5.0,2.0,1.0,0.0,3.0,7.0,0.0,0.0,0.0,0.0,0.0,0.0,3.0,11.0,0.0,47.0,2013,9,15
955.0,1962.0,Master,Married,47175.0,1.0,1.0,2012-10-28,81.0,167.0,2.0,44.0,6.0,2.0,19.0,6.0,4.0,2.0,4.0,8.0,0.0,0.0,0.0,0.0,0.0,0.0,3.0,11.0,0.0,52.0,2012,10,28
4037.0,1976.0,Graduation,Divorced,31859.0,1.0,0.0,2013-06-14,77.0,3.0,1.0,3.0,8.0,0.0,5.0,1.0,1.0,0.0,2.0,7.0,0.0,0.0,0.0,0.0,0.0,0.0,3.0,11.0,0.0,38.0,2013,6,14
6642.0,1961.0,Graduation,Divorced,27215.0,2.0,1.0,2013-01-23,50.0,30.0,5.0,22.0,8.0,9.0,28.0,4.0,2.0,1.0,4.0,6.0,0.0,0.0,0.0,0.0,0.0,0.0,3.0,11.0,0.0,53.0,2013,1,23
2793.0,1976.0,Phd,Divorced,70179.0,0.0,1.0,2013-07-21,10.0,532.0,81.0,168.0,69.0,44.0,126.5,3.0,7.0,3.0,13.0,5.0,0.0,0.0,0.0,0.0,0.0,0.0,3.0,11.0,0.0,38.0,2013,7,21
5424.0,1983.0,Graduation,Married,39922.0,1.0,0.0,2013-02-14,30.0,29.0,12.0,59.0,19.0,1.0,36.0,2.0,3.0,0.0,4.0,8.0,0.0,0.0,0.0,0.0,0.0,0.0,3.0,11.0,0.0,31.0,2013,2,14
879.0,1976.0,Master,Married,49681.0,0.0,2.0,2013-11-04,66.0,411.0,0.0,26.0,0.0,0.0,21.0,6.0,7.0,1.0,7.0,7.0,0.0,0.0,0.0,0.0,0.0,0.0,3.0,11.0,0.0,38.0,2013,11,4
9530.0,1988.0,Graduation,Married,24645.0,1.0,0.0,2012-11-01,16.0,5.0,3.0,4.0,4.0,1.0,0.0,1.0,1.0,0.0,2.0,8.0,0.0,0.0,0.0,0.0,0.0,0.0,3.0,11.0,0.0,26.0,2012,11,1
4828.0,1954.0,Graduation,Divorced,79865.0,0.0,1.0,2014-06-18,12.0,71.0,81.0,278.0,120.5,81.0,38.0,1.0,5.0,10.0,5.0,1.0,0.0,0.0,0.0,0.0,0.0,0.0,3.0,11.0,0.0,60.0,2014,6,18
10699.0,1985.0,Graduation,Married,44322.0,1.0,0.0,2014-06-16,30.0,46.0,0.0,40.0,3.0,0.0,3.0,2.0,3.0,0.0,3.0,8.0,0.0,0.0,0.0,0.0,0.0,0.0,3.0,11.0,0.0,29.0,2014,6,16
1497.0,1952.0,Graduation,Single,47958.0,0.0,1.0,2013-01-19,8.0,268.0,11.0,88.0,15.0,3.0,22.0,2.0,6.0,3.0,5.0,5.0,0.0,0.0,0.0,0.0,0.0,0.0,3.0,11.0,0.0,62.0,2013,1,19
7476.0,1964.0,Master,Single,63972.0,0.0,1.0,2012-12-02,93.0,928.0,63.0,254.0,0.0,12.0,12.0,4.0,5.0,4.0,10.0,4.0,0.0,0.0,0.0,0.0,0.0,0.0,3.0,11.0,0.0,50.0,2012,12,2
4390.0,1954.0,Graduation,Married,75315.0,0.0,1.0,2014-04-15,14.0,459.0,15.0,171.0,120.5,23.0,31.0,2.0,5.0,4.0,12.0,2.0,0.0,0.0,0.0,0.0,0.0,0.0,3.0,11.0,0.0,60.0,2014,4,15
10478.0,1950.0,Phd,Married,55517.0,1.0,1.0,2012-09-27,53.0,483.0,0.0,108.0,0.0,6.0,36.0,5.0,11.0,1.0,6.0,9.0,0.0,0.0,0.0,0.0,0.0,0.0,3.0,11.0,0.0,64.0,2012,9,27
1081.0,1957.0,Phd,Married,75283.0,1.0,2.0,2013-03-27,26.0,733.0,9.0,180.0,12.0,19.0,66.0,6.0,6.0,3.0,5.0,4.0,0.0,0.0,0.0,0.0,0.0,0.0,3.0,11.0,0.0,57.0,2013,3,27
4261.0,1946.0,Phd,Single,82800.0,0.0,0.0,2012-11-24,23.0,1006.0,22.0,115.0,59.0,68.0,45.0,1.0,7.0,6.0,12.0,3.0,0.0,0.0,0.0,0.0,0.0,0.0,3.0,11.0,0.0,68.0,2012,11,24
9916.0,1954.0,Graduation,Married,38998.0,1.0,1.0,2012-11-03,92.0,34.0,1.0,14.0,0.0,0.0,5.0,3.0,2.0,0.0,3.0,8.0,0.0,0.0,0.0,0.0,0.0,0.0,3.0,11.0,0.0,60.0,2012,11,3
5350.0,1991.0,Master,Single,90638.0,0.0,0.0,2014-02-13,29.0,1156.0,81.0,556.0,94.0,81.0,96.0,1.0,3.0,4.0,10.0,1.0,0.0,0.0,0.0,0.0,0.0,0.0,3.0,11.0,0.0,23.0,2014,2,13
8135.0,1986.0,Master,Married,27161.0,1.0,0.0,2013-10-28,41.0,7.0,4.0,23.0,7.0,0.0,11.0,1.0,1.0,0.0,3.0,7.0,0.0,0.0,0.0,0.0,0.0,0.0,3.0,11.0,0.0,28.0,2013,10,28
8685.0,1977.0,Graduation,Married,42014.0,1.0,0.0,2012-08-17,56.0,244.0,15.0,108.0,4.0,15.0,50.0,6.0,7.0,1.0,6.0,8.0,0.0,0.0,0.0,0.0,0.0,0.0,3.0,11.0,0.0,37.0,2012,8,17
4967.0,1960.0,Phd,Married,38201.0,0.0,1.0,2013-03-29,19.0,233.0,0.0,23.0,0.0,0.0,12.0,4.0,5.0,1.0,5.0,8.0,0.0,0.0,0.0,0.0,0.0,0.0,3.0,11.0,0.0,54.0,2013,3,29
2130.0,1982.0,Graduation,Married,45203.0,2.0,0.0,2014-03-23,4.0,35.0,3.0,67.0,10.0,8.0,24.0,1.0,3.0,1.0,3.0,6.0,0.0,0.0,0.0,0.0,0.0,0.0,3.0,11.0,0.0,32.0,2014,3,23
9298.0,1947.0,Phd,Married,81574.0,0.0,0.0,2014-04-28,89.0,1225.0,0.0,465.0,46.0,35.0,0.0,1.0,4.0,5.0,8.0,1.0,0.0,0.0,0.0,0.0,0.0,0.0,3.0,11.0,0.0,67.0,2014,4,28
8175.0,1992.0,Graduation,Married,34935.0,0.0,0.0,2013-06-21,71.0,34.0,4.0,66.0,3.0,10.0,20.0,1.0,2.0,1.0,4.0,7.0,0.0,0.0,0.0,0.0,0.0,0.0,3.0,11.0,0.0,22.0,2013,6,21
6257.0,1976.0,Master,Single,60482.0,0.0,1.0,2013-01-23,81.0,255.0,43.0,134.0,37.0,14.0,24.0,1.0,7.0,2.0,7.0,7.0,0.0,0.0,0.0,0.0,0.0,0.0,3.0,11.0,0.0,38.0,2013,1,23
3790.0,1956.0,Graduation,Married,34633.0,2.0,1.0,2014-01-23,31.0,8.0,1.0,5.0,0.0,0.0,1.0,1.0,1.0,0.0,2.0,6.0,0.0,0.0,0.0,0.0,0.0,0.0,3.0,11.0,0.0,58.0,2014,1,23
9952.0,1947.0,Master,Married,78093.0,0.0,0.0,2013-12-11,53.0,368.0,32.0,556.0,13.0,43.0,10.0,1.0,4.0,7.0,5.0,1.0,0.0,0.0,0.0,0.0,0.0,0.0,3.0,11.0,0.0,67.0,2013,12,11
3503.0,1950.0,Graduation,Divorced,82460.0,0.0,0.0,2013-12-02,78.0,255.0,47.0,556.0,52.0,32.0,15.0,1.0,5.0,3.0,6.0,1.0,0.0,0.0,0.0,0.0,0.0,0.0,3.0,11.0,0.0,64.0,2013,12,2
5223.0,1966.0,Master,Married,45903.0,0.0,1.0,2014-04-23,80.0,33.0,8.0,10.0,2.0,10.0,3.0,2.0,2.0,1.0,3.0,4.0,0.0,0.0,0.0,0.0,0.0,0.0,3.0,11.0,0.0,48.0,2014,4,23
4608.0,1987.0,Graduation,Divorced,81361.0,0.0,0.0,2014-02-25,18.0,163.0,23.0,424.0,27.0,65.0,76.0,1.0,3.0,10.0,13.0,1.0,0.0,0.0,0.0,0.0,0.0,0.0,3.0,11.0,0.0,27.0,2014,2,25
1626.0,1973.0,Phd,Divorced,35860.0,1.0,1.0,2014-05-19,37.0,15.0,0.0,8.0,4.0,2.0,20.0,2.0,1.0,1.0,2.0,5.0,0.0,0.0,0.0,0.0,0.0,0.0,3.0,11.0,0.0,41.0,2014,5,19
4764.0,1952.0,Master,Married,40442.0,1.0,1.0,2012-08-19,52.0,45.0,12.0,52.0,25.0,22.0,13.0,4.0,3.0,1.0,4.0,7.0,0.0,0.0,0.0,0.0,0.0,0.0,3.0,11.0,0.0,62.0,2012,8,19
2471.0,1965.0,Graduation,Married,61482.0,0.0,0.0,2014-06-27,39.0,48.0,58.0,68.0,16.0,66.0,43.0,1.0,3.0,2.0,6.0,2.0,0.0,0.0,0.0,0.0,0.0,0.0,3.0,11.0,0.0,49.0,2014,6,27
5892.0,1980.0,Graduation,Married,34968.0,1.0,0.0,2013-04-10,11.0,158.0,6.0,45.0,8.0,2.0,2.0,6.0,3.0,2.0,5.0,7.0,0.0,0.0,0.0,0.0,0.0,0.0,3.0,11.0,0.0,34.0,2013,4,10
2612.0,1987.0,Graduation,Married,75794.0,0.0,0.0,2013-12-24,33.0,754.0,81.0,556.0,63.0,32.0,48.0,1.0,7.0,5.0,12.0,3.0,0.0,0.0,0.0,0.0,0.0,0.0,3.0,11.0,0.0,27.0,2013,12,24
4971.0,1962.0,Phd,Married,31497.0,0.0,1.0,2012-12-06,22.0,108.0,1.0,28.0,13.0,1.0,4.0,2.0,3.0,1.0,4.0,8.0,0.0,0.0,0.0,0.0,0.0,0.0,3.0,11.0,0.0,52.0,2012,12,6
5185.0,1955.0,Graduation,Married,74268.0,0.0,0.0,2013-02-14,83.0,199.0,66.0,315.0,97.0,81.0,41.0,1.0,4.0,3.0,5.0,2.0,0.0,0.0,0.0,0.0,0.0,0.0,3.0,11.0,0.0,59.0,2013,2,14
10069.0,1988.0,Basic,Married,13724.0,1.0,0.0,2012-08-31,43.0,2.0,7.0,5.0,2.0,15.0,27.0,1.0,2.0,0.0,2.0,9.0,0.0,0.0,0.0,0.0,0.0,0.0,3.0,11.0,0.0,26.0,2012,8,31
2262.0,1965.0,Master,Married,45143.0,0.0,1.0,2013-08-26,74.0,202.0,5.0,74.0,11.0,5.0,14.0,3.0,6.0,1.0,5.0,7.0,0.0,0.0,0.0,0.0,0.0,0.0,3.0,11.0,0.0,49.0,2013,8,26
1131.0,1967.0,Phd,Single,52569.0,0.0,1.0,2014-04-05,54.0,85.0,0.0,3.0,0.0,0.0,7.0,1.0,2.0,0.0,4.0,3.0,0.0,0.0,0.0,0.0,0.0,0.0,3.0,11.0,0.0,47.0,2014,4,5
1041.0,1973.0,Phd,Single,48432.0,0.0,1.0,2012-10-18,3.0,322.0,3.0,50.0,4.0,3.0,42.0,5.0,7.0,1.0,6.0,8.0,0.0,0.0,0.0,0.0,0.0,0.0,3.0,11.0,0.0,41.0,2012,10,18
24.0,1960.0,Master,Married,17144.0,1.0,1.0,2014-02-15,96.0,18.0,2.0,19.0,0.0,2.0,6.0,5.0,3.0,0.0,4.0,7.0,0.0,0.0,0.0,0.0,0.0,0.0,3.0,11.0,0.0,54.0,2014,2,15
3409.0,1984.0,Graduation,Single,36108.0,1.0,0.0,2013-10-15,68.0,141.0,8.0,129.0,3.0,11.0,47.0,3.0,7.0,1.0,4.0,9.0,0.0,0.0,0.0,0.0,0.0,0.0,3.0,11.0,0.0,30.0,2013,10,15
7022.0,1971.0,Graduation,Married,76445.0,1.0,0.0,2012-09-28,2.0,739.0,81.0,309.0,120.5,80.0,35.0,1.0,2.0,5.0,13.0,6.0,0.0,0.0,0.0,0.0,0.0,0.0,3.0,11.0,0.0,43.0,2012,9,28
7943.0,1975.0,Phd,Married,36663.0,1.0,0.0,2014-04-25,40.0,18.0,0.0,6.0,3.0,3.0,5.0,1.0,1.0,1.0,3.0,2.0,0.0,0.0,0.0,0.0,0.0,0.0,3.0,11.0,0.0,39.0,2014,4,25
5272.0,1965.0,Master,Married,53843.0,0.0,1.0,2013-06-27,64.0,378.0,0.0,88.0,19.0,4.0,73.0,4.0,8.0,5.0,3.0,7.0,0.0,0.0,0.0,0.0,0.0,0.0,3.0,11.0,0.0,49.0,2013,6,27
5453.0,1956.0,Master,Married,90226.0,0.0,0.0,2012-09-26,26.0,1083.0,81.0,556.0,120.5,81.0,108.0,1.0,4.0,7.0,12.0,2.0,0.0,0.0,0.0,0.0,0.0,0.0,3.0,11.0,0.0,58.0,2012,9,26
2565.0,1955.0,Master,Divorced,70638.0,0.0,0.0,2013-06-01,69.0,1016.0,12.0,215.0,16.0,12.0,63.0,1.0,4.0,5.0,10.0,3.0,0.0,0.0,0.0,0.0,0.0,0.0,3.0,11.0,0.0,59.0,2013,6,1
800.0,1960.0,Graduation,Married,44512.0,1.0,1.0,2013-08-30,57.0,23.0,1.0,6.0,0.0,0.0,2.0,2.0,1.0,0.0,3.0,4.0,0.0,0.0,0.0,0.0,0.0,0.0,3.0,11.0,0.0,54.0,2013,8,30
11092.0,1961.0,Graduation,Married,27116.0,1.0,1.0,2014-03-02,78.0,12.0,1.0,21.0,2.0,2.0,3.0,2.0,2.0,0.0,3.0,7.0,0.0,0.0,0.0,0.0,0.0,0.0,3.0,11.0,0.0,53.0,2014,3,2
5062.0,1963.0,Phd,Married,54072.0,1.0,1.0,2013-07-27,71.0,35.0,0.0,4.0,0.0,0.0,0.0,1.0,2.0,0.0,2.0,8.0,0.0,0.0,0.0,0.0,0.0,0.0,3.0,11.0,0.0,51.0,2013,7,27
8969.0,1977.0,Graduation,Married,71855.0,0.0,1.0,2013-01-16,59.0,548.0,31.0,422.0,0.0,81.0,28.0,4.0,5.0,5.0,11.0,3.0,0.0,0.0,0.0,0.0,0.0,0.0,3.0,11.0,0.0,37.0,2013,1,16
4656.0,1990.0,2N Cycle,Single,51250.0,1.0,0.0,2013-03-30,28.0,342.0,32.0,230.0,34.0,32.0,40.0,5.0,10.0,5.0,4.0,9.0,0.0,0.0,0.0,0.0,0.0,0.0,3.0,11.0,0.0,24.0,2013,3,30
4480.0,1973.0,Master,Married,60432.0,0.0,1.0,2014-03-09,61.0,365.0,3.0,15.0,4.0,3.0,11.0,5.0,7.0,2.0,5.0,6.0,0.0,0.0,0.0,0.0,0.0,0.0,3.0,11.0,0.0,41.0,2014,3,9
9971.0,1964.0,Phd,Married,65526.0,0.0,1.0,2014-04-11,22.0,397.0,19.0,69.0,12.0,0.0,9.0,1.0,4.0,4.0,8.0,2.0,0.0,0.0,0.0,0.0,0.0,0.0,3.0,11.0,0.0,50.0,2014,4,11
6729.0,1988.0,Graduation,Single,68655.0,0.0,0.0,2012-08-10,95.0,456.0,19.0,556.0,75.0,81.0,38.0,1.0,4.0,5.0,11.0,3.0,0.0,0.0,0.0,0.0,0.0,0.0,3.0,11.0,0.0,26.0,2012,8,10
1773.0,1978.0,2N Cycle,Married,12393.0,0.0,0.0,2012-12-04,38.0,5.0,6.0,15.0,11.0,7.0,13.0,1.0,2.0,0.0,3.0,9.0,0.0,0.0,0.0,0.0,0.0,0.0,3.0,11.0,0.0,36.0,2012,12,4
9242.0,1990.0,Graduation,Single,64509.0,0.0,0.0,2013-08-17,19.0,836.0,81.0,556.0,24.0,25.0,77.0,1.0,6.0,3.0,9.0,4.0,0.0,0.0,0.0,0.0,0.0,0.0,3.0,11.0,0.0,24.0,2013,8,17
1764.0,1975.0,Graduation,Single,33955.0,1.0,0.0,2013-08-09,92.0,100.0,2.0,128.0,23.0,7.0,10.0,4.0,5.0,1.0,5.0,8.0,0.0,0.0,0.0,0.0,0.0,0.0,3.0,11.0,0.0,39.0,2013,8,9
6215.0,1977.0,Graduation,Married,31353.0,1.0,1.0,2013-12-29,24.0,10.0,0.0,10.0,3.0,1.0,7.0,2.0,1.0,1.0,2.0,8.0,0.0,0.0,0.0,0.0,0.0,0.0,3.0,11.0,0.0,37.0,2013,12,29
10099.0,1984.0,Graduation,Married,55434.0,1.0,0.0,2013-10-05,21.0,238.0,81.0,215.0,120.5,69.0,76.0,3.0,5.0,3.0,13.0,4.0,0.0,0.0,0.0,0.0,0.0,0.0,3.0,11.0,0.0,30.0,2013,10,5
5423.0,1983.0,Graduation,Married,28359.0,1.0,0.0,2013-10-27,35.0,6.0,0.0,5.0,2.0,1.0,2.0,1.0,1.0,0.0,2.0,7.0,0.0,0.0,0.0,0.0,0.0,0.0,3.0,11.0,0.0,31.0,2013,10,27
940.0,1987.0,Graduation,Single,57100.0,1.0,0.0,2014-05-18,9.0,158.0,11.0,99.0,15.0,11.0,17.0,2.0,3.0,2.0,7.0,3.0,0.0,0.0,0.0,0.0,0.0,0.0,3.0,11.0,0.0,27.0,2014,5,18
3011.0,1965.0,Graduation,Married,69139.0,0.0,1.0,2014-01-27,23.0,86.0,12.0,75.0,33.0,15.0,6.0,1.0,4.0,1.0,5.0,4.0,0.0,0.0,0.0,0.0,0.0,0.0,3.0,11.0,0.0,49.0,2014,1,27
3298.0,1956.0,Master,Married,52973.0,0.0,1.0,2012-11-08,92.0,856.0,0.0,76.0,12.0,9.0,126.5,6.0,9.0,6.0,9.0,8.0,0.0,0.0,0.0,0.0,0.0,0.0,3.0,11.0,0.0,58.0,2012,11,8
8286.0,1965.0,Phd,Married,51717.0,0.0,1.0,2013-08-20,55.0,98.0,1.0,17.0,0.0,1.0,5.0,1.0,3.0,0.0,4.0,7.0,0.0,0.0,0.0,0.0,0.0,0.0,3.0,11.0,0.0,49.0,2013,8,20
9668.0,1971.0,Graduation,Married,18793.0,1.0,0.0,2013-01-12,14.0,4.0,16.0,20.0,0.0,17.0,20.0,3.0,2.0,0.0,4.0,8.0,0.0,0.0,0.0,0.0,0.0,0.0,3.0,11.0,0.0,43.0,2013,1,12
5120.0,1982.0,2N Cycle,Married,66664.0,0.0,0.0,2012-09-25,78.0,398.0,81.0,447.0,120.5,81.0,32.0,1.0,5.0,7.0,6.0,3.0,0.0,0.0,0.0,0.0,0.0,0.0,3.0,11.0,0.0,32.0,2012,9,25
6097.0,1959.0,Graduation,Single,50664.0,1.0,1.0,2013-01-16,64.0,313.0,8.0,104.0,6.0,4.0,126.0,6.0,8.0,1.0,6.0,9.0,0.0,0.0,0.0,0.0,0.0,0.0,3.0,11.0,0.0,55.0,2013,1,16
7019.0,1963.0,Graduation,Married,54414.0,1.0,1.0,2013-01-23,49.0,109.0,18.0,16.0,24.0,26.0,18.0,4.0,3.0,1.0,5.0,4.0,0.0,0.0,0.0,0.0,0.0,0.0,3.0,11.0,0.0,51.0,2013,1,23
7408.0,1952.0,Phd,Married,54549.0,0.0,1.0,2014-03-03,8.0,216.0,2.0,6.0,0.0,0.0,9.0,2.0,5.0,1.0,4.0,7.0,0.0,0.0,0.0,0.0,0.0,0.0,3.0,11.0,0.0,62.0,2014,3,3
8041.0,1971.0,Phd,Widow,47111.0,0.0,1.0,2012-09-08,35.0,595.0,71.0,153.0,120.0,81.0,41.0,6.0,3.0,2.0,10.0,9.0,0.0,0.0,0.0,0.0,0.0,0.0,3.0,11.0,0.0,43.0,2012,9,8
252.0,1963.0,Phd,Divorced,41003.0,0.0,0.0,2013-03-17,11.0,123.0,81.0,142.0,71.0,44.0,88.0,1.0,6.0,2.0,8.0,6.0,0.0,0.0,0.0,0.0,0.0,0.0,3.0,11.0,0.0,51.0,2013,3,17
9986.0,1982.0,Graduation,Married,19444.0,1.0,0.0,2014-02-22,8.0,16.0,0.0,23.0,3.0,2.0,10.0,3.0,4.0,1.0,2.0,7.0,0.0,0.0,0.0,0.0,0.0,0.0,3.0,11.0,0.0,32.0,2014,2,22
3276.0,1976.0,2N Cycle,Married,36301.0,1.0,0.0,2013-10-25,53.0,11.0,12.0,35.0,3.0,5.0,12.0,1.0,3.0,0.0,3.0,7.0,0.0,0.0,0.0,0.0,0.0,0.0,3.0,11.0,0.0,38.0,2013,10,25
3859.0,1947.0,Phd,Married,73059.0,0.0,1.0,2013-08-31,36.0,410.0,81.0,420.0,0.0,81.0,71.0,1.0,9.0,3.0,13.0,4.0,0.0,0.0,0.0,0.0,0.0,0.0,3.0,11.0,0.0,67.0,2013,8,31
3570.0,1969.0,Phd,Married,42731.0,1.0,0.0,2013-10-21,64.0,159.0,2.0,51.0,6.0,2.0,24.0,3.0,4.0,1.0,5.0,5.0,0.0,0.0,0.0,0.0,0.0,0.0,3.0,11.0,0.0,45.0,2013,10,21
3783.0,1959.0,Phd,Married,52854.0,1.0,1.0,2014-03-24,43.0,105.0,0.0,10.0,0.0,1.0,0.0,2.0,2.0,1.0,4.0,5.0,0.0,0.0,0.0,0.0,0.0,0.0,3.0,11.0,0.0,55.0,2014,3,24
10207.0,1978.0,Graduation,Married,22775.0,1.0,0.0,2013-06-19,40.0,5.0,1.0,8.0,0.0,0.0,1.0,1.0,1.0,0.0,2.0,8.0,0.0,0.0,0.0,0.0,0.0,0.0,3.0,11.0,0.0,36.0,2013,6,19
10906.0,1948.0,Phd,Married,46681.0,0.0,2.0,2013-10-08,52.0,269.0,15.0,69.0,15.0,19.0,38.0,2.0,4.0,6.0,4.0,5.0,0.0,0.0,0.0,0.0,0.0,0.0,3.0,11.0,0.0,66.0,2013,10,8
3427.0,1955.0,Phd,Married,59821.0,0.0,1.0,2013-04-12,11.0,629.0,0.0,70.0,0.0,0.0,35.0,6.0,11.0,2.0,7.0,8.0,0.0,0.0,0.0,0.0,0.0,0.0,3.0,11.0,0.0,59.0,2013,4,12
5209.0,1954.0,Graduation,Divorced,50002.0,0.0,1.0,2013-06-17,21.0,443.0,5.0,71.0,21.0,16.0,82.0,2.0,8.0,2.0,7.0,7.0,0.0,0.0,0.0,0.0,0.0,0.0,3.0,11.0,0.0,60.0,2013,6,17
10711.0,1945.0,Graduation,Married,69755.0,0.0,0.0,2013-10-02,23.0,217.0,77.0,373.0,111.0,23.0,93.0,1.0,3.0,6.0,12.0,1.0,0.0,0.0,0.0,0.0,0.0,0.0,3.0,11.0,0.0,69.0,2013,10,2
10785.0,1969.0,Graduation,Married,44078.0,1.0,1.0,2014-06-19,17.0,24.0,1.0,10.0,2.0,0.0,4.0,2.0,2.0,0.0,3.0,5.0,0.0,0.0,0.0,0.0,0.0,0.0,3.0,11.0,0.0,45.0,2014,6,19
2814.0,1976.0,Master,Married,30560.0,1.0,0.0,2013-06-27,6.0,9.0,1.0,5.0,4.0,5.0,7.0,1.0,1.0,0.0,3.0,7.0,0.0,0.0,0.0,0.0,0.0,0.0,3.0,11.0,0.0,38.0,2013,6,27
6866.0,1969.0,Master,Married,35924.0,1.0,1.0,2014-03-23,56.0,8.0,0.0,14.0,2.0,3.0,7.0,1.0,1.0,0.0,3.0,5.0,0.0,0.0,0.0,0.0,0.0,0.0,3.0,11.0,0.0,45.0,2014,3,23
1665.0,1964.0,Phd,Divorced,64140.0,0.0,2.0,2013-09-23,71.0,1225.0,0.0,61.0,0.0,15.0,126.5,5.0,2.0,5.0,6.0,5.0,0.0,0.0,0.0,0.0,0.0,0.0,3.0,11.0,0.0,50.0,2013,9,23
6575.0,1981.0,Graduation,Married,56386.0,1.0,1.0,2012-10-27,51.0,230.0,48.0,214.0,13.0,32.0,75.0,6.0,9.0,1.0,7.0,9.0,0.0,0.0,0.0,0.0,0.0,0.0,3.0,11.0,0.0,33.0,2012,10,27
3829.0,1979.0,Basic,Married,24594.0,1.0,0.0,2013-12-10,94.0,1.0,3.0,6.0,10.0,0.0,9.0,1.0,1.0,0.0,3.0,5.0,0.0,0.0,0.0,0.0,0.0,0.0,3.0,11.0,0.0,35.0,2013,12,10
3091.0,1981.0,2N Cycle,Married,75774.0,1.0,0.0,2014-05-02,27.0,340.0,21.0,134.0,120.5,14.0,56.0,1.0,7.0,5.0,8.0,4.0,0.0,0.0,0.0,0.0,0.0,0.0,3.0,11.0,0.0,33.0,2014,5,2
10141.0,1960.0,Master,Divorced,39228.0,0.0,0.0,2013-05-10,1.0,7.0,1.0,6.0,0.0,3.0,3.0,1.0,0.0,0.0,3.0,4.0,0.0,0.0,0.0,0.0,0.0,0.0,3.0,11.0,0.0,54.0,2013,5,10
5177.0,1974.0,Master,Married,58494.0,0.0,1.0,2013-12-12,56.0,298.0,7.0,68.0,4.0,0.0,19.0,2.0,6.0,2.0,6.0,6.0,0.0,0.0,0.0,0.0,0.0,0.0,3.0,11.0,0.0,40.0,2013,12,12
7005.0,1981.0,Graduation,Single,58684.0,0.0,0.0,2014-06-16,71.0,479.0,35.0,179.0,28.0,7.0,85.0,1.0,5.0,3.0,12.0,2.0,0.0,0.0,0.0,0.0,0.0,0.0,3.0,11.0,0.0,33.0,2014,6,16
6409.0,1967.0,Graduation,Divorced,57136.0,0.0,0.0,2013-05-18,18.0,267.0,81.0,556.0,34.0,12.0,126.5,1.0,7.0,5.0,7.0,6.0,0.0,0.0,0.0,0.0,0.0,0.0,3.0,11.0,0.0,47.0,2013,5,18
7485.0,1950.0,Phd,Widow,56551.0,1.0,1.0,2014-05-07,48.0,67.0,4.0,32.0,17.0,2.0,16.0,3.0,2.0,1.0,4.0,4.0,0.0,0.0,0.0,0.0,0.0,0.0,3.0,11.0,0.0,64.0,2014,5,7
8079.0,1982.0,Graduation,Married,22448.0,1.0,0.0,2014-02-26,86.0,3.0,1.0,8.0,23.0,2.0,18.0,3.0,2.0,1.0,3.0,3.0,0.0,0.0,0.0,0.0,0.0,0.0,3.0,11.0,0.0,32.0,2014,2,26
8395.0,1961.0,Graduation,Single,82014.0,0.0,0.0,2012-08-20,48.0,980.0,37.0,265.0,35.0,81.0,31.0,1.0,3.0,6.0,12.0,6.0,0.0,0.0,0.0,0.0,0.0,0.0,3.0,11.0,0.0,53.0,2012,8,20
10352.0,1963.0,Graduation,Widow,34213.0,1.0,1.0,2012-09-07,2.0,50.0,4.0,28.0,6.0,3.0,26.0,3.0,3.0,1.0,2.0,9.0,0.0,0.0,0.0,0.0,0.0,0.0,3.0,11.0,0.0,51.0,2012,9,7
4931.0,1977.0,Graduation,Married,117416.25,0.0,0.0,2013-04-29,13.0,1.0,0.0,556.0,2.0,1.0,1.0,0.0,0.0,10.0,0.0,1.0,0.0,0.0,0.0,0.0,0.0,0.0,3.0,11.0,0.0,37.0,2013,4,29
13.0,1947.0,Phd,Widow,25358.0,0.0,1.0,2013-07-22,57.0,19.0,0.0,5.0,0.0,0.0,8.0,2.0,1.0,0.0,3.0,6.0,0.0,0.0,0.0,0.0,0.0,0.0,3.0,11.0,0.0,67.0,2013,7,22
1834.0,1978.0,Master,Single,35544.0,1.0,0.0,2014-03-08,77.0,30.0,5.0,23.0,4.0,1.0,4.0,1.0,2.0,0.0,3.0,7.0,0.0,0.0,0.0,0.0,0.0,0.0,3.0,11.0,0.0,36.0,2014,3,8
2285.0,1954.0,Master,Married,36634.0,0.0,1.0,2013-05-28,0.0,213.0,9.0,76.0,4.0,3.0,30.0,3.0,5.0,2.0,5.0,7.0,0.0,0.0,0.0,0.0,0.0,0.0,3.0,11.0,0.0,60.0,2013,5,28
2295.0,1954.0,Phd,Married,62670.0,0.0,1.0,2014-02-02,57.0,539.0,30.0,92.0,80.0,46.0,38.0,1.0,5.0,3.0,13.0,3.0,0.0,0.0,0.0,0.0,0.0,0.0,3.0,11.0,0.0,60.0,2014,2,2
1378.0,1972.0,2N Cycle,Married,50334.0,0.0,1.0,2013-07-24,24.0,284.0,16.0,160.0,84.0,16.0,126.5,6.0,7.0,4.0,6.0,6.0,0.0,0.0,0.0,0.0,0.0,0.0,3.0,11.0,0.0,42.0,2013,7,24
2781.0,1981.0,Graduation,Single,72066.0,0.0,0.0,2014-06-23,55.0,1003.0,34.0,536.0,120.5,51.0,34.0,1.0,4.0,6.0,6.0,2.0,0.0,0.0,0.0,0.0,0.0,0.0,3.0,11.0,0.0,33.0,2014,6,23
1165.0,1958.0,Phd,Single,50729.0,1.0,1.0,2013-05-02,62.0,239.0,13.0,143.0,45.0,4.0,52.0,6.0,6.0,2.0,7.0,6.0,0.0,0.0,0.0,0.0,0.0,0.0,3.0,11.0,0.0,56.0,2013,5,2
1404.0,1968.0,Graduation,Married,34916.0,2.0,0.0,2013-05-15,89.0,51.0,23.0,82.0,33.0,0.0,42.0,4.0,5.0,1.0,3.0,9.0,0.0,0.0,0.0,0.0,0.0,0.0,3.0,11.0,0.0,46.0,2013,5,15
6457.0,1976.0,Graduation,Divorced,64892.0,0.0,1.0,2014-05-29,77.0,527.0,24.0,230.0,32.0,24.0,65.0,2.0,6.0,4.0,12.0,4.0,0.0,0.0,0.0,0.0,0.0,0.0,3.0,11.0,0.0,38.0,2014,5,29
2639.0,1966.0,Graduation,Single,43602.0,1.0,1.0,2014-01-10,45.0,19.0,5.0,12.0,10.0,3.0,19.0,3.0,3.0,1.0,2.0,6.0,0.0,0.0,0.0,0.0,0.0,0.0,3.0,11.0,0.0,48.0,2014,1,10
8299.0,1989.0,Phd,Single,33996.0,0.0,0.0,2013-09-11,46.0,40.0,2.0,15.0,8.0,0.0,6.0,1.0,1.0,1.0,3.0,4.0,0.0,0.0,0.0,0.0,0.0,0.0,3.0,11.0,0.0,25.0,2013,9,11
6437.0,1985.0,2N Cycle,Single,41473.0,1.0,0.0,2013-06-19,80.0,21.0,8.0,20.0,15.0,3.0,9.0,1.0,2.0,0.0,3.0,7.0,0.0,0.0,0.0,0.0,0.0,0.0,3.0,11.0,0.0,29.0,2013,6,19
6912.0,1967.0,Phd,Married,63246.0,0.0,2.0,2013-08-20,60.0,593.0,30.0,91.0,29.0,22.0,7.0,1.0,6.0,3.0,12.0,4.0,0.0,0.0,0.0,0.0,0.0,0.0,3.0,11.0,0.0,47.0,2013,8,20
7327.0,1959.0,Phd,Married,36732.0,1.0,1.0,2013-12-29,71.0,21.0,5.0,3.0,10.0,1.0,7.0,3.0,1.0,1.0,4.0,2.0,0.0,0.0,0.0,0.0,0.0,0.0,3.0,11.0,0.0,55.0,2013,12,29
5299.0,1970.0,Phd,Married,69084.0,1.0,0.0,2013-11-19,43.0,1181.0,81.0,199.0,39.0,30.0,30.0,2.0,7.0,3.0,13.0,8.0,0.0,0.0,0.0,0.0,0.0,0.0,3.0,11.0,0.0,44.0,2013,11,19
4127.0,1967.0,Phd,Married,77766.0,0.0,1.0,2013-02-22,97.0,1004.0,59.0,265.0,115.0,59.0,27.0,2.0,11.0,10.0,11.0,6.0,0.0,0.0,0.0,0.0,0.0,0.0,3.0,11.0,0.0,47.0,2013,2,22
8143.0,1985.0,Phd,Single,37929.0,0.0,0.0,2013-07-30,49.0,202.0,2.0,46.0,3.0,2.0,10.0,2.0,4.0,2.0,5.0,7.0,0.0,0.0,0.0,0.0,0.0,0.0,3.0,11.0,0.0,29.0,2013,7,30
1964.0,1951.0,Graduation,Married,86610.0,0.0,0.0,2013-09-05,66.0,446.0,81.0,556.0,33.0,81.0,53.0,1.0,5.0,6.0,6.0,2.0,0.0,0.0,0.0,0.0,0.0,0.0,3.0,11.0,0.0,63.0,2013,9,5
3690.0,1986.0,Master,Married,80141.0,0.0,0.0,2013-01-11,20.0,1184.0,81.0,556.0,52.0,40.0,40.0,1.0,7.0,4.0,10.0,6.0,0.0,0.0,0.0,0.0,0.0,0.0,3.0,11.0,0.0,28.0,2013,1,11
3433.0,1955.0,2N Cycle,Married,72635.0,0.0,0.0,2013-06-03,54.0,390.0,22.0,323.0,104.0,35.0,107.0,1.0,6.0,8.0,6.0,3.0,0.0,0.0,0.0,0.0,0.0,0.0,3.0,11.0,0.0,59.0,2013,6,3
3389.0,1970.0,Graduation,Married,69016.0,0.0,1.0,2012-11-22,61.0,726.0,53.0,363.0,120.5,81.0,126.5,4.0,8.0,9.0,13.0,5.0,0.0,0.0,0.0,0.0,0.0,0.0,3.0,11.0,0.0,44.0,2012,11,22
4712.0,1991.0,2N Cycle,Married,20193.0,0.0,0.0,2012-11-28,18.0,8.0,8.0,22.0,24.0,11.0,9.0,1.0,1.0,1.0,4.0,4.0,0.0,0.0,0.0,0.0,0.0,0.0,3.0,11.0,0.0,23.0,2012,11,28
1170.0,1975.0,Graduation,Married,27573.0,1.0,0.0,2013-03-25,45.0,50.0,15.0,110.0,39.0,15.0,15.0,4.0,5.0,1.0,4.0,8.0,0.0,0.0,0.0,0.0,0.0,0.0,3.0,11.0,0.0,39.0,2013,3,25
6347.0,1979.0,Basic,Single,15862.0,1.0,0.0,2013-06-27,26.0,1.0,1.0,4.0,11.0,9.0,10.0,1.0,1.0,0.0,3.0,8.0,0.0,0.0,0.0,0.0,0.0,0.0,3.0,11.0,0.0,35.0,2013,6,27
4065.0,1976.0,Phd,Married,49544.0,1.0,0.0,2013-02-12,0.0,308.0,0.0,73.0,0.0,0.0,23.0,2.0,5.0,1.0,8.0,7.0,0.0,0.0,0.0,0.0,0.0,0.0,3.0,11.0,0.0,38.0,2013,2,12
8230.0,1980.0,Graduation,Married,33228.0,1.0,0.0,2014-01-23,28.0,22.0,2.0,31.0,7.0,4.0,5.0,1.0,2.0,0.0,3.0,7.0,0.0,0.0,0.0,0.0,0.0,0.0,3.0,11.0,0.0,34.0,2014,1,23
1215.0,1978.0,Graduation,Married,70440.0,0.0,0.0,2013-10-08,49.0,690.0,81.0,499.0,76.0,81.0,88.0,1.0,5.0,10.0,7.0,3.0,0.0,0.0,0.0,0.0,0.0,0.0,3.0,11.0,0.0,36.0,2013,10,8
5939.0,1971.0,Graduation,Married,38232.0,1.0,1.0,2014-01-17,84.0,43.0,5.0,28.0,7.0,6.0,33.0,4.0,3.0,1.0,3.0,5.0,0.0,0.0,0.0,0.0,0.0,0.0,3.0,11.0,0.0,43.0,2014,1,17
2156.0,1955.0,Phd,Married,22554.0,1.0,1.0,2012-11-03,38.0,27.0,0.0,10.0,0.0,0.0,4.0,4.0,2.0,0.0,4.0,5.0,0.0,0.0,0.0,0.0,0.0,0.0,3.0,11.0,0.0,59.0,2012,11,3
7788.0,1983.0,Phd,Married,23536.0,1.0,0.0,2014-06-04,53.0,6.0,0.0,3.0,0.0,0.0,1.0,1.0,0.0,0.0,3.0,3.0,0.0,0.0,0.0,0.0,0.0,0.0,3.0,11.0,0.0,31.0,2014,6,4
10323.0,1952.0,Graduation,Married,49413.0,0.0,1.0,2013-10-25,88.0,205.0,7.0,41.0,3.0,2.0,46.0,2.0,4.0,2.0,5.0,5.0,0.0,0.0,0.0,0.0,0.0,0.0,3.0,11.0,0.0,62.0,2013,10,25
7947.0,1969.0,Graduation,Married,42231.0,1.0,1.0,2014-03-25,99.0,24.0,0.0,8.0,0.0,1.0,4.0,1.0,1.0,0.0,3.0,5.0,0.0,0.0,0.0,0.0,0.0,0.0,3.0,11.0,0.0,45.0,2014,3,25
1891.0,1980.0,Master,Divorced,78789.0,0.0,0.0,2012-08-08,12.0,667.0,50.0,556.0,21.0,81.0,83.0,1.0,4.0,6.0,5.0,2.0,0.0,0.0,0.0,0.0,0.0,0.0,3.0,11.0,0.0,34.0,2012,8,8
2570.0,1968.0,Graduation,Married,56534.0,0.0,1.0,2013-07-23,35.0,691.0,7.0,61.0,10.0,0.0,46.0,4.0,10.0,4.0,7.0,8.0,0.0,0.0,0.0,0.0,0.0,0.0,3.0,11.0,0.0,46.0,2013,7,23
9256.0,1971.0,Graduation,Single,58350.0,0.0,1.0,2013-01-04,5.0,493.0,26.0,206.0,116.0,80.0,80.0,4.0,8.0,3.0,12.0,6.0,0.0,0.0,0.0,0.0,0.0,0.0,3.0,11.0,0.0,43.0,2013,1,4
295.0,1989.0,Graduation,Single,81217.0,0.0,0.0,2013-07-19,77.0,493.0,70.0,324.0,120.5,40.0,84.0,1.0,3.0,7.0,11.0,1.0,0.0,0.0,0.0,0.0,0.0,0.0,3.0,11.0,0.0,25.0,2013,7,19
7397.0,1951.0,Graduation,Single,49090.0,0.0,1.0,2013-07-19,45.0,494.0,5.0,82.0,7.0,0.0,100.0,3.0,7.0,2.0,9.0,7.0,0.0,0.0,0.0,0.0,0.0,0.0,3.0,11.0,0.0,63.0,2013,7,19
6349.0,1987.0,Master,Divorced,61787.0,0.0,0.0,2013-07-06,71.0,621.0,73.0,414.0,78.0,48.0,85.0,1.0,8.0,4.0,6.0,5.0,0.0,0.0,0.0,0.0,0.0,0.0,3.0,11.0,0.0,27.0,2013,7,6
10790.0,1985.0,Phd,Married,18169.0,1.0,0.0,2013-02-19,40.0,9.0,0.0,5.0,0.0,0.0,7.0,1.0,1.0,0.0,2.0,8.0,0.0,0.0,0.0,0.0,0.0,0.0,3.0,11.0,0.0,29.0,2013,2,19
10398.0,1981.0,2N Cycle,Single,24336.0,1.0,0.0,2012-08-27,82.0,1.0,6.0,2.0,8.0,2.0,12.0,1.0,1.0,0.0,2.0,7.0,0.0,0.0,0.0,0.0,0.0,0.0,3.0,11.0,0.0,33.0,2012,8,27
2431.0,1990.0,Graduation,Married,18222.0,0.0,0.0,2012-12-31,70.0,12.0,4.0,19.0,12.0,6.0,14.0,1.0,2.0,0.0,3.0,8.0,0.0,0.0,0.0,0.0,0.0,0.0,3.0,11.0,0.0,24.0,2012,12,31
550.0,1952.0,Graduation,Divorced,62335.0,0.0,1.0,2013-05-23,87.0,243.0,81.0,217.0,85.0,6.0,26.0,2.0,3.0,3.0,13.0,2.0,0.0,0.0,0.0,0.0,0.0,0.0,3.0,11.0,0.0,62.0,2013,5,23
1890.0,1971.0,2N Cycle,Married,42033.0,1.0,1.0,2012-09-19,95.0,11.0,1.0,4.0,2.0,0.0,7.0,1.0,1.0,0.0,2.0,7.0,0.0,0.0,0.0,0.0,0.0,0.0,3.0,11.0,0.0,43.0,2012,9,19
10742.0,1983.0,Phd,Married,86580.0,0.0,0.0,2013-02-27,72.0,532.0,21.0,127.0,26.0,20.0,20.0,0.0,4.0,2.0,5.0,1.0,0.0,0.0,0.0,0.0,0.0,0.0,3.0,11.0,0.0,31.0,2013,2,27
10356.0,1957.0,Phd,Divorced,41437.0,1.0,1.0,2012-09-22,5.0,29.0,0.0,2.0,0.0,0.0,1.0,1.0,1.0,0.0,3.0,7.0,0.0,0.0,0.0,0.0,0.0,0.0,3.0,11.0,0.0,57.0,2012,9,22
4676.0,1951.0,Master,Widow,73705.0,0.0,2.0,2014-03-05,86.0,612.0,81.0,520.0,120.5,81.0,107.0,2.0,9.0,6.0,8.0,5.0,0.0,0.0,0.0,0.0,0.0,0.0,3.0,11.0,0.0,63.0,2014,3,5
8852.0,1976.0,Graduation,Married,61064.0,0.0,1.0,2012-08-31,80.0,387.0,81.0,342.0,0.0,45.0,126.5,5.0,8.0,4.0,11.0,6.0,0.0,0.0,0.0,0.0,0.0,0.0,3.0,11.0,0.0,38.0,2012,8,31
3565.0,1955.0,Master,Married,38452.0,1.0,1.0,2014-03-30,62.0,56.0,0.0,14.0,0.0,0.0,2.0,3.0,3.0,0.0,3.0,7.0,0.0,0.0,0.0,0.0,0.0,0.0,3.0,11.0,0.0,59.0,2014,3,30
5294.0,1989.0,Graduation,Single,18358.0,1.0,0.0,2013-11-20,49.0,6.0,8.0,19.0,16.0,4.0,4.0,3.0,3.0,0.0,4.0,7.0,0.0,0.0,0.0,0.0,0.0,0.0,3.0,11.0,0.0,25.0,2013,11,20
1958.0,1973.0,Phd,Married,55012.0,0.0,1.0,2014-03-21,85.0,582.0,0.0,65.0,0.0,0.0,13.0,6.0,8.0,2.0,9.0,5.0,0.0,0.0,0.0,0.0,0.0,0.0,3.0,11.0,0.0,41.0,2014,3,21
7349.0,1973.0,Basic,Married,9722.0,1.0,0.0,2012-10-02,7.0,6.0,17.0,16.0,6.0,16.0,42.0,4.0,3.0,1.0,3.0,8.0,0.0,0.0,0.0,0.0,0.0,0.0,3.0,11.0,0.0,41.0,2012,10,2
8799.0,1984.0,Phd,Married,38175.0,1.0,0.0,2013-09-23,6.0,70.0,6.0,69.0,2.0,3.0,3.0,3.0,3.0,1.0,4.0,7.0,0.0,0.0,0.0,0.0,0.0,0.0,3.0,11.0,0.0,30.0,2013,9,23
1351.0,1956.0,Master,Married,58656.0,0.0,1.0,2012-09-20,25.0,962.0,12.0,194.0,16.0,24.0,12.0,4.0,7.0,8.0,13.0,6.0,0.0,0.0,0.0,0.0,0.0,0.0,3.0,11.0,0.0,58.0,2012,9,20
1045.0,1965.0,Graduation,Married,52117.0,0.0,1.0,2012-08-16,55.0,112.0,10.0,107.0,30.0,0.0,20.0,2.0,5.0,2.0,4.0,7.0,0.0,0.0,0.0,0.0,0.0,0.0,3.0,11.0,0.0,49.0,2012,8,16
7732.0,1978.0,Graduation,Married,64813.0,1.0,0.0,2014-01-02,81.0,293.0,0.0,124.0,120.5,81.0,52.0,1.0,7.0,2.0,10.0,5.0,0.0,0.0,0.0,0.0,0.0,0.0,3.0,11.0,0.0,36.0,2014,1,2
8070.0,1973.0,Phd,Married,54222.0,0.0,1.0,2014-03-01,98.0,199.0,12.0,31.0,3.0,12.0,7.0,1.0,3.0,3.0,5.0,3.0,0.0,0.0,0.0,0.0,0.0,0.0,3.0,11.0,0.0,41.0,2014,3,1
477.0,1986.0,Graduation,Married,83512.0,0.0,0.0,2014-06-17,31.0,1060.0,61.0,556.0,80.0,20.0,101.0,1.0,4.0,7.0,10.0,1.0,0.0,0.0,0.0,0.0,0.0,0.0,3.0,11.0,0.0,28.0,2014,6,17
7832.0,1959.0,Master,Married,77520.0,0.0,1.0,2013-08-28,30.0,940.0,44.0,396.0,0.0,81.0,58.0,1.0,8.0,7.0,7.0,4.0,0.0,0.0,0.0,0.0,0.0,0.0,3.0,11.0,0.0,55.0,2013,8,28
2202.0,1978.0,Graduation,Married,41154.0,0.0,1.0,2013-04-09,98.0,44.0,2.0,11.0,2.0,3.0,7.0,1.0,1.0,0.0,4.0,5.0,0.0,0.0,0.0,0.0,0.0,0.0,3.0,11.0,0.0,36.0,2013,4,9
7396.0,1966.0,Graduation,Married,80398.0,0.0,0.0,2012-11-10,92.0,342.0,51.0,556.0,120.5,35.0,26.0,1.0,5.0,8.0,12.0,3.0,0.0,0.0,0.0,0.0,0.0,0.0,3.0,11.0,0.0,48.0,2012,11,10
4055.0,1992.0,Basic,Single,18746.0,1.0,0.0,2014-05-29,41.0,2.0,10.0,11.0,12.0,9.0,20.0,2.0,3.0,0.0,3.0,6.0,0.0,0.0,0.0,0.0,0.0,0.0,3.0,11.0,0.0,22.0,2014,5,29
10340.0,1984.0,Graduation,Married,35196.0,1.0,0.0,2012-11-13,68.0,75.0,12.0,141.0,43.0,39.0,126.5,6.0,6.0,1.0,5.0,8.0,0.0,0.0,0.0,0.0,0.0,0.0,3.0,11.0,0.0,30.0,2012,11,13
10091.0,1956.0,Graduation,Single,60230.0,0.0,1.0,2013-05-20,78.0,520.0,20.0,367.0,39.0,81.0,40.0,2.0,6.0,3.0,6.0,5.0,0.0,0.0,0.0,0.0,0.0,0.0,3.0,11.0,0.0,58.0,2013,5,20
7629.0,1977.0,Graduation,Married,22108.0,1.0,1.0,2014-05-08,46.0,5.0,3.0,9.0,6.0,2.0,6.0,2.0,2.0,0.0,3.0,7.0,0.0,0.0,0.0,0.0,0.0,0.0,3.0,11.0,0.0,37.0,2014,5,8
10640.0,1974.0,Graduation,Married,44392.0,1.0,1.0,2013-09-05,71.0,87.0,5.0,71.0,7.0,12.0,29.0,5.0,4.0,1.0,4.0,7.0,0.0,0.0,0.0,0.0,0.0,0.0,3.0,11.0,0.0,40.0,2013,9,5
3498.0,1976.0,Phd,Married,55424.0,0.0,1.0,2012-11-25,6.0,462.0,61.0,184.0,10.0,53.0,107.0,4.0,7.0,5.0,9.0,6.0,0.0,0.0,0.0,0.0,0.0,0.0,3.0,11.0,0.0,38.0,2012,11,25
6742.0,1979.0,Graduation,Married,17688.0,1.0,0.0,2013-01-13,82.0,2.0,2.0,1.0,3.0,1.0,2.0,1.0,1.0,0.0,2.0,8.0,0.0,0.0,0.0,0.0,0.0,0.0,3.0,11.0,0.0,35.0,2013,1,13
1172.0,1983.0,Phd,Married,92491.0,0.0,0.0,2013-05-01,71.0,979.0,44.0,556.0,29.0,25.0,22.0,1.0,7.0,5.0,12.0,3.0,0.0,0.0,0.0,0.0,0.0,0.0,3.0,11.0,0.0,31.0,2013,5,1
569.0,1991.0,Graduation,Single,90273.0,0.0,0.0,2013-12-14,32.0,704.0,81.0,556.0,120.0,74.0,111.0,1.0,5.0,6.0,7.0,2.0,0.0,0.0,0.0,0.0,0.0,0.0,3.0,11.0,0.0,23.0,2013,12,14
4686.0,1962.0,Phd,Widow,82571.0,0.0,0.0,2014-04-02,28.0,861.0,31.0,556.0,62.0,81.0,79.0,0.0,6.0,5.0,13.0,2.0,0.0,0.0,0.0,0.0,0.0,0.0,3.0,11.0,0.0,52.0,2014,4,2
1381.0,1982.0,Phd,Single,38513.0,1.0,0.0,2014-01-28,20.0,172.0,3.0,115.0,16.0,0.0,18.0,5.0,6.0,1.0,5.0,8.0,0.0,0.0,0.0,0.0,0.0,0.0,3.0,11.0,0.0,32.0,2014,1,28
2634.0,1979.0,Master,Single,16653.0,1.0,0.0,2014-04-18,10.0,5.0,7.0,31.0,15.0,4.0,7.0,3.0,2.0,1.0,3.0,6.0,0.0,0.0,0.0,0.0,0.0,0.0,3.0,11.0,0.0,35.0,2014,4,18
10905.0,1955.0,Graduation,Married,42586.0,1.0,1.0,2012-10-29,7.0,194.0,2.0,56.0,0.0,0.0,0.0,5.0,4.0,1.0,6.0,8.0,0.0,0.0,0.0,0.0,0.0,0.0,3.0,11.0,0.0,59.0,2012,10,29
1744.0,1965.0,Basic,Single,23529.0,0.0,1.0,2013-01-07,67.0,9.0,7.0,13.0,3.0,2.0,20.0,1.0,1.0,1.0,2.0,6.0,0.0,0.0,0.0,0.0,0.0,0.0,3.0,11.0,0.0,49.0,2013,1,7
1000.0,1961.0,Master,Married,74881.0,1.0,1.0,2013-03-08,48.0,505.0,72.0,270.0,36.0,27.0,54.0,4.0,9.0,2.0,12.0,5.0,0.0,0.0,0.0,0.0,0.0,0.0,3.0,11.0,0.0,53.0,2013,3,8
3828.0,1951.0,Graduation,Married,71107.0,0.0,1.0,2013-02-17,61.0,533.0,10.0,217.0,120.5,81.0,126.5,2.0,7.0,6.0,13.0,4.0,0.0,0.0,0.0,0.0,0.0,0.0,3.0,11.0,0.0,63.0,2013,2,17
8605.0,1964.0,Phd,Married,46910.0,1.0,1.0,2014-03-23,36.0,48.0,0.0,14.0,0.0,0.0,6.0,2.0,2.0,0.0,3.0,6.0,0.0,0.0,0.0,0.0,0.0,0.0,3.0,11.0,0.0,50.0,2014,3,23
10304.0,1959.0,Graduation,Married,18690.0,0.0,0.0,2012-12-28,77.0,6.0,1.0,7.0,23.0,4.0,19.0,1.0,1.0,1.0,2.0,8.0,0.0,0.0,0.0,0.0,0.0,0.0,3.0,11.0,0.0,55.0,2012,12,28
4351.0,1955.0,Graduation,Divorced,37244.0,1.0,1.0,2013-04-27,90.0,18.0,2.0,10.0,0.0,0.0,25.0,1.0,1.0,1.0,2.0,7.0,0.0,0.0,0.0,0.0,0.0,0.0,3.0,11.0,0.0,59.0,2013,4,27
10129.0,1966.0,Graduation,Married,82427.0,0.0,0.0,2014-03-12,35.0,482.0,81.0,509.0,104.0,81.0,107.0,1.0,3.0,5.0,12.0,1.0,0.0,0.0,0.0,0.0,0.0,0.0,3.0,11.0,0.0,48.0,2014,3,12
2499.0,1958.0,2N Cycle,Single,75342.0,0.0,1.0,2013-05-06,38.0,204.0,81.0,97.0,21.0,81.0,26.0,1.0,5.0,2.0,10.0,4.0,0.0,0.0,0.0,0.0,0.0,0.0,3.0,11.0,0.0,56.0,2013,5,6
10092.0,1954.0,Graduation,Divorced,70044.0,0.0,1.0,2013-02-18,46.0,1073.0,0.0,250.0,120.5,14.0,14.0,4.0,7.0,10.0,5.0,5.0,0.0,0.0,0.0,0.0,0.0,0.0,3.0,11.0,0.0,60.0,2013,2,18
7500.0,1967.0,Graduation,Single,79146.0,1.0,1.0,2014-04-24,33.0,245.0,16.0,223.0,21.0,43.0,16.0,2.0,8.0,1.0,8.0,6.0,0.0,0.0,0.0,0.0,0.0,0.0,3.0,11.0,0.0,47.0,2014,4,24
5796.0,1963.0,Graduation,Married,77437.0,0.0,0.0,2013-11-26,70.0,560.0,21.0,442.0,29.0,44.0,29.0,1.0,4.0,5.0,13.0,1.0,0.0,0.0,0.0,0.0,0.0,0.0,3.0,11.0,0.0,51.0,2013,11,26
10556.0,1959.0,Graduation,Married,54984.0,0.0,1.0,2014-05-24,51.0,173.0,13.0,131.0,32.0,3.0,6.0,4.0,6.0,1.0,6.0,7.0,0.0,0.0,0.0,0.0,0.0,0.0,3.0,11.0,0.0,55.0,2014,5,24
1064.0,1971.0,Phd,Married,42403.0,1.0,0.0,2013-12-11,18.0,22.0,1.0,11.0,0.0,5.0,3.0,1.0,1.0,0.0,3.0,8.0,0.0,0.0,0.0,0.0,0.0,0.0,3.0,11.0,0.0,43.0,2013,12,11
48.0,1964.0,Graduation,Married,55761.0,0.0,1.0,2014-04-24,97.0,136.0,1.0,12.0,0.0,3.0,32.0,2.0,4.0,1.0,3.0,6.0,0.0,0.0,0.0,0.0,0.0,0.0,3.0,11.0,0.0,50.0,2014,4,24
7610.0,1983.0,Graduation,Married,37292.0,1.0,0.0,2013-04-18,32.0,275.0,0.0,86.0,10.0,23.0,66.0,5.0,6.0,3.0,5.0,8.0,0.0,0.0,0.0,0.0,0.0,0.0,3.0,11.0,0.0,31.0,2013,4,18
263.0,1945.0,Phd,Single,45576.0,0.0,0.0,2014-05-28,9.0,56.0,19.0,29.0,2.0,14.0,25.0,1.0,3.0,1.0,3.0,8.0,0.0,0.0,0.0,0.0,0.0,0.0,3.0,11.0,0.0,69.0,2014,5,28
10814.0,1947.0,Graduation,Married,70321.0,0.0,0.0,2013-01-16,6.0,303.0,23.0,556.0,82.0,26.0,126.5,1.0,6.0,5.0,13.0,4.0,0.0,0.0,0.0,0.0,0.0,0.0,3.0,11.0,0.0,67.0,2013,1,16
9710.0,1969.0,Phd,Divorced,58086.0,0.0,1.0,2013-01-20,80.0,708.0,7.0,62.0,0.0,0.0,15.0,2.0,11.0,3.0,7.0,8.0,0.0,0.0,0.0,0.0,0.0,0.0,3.0,11.0,0.0,45.0,2013,1,20
9292.0,1952.0,Graduation,Married,81795.0,0.0,0.0,2012-10-26,74.0,324.0,81.0,556.0,27.0,81.0,88.0,1.0,4.0,10.0,7.0,2.0,0.0,0.0,0.0,0.0,0.0,0.0,3.0,11.0,0.0,62.0,2012,10,26
10250.0,1947.0,Basic,Married,28389.0,0.0,0.0,2012-11-20,49.0,1.0,5.0,3.0,7.0,4.0,8.0,1.0,1.0,0.0,2.0,7.0,0.0,0.0,0.0,0.0,0.0,0.0,3.0,11.0,0.0,67.0,2012,11,20
7881.0,1946.0,Master,Married,66835.0,0.0,0.0,2013-09-28,21.0,620.0,26.0,195.0,34.0,17.0,126.5,1.0,6.0,4.0,13.0,2.0,0.0,0.0,0.0,0.0,0.0,0.0,3.0,11.0,0.0,68.0,2013,9,28
5847.0,1969.0,Graduation,Divorced,69901.0,0.0,1.0,2013-05-29,95.0,312.0,21.0,206.0,102.0,81.0,126.5,3.0,7.0,3.0,10.0,5.0,0.0,0.0,0.0,0.0,0.0,0.0,3.0,11.0,0.0,45.0,2013,5,29
737.0,1949.0,Phd,Married,80360.0,0.0,0.0,2013-03-03,56.0,1225.0,81.0,454.0,112.0,43.0,43.0,2.0,4.0,4.0,5.0,2.0,0.0,0.0,0.0,0.0,0.0,0.0,3.0,11.0,0.0,65.0,2013,3,3
3571.0,1961.0,Phd,Married,63342.0,0.0,1.0,2012-10-16,48.0,918.0,21.0,118.0,13.0,10.0,21.0,3.0,8.0,3.0,5.0,6.0,0.0,0.0,0.0,0.0,0.0,0.0,3.0,11.0,0.0,53.0,2012,10,16
7807.0,1974.0,Graduation,Married,44989.0,0.0,1.0,2012-09-12,26.0,98.0,0.0,106.0,49.0,10.0,106.0,5.0,5.0,1.0,5.0,6.0,0.0,0.0,0.0,0.0,0.0,0.0,3.0,11.0,0.0,40.0,2012,9,12
3878.0,1980.0,2N Cycle,Single,31859.0,1.0,0.0,2014-02-27,3.0,3.0,4.0,7.0,15.0,8.0,11.0,1.0,1.0,0.0,3.0,7.0,0.0,0.0,0.0,0.0,0.0,0.0,3.0,11.0,0.0,34.0,2014,2,27
5092.0,1949.0,Phd,Widow,51569.0,0.0,1.0,2013-02-12,39.0,380.0,0.0,47.0,6.0,0.0,34.0,4.0,7.0,1.0,7.0,8.0,0.0,0.0,0.0,0.0,0.0,0.0,3.0,11.0,0.0,65.0,2013,2,12
2154.0,1971.0,Graduation,Widow,30372.0,1.0,1.0,2012-12-25,33.0,15.0,0.0,12.0,7.0,3.0,7.0,3.0,2.0,0.0,3.0,7.0,0.0,0.0,0.0,0.0,0.0,0.0,3.0,11.0,0.0,43.0,2012,12,25
5394.0,1979.0,Basic,Single,16014.0,1.0,1.0,2013-03-17,42.0,3.0,9.0,4.0,7.0,8.0,7.0,4.0,1.0,1.0,4.0,3.0,0.0,0.0,0.0,0.0,0.0,0.0,3.0,11.0,0.0,35.0,2013,3,17
3798.0,1968.0,Graduation,Married,41120.0,1.0,1.0,2013-11-06,80.0,24.0,2.0,23.0,0.0,8.0,24.0,3.0,2.0,1.0,3.0,6.0,0.0,0.0,0.0,0.0,0.0,0.0,3.0,11.0,0.0,46.0,2013,11,6
3524.0,1971.0,Master,Single,39763.0,1.0,0.0,2013-08-04,9.0,80.0,1.0,60.0,4.0,6.0,16.0,2.0,5.0,1.0,2.0,9.0,0.0,0.0,0.0,0.0,0.0,0.0,3.0,11.0,0.0,43.0,2013,8,4
5247.0,1955.0,Phd,Married,38725.0,1.0,1.0,2014-05-10,52.0,31.0,0.0,6.0,2.0,1.0,5.0,2.0,1.0,0.0,4.0,4.0,0.0,0.0,0.0,0.0,0.0,0.0,3.0,11.0,0.0,59.0,2014,5,10
5883.0,1972.0,Graduation,Married,77981.0,1.0,0.0,2013-05-26,78.0,138.0,81.0,204.0,16.0,81.0,60.0,3.0,7.0,4.0,7.0,5.0,0.0,0.0,0.0,0.0,0.0,0.0,3.0,11.0,0.0,42.0,2013,5,26
2118.0,1964.0,2N Cycle,Married,62905.0,0.0,1.0,2013-09-10,68.0,166.0,75.0,96.0,119.0,81.0,59.0,3.0,7.0,2.0,8.0,4.0,0.0,0.0,0.0,0.0,0.0,0.0,3.0,11.0,0.0,50.0,2013,9,10
8812.0,1979.0,2N Cycle,Divorced,13533.0,1.0,0.0,2013-03-10,45.0,12.0,3.0,8.0,8.0,0.0,17.0,2.0,2.0,0.0,3.0,7.0,0.0,0.0,0.0,0.0,0.0,0.0,3.0,11.0,0.0,35.0,2013,3,10
6616.0,1975.0,Graduation,Married,59481.0,0.0,1.0,2013-10-23,47.0,178.0,3.0,85.0,71.0,66.0,58.0,2.0,3.0,3.0,8.0,2.0,0.0,0.0,0.0,0.0,0.0,0.0,3.0,11.0,0.0,39.0,2013,10,23
2797.0,1977.0,Graduation,Married,72117.0,0.0,1.0,2013-08-20,34.0,707.0,20.0,171.0,65.0,60.0,50.0,1.0,9.0,7.0,9.0,5.0,0.0,0.0,0.0,0.0,0.0,0.0,3.0,11.0,0.0,37.0,2013,8,20
4328.0,1986.0,2N Cycle,Married,21955.0,1.0,0.0,2013-09-07,81.0,5.0,1.0,7.0,17.0,14.0,11.0,2.0,2.0,1.0,3.0,6.0,0.0,0.0,0.0,0.0,0.0,0.0,3.0,11.0,0.0,28.0,2013,9,7
9167.0,1956.0,Graduation,Married,67131.0,0.0,1.0,2013-03-26,72.0,465.0,71.0,250.0,93.0,35.0,62.0,3.0,9.0,2.0,12.0,6.0,0.0,0.0,0.0,0.0,0.0,0.0,3.0,11.0,0.0,58.0,2013,3,26
10560.0,1980.0,Phd,Single,36802.0,1.0,0.0,2014-06-16,23.0,16.0,1.0,2.0,0.0,0.0,1.0,1.0,1.0,0.0,3.0,5.0,0.0,0.0,0.0,0.0,0.0,0.0,3.0,11.0,0.0,34.0,2014,6,16
2631.0,1982.0,Graduation,Married,71853.0,0.0,0.0,2013-05-08,29.0,358.0,81.0,413.0,120.5,81.0,32.0,1.0,2.0,8.0,6.0,1.0,0.0,0.0,0.0,0.0,0.0,0.0,3.0,11.0,0.0,32.0,2013,5,8
8312.0,1961.0,Basic,Married,28249.0,0.0,0.0,2014-06-15,80.0,1.0,9.0,7.0,2.0,14.0,10.0,1.0,2.0,0.0,3.0,6.0,0.0,0.0,0.0,0.0,0.0,0.0,3.0,11.0,0.0,53.0,2014,6,15
5534.0,1975.0,Master,Married,47808.0,0.0,1.0,2013-10-20,30.0,123.0,1.0,26.0,2.0,0.0,72.0,2.0,3.0,2.0,3.0,7.0,0.0,0.0,0.0,0.0,0.0,0.0,3.0,11.0,0.0,39.0,2013,10,20
5093.0,1974.0,Phd,Divorced,25509.0,1.0,0.0,2012-09-18,15.0,40.0,3.0,30.0,10.0,7.0,11.0,3.0,3.0,0.0,3.0,9.0,0.0,0.0,0.0,0.0,0.0,0.0,3.0,11.0,0.0,40.0,2012,9,18
7592.0,1946.0,Phd,Married,51012.0,0.0,0.0,2013-04-18,86.0,102.0,9.0,63.0,2.0,9.0,24.0,1.0,4.0,1.0,4.0,6.0,0.0,0.0,0.0,0.0,0.0,0.0,3.0,11.0,0.0,68.0,2013,4,18
8895.0,1985.0,Graduation,Single,70596.0,0.0,0.0,2012-10-05,68.0,347.0,44.0,534.0,17.0,0.0,26.0,1.0,3.0,5.0,12.0,2.0,0.0,0.0,0.0,0.0,0.0,0.0,3.0,11.0,0.0,29.0,2012,10,5
8584.0,1952.0,Phd,Married,85431.0,0.0,0.0,2013-06-08,54.0,376.0,53.0,462.0,120.5,53.0,53.0,1.0,2.0,7.0,7.0,0.0,0.0,0.0,0.0,0.0,0.0,0.0,3.0,11.0,0.0,62.0,2013,6,8
2694.0,1967.0,Graduation,Married,42664.0,0.0,1.0,2014-03-18,44.0,21.0,0.0,3.0,0.0,0.0,0.0,1.0,1.0,0.0,3.0,6.0,0.0,0.0,0.0,0.0,0.0,0.0,3.0,11.0,0.0,47.0,2014,3,18
8910.0,1955.0,Graduation,Married,42586.0,1.0,1.0,2012-10-29,7.0,194.0,2.0,56.0,0.0,0.0,0.0,5.0,4.0,1.0,6.0,8.0,0.0,0.0,0.0,0.0,0.0,0.0,3.0,11.0,0.0,59.0,2012,10,29
7433.0,1985.0,Graduation,Single,29760.0,1.0,0.0,2012-08-29,87.0,64.0,4.0,68.0,7.0,5.0,17.0,4.0,3.0,1.0,4.0,8.0,0.0,0.0,0.0,0.0,0.0,0.0,3.0,11.0,0.0,29.0,2012,8,29
164.0,1977.0,Phd,Married,28973.0,0.0,0.0,2012-10-13,59.0,206.0,0.0,46.0,3.0,2.0,12.0,2.0,5.0,1.0,5.0,8.0,0.0,0.0,0.0,0.0,0.0,0.0,3.0,11.0,0.0,37.0,2012,10,13
10477.0,1973.0,Phd,Married,39435.0,1.0,0.0,2013-08-06,16.0,71.0,0.0,18.0,0.0,0.0,13.0,1.0,3.0,1.0,2.0,7.0,0.0,0.0,0.0,0.0,0.0,0.0,3.0,11.0,0.0,41.0,2013,8,6
2681.0,1984.0,2N Cycle,Married,65370.0,0.0,0.0,2013-08-01,1.0,71.0,22.0,112.0,120.5,81.0,29.0,1.0,2.0,3.0,13.0,1.0,0.0,0.0,0.0,0.0,0.0,0.0,3.0,11.0,0.0,30.0,2013,8,1
5150.0,1979.0,Basic,Single,20194.0,1.0,0.0,2012-12-17,64.0,0.0,4.0,7.0,11.0,10.0,15.0,2.0,2.0,0.0,3.0,6.0,0.0,0.0,0.0,0.0,0.0,0.0,3.0,11.0,0.0,35.0,2012,12,17
5283.0,1976.0,Phd,Single,42473.0,1.0,1.0,2014-02-17,72.0,93.0,1.0,21.0,0.0,4.0,25.0,3.0,2.0,1.0,4.0,5.0,0.0,0.0,0.0,0.0,0.0,0.0,3.0,11.0,0.0,38.0,2014,2,17
9645.0,1968.0,Graduation,Married,64590.0,0.0,0.0,2012-10-14,98.0,920.0,81.0,168.0,36.0,46.0,30.0,1.0,9.0,4.0,10.0,6.0,0.0,0.0,0.0,0.0,0.0,0.0,3.0,11.0,0.0,46.0,2012,10,14
10678.0,1959.0,Graduation,Married,71232.0,0.0,1.0,2013-11-28,91.0,653.0,17.0,170.0,34.0,26.0,17.0,2.0,11.0,2.0,10.0,7.0,0.0,0.0,0.0,0.0,0.0,0.0,3.0,11.0,0.0,55.0,2013,11,28
7261.0,1971.0,Graduation,Married,34600.0,1.0,1.0,2013-01-01,8.0,199.0,33.0,60.0,8.0,3.0,15.0,5.0,5.0,2.0,5.0,8.0,0.0,0.0,0.0,0.0,0.0,0.0,3.0,11.0,0.0,43.0,2013,1,1
9648.0,1967.0,Graduation,Single,46904.0,1.0,1.0,2012-11-03,20.0,153.0,4.0,56.0,0.0,9.0,31.0,4.0,5.0,1.0,4.0,8.0,0.0,0.0,0.0,0.0,0.0,0.0,3.0,11.0,0.0,47.0,2012,11,3
2870.0,1973.0,Graduation,Married,49094.0,0.0,1.0,2012-09-21,6.0,376.0,0.0,38.0,11.0,8.0,69.0,5.0,6.0,3.0,6.0,6.0,0.0,0.0,0.0,0.0,0.0,0.0,3.0,11.0,0.0,41.0,2012,9,21
8008.0,1983.0,Graduation,Married,36075.0,1.0,0.0,2013-12-09,54.0,46.0,0.0,30.0,12.0,1.0,30.0,1.0,2.0,0.0,4.0,6.0,0.0,0.0,0.0,0.0,0.0,0.0,3.0,11.0,0.0,31.0,2013,12,9
1513.0,1979.0,2N Cycle,Married,60839.0,1.0,1.0,2012-08-28,72.0,600.0,21.0,128.0,120.5,81.0,126.5,6.0,2.0,2.0,12.0,8.0,0.0,0.0,0.0,0.0,0.0,0.0,3.0,11.0,0.0,35.0,2012,8,28
6173.0,1979.0,Graduation,Married,77298.0,0.0,1.0,2013-11-02,46.0,425.0,81.0,292.0,23.0,35.0,79.0,1.0,6.0,6.0,11.0,3.0,0.0,0.0,0.0,0.0,0.0,0.0,3.0,11.0,0.0,35.0,2013,11,2
1419.0,1950.0,Graduation,Married,34026.0,1.0,1.0,2013-08-05,11.0,18.0,6.0,15.0,12.0,8.0,17.0,3.0,2.0,1.0,3.0,5.0,0.0,0.0,0.0,0.0,0.0,0.0,3.0,11.0,0.0,64.0,2013,8,5
9150.0,1963.0,Phd,Single,48918.0,1.0,1.0,2014-04-12,21.0,52.0,0.0,9.0,0.0,0.0,1.0,2.0,1.0,0.0,4.0,4.0,0.0,0.0,0.0,0.0,0.0,0.0,3.0,11.0,0.0,51.0,2014,4,12
7960.0,1962.0,2N Cycle,Married,82122.0,0.0,0.0,2013-08-15,89.0,734.0,22.0,350.0,120.5,25.0,100.0,1.0,3.0,9.0,13.0,1.0,0.0,0.0,0.0,0.0,0.0,0.0,3.0,11.0,0.0,52.0,2013,8,15
1250.0,1976.0,Graduation,Single,37697.0,1.0,0.0,2014-02-07,82.0,34.0,6.0,21.0,11.0,4.0,8.0,1.0,2.0,1.0,3.0,6.0,0.0,0.0,0.0,0.0,0.0,0.0,3.0,11.0,0.0,38.0,2014,2,7
9905.0,1952.0,Graduation,Married,34074.0,1.0,1.0,2013-07-13,69.0,135.0,1.0,41.0,10.0,1.0,67.0,5.0,3.0,3.0,3.0,6.0,0.0,0.0,0.0,0.0,0.0,0.0,3.0,11.0,0.0,62.0,2013,7,13
10691.0,1960.0,Master,Married,28520.0,1.0,1.0,2013-06-14,55.0,11.0,0.0,10.0,0.0,2.0,20.0,1.0,1.0,1.0,2.0,6.0,0.0,0.0,0.0,0.0,0.0,0.0,3.0,11.0,0.0,54.0,2013,6,14
7002.0,1955.0,Graduation,Single,62535.0,0.0,1.0,2013-10-03,13.0,163.0,48.0,90.0,0.0,45.0,52.0,1.0,3.0,2.0,8.0,3.0,0.0,0.0,0.0,0.0,0.0,0.0,3.0,11.0,0.0,59.0,2013,10,3
2952.0,1977.0,Master,Single,36273.0,1.0,0.0,2014-04-16,80.0,29.0,3.0,30.0,3.0,2.0,9.0,2.0,3.0,0.0,3.0,6.0,0.0,0.0,0.0,0.0,0.0,0.0,3.0,11.0,0.0,37.0,2014,4,16
8439.0,1964.0,Graduation,Married,63404.0,0.0,2.0,2014-06-06,97.0,734.0,26.0,70.0,11.0,44.0,17.0,2.0,6.0,3.0,4.0,4.0,0.0,0.0,0.0,0.0,0.0,0.0,3.0,11.0,0.0,50.0,2014,6,6
762.0,1981.0,2N Cycle,Married,75774.0,1.0,0.0,2014-05-02,27.0,340.0,21.0,134.0,120.5,14.0,56.0,1.0,7.0,5.0,8.0,4.0,0.0,0.0,0.0,0.0,0.0,0.0,3.0,11.0,0.0,33.0,2014,5,2
2831.0,1976.0,Graduation,Married,78416.0,0.0,1.0,2014-06-27,99.0,453.0,38.0,279.0,120.5,38.0,126.5,2.0,7.0,7.0,10.0,3.0,0.0,0.0,0.0,0.0,0.0,0.0,3.0,11.0,0.0,38.0,2014,6,27
6977.0,1974.0,Graduation,Married,75702.0,0.0,1.0,2012-10-14,87.0,1073.0,0.0,556.0,120.5,37.0,37.0,1.0,10.0,5.0,13.0,6.0,0.0,0.0,0.0,0.0,0.0,0.0,3.0,11.0,0.0,40.0,2012,10,14
6289.0,1951.0,Master,Married,59385.0,1.0,1.0,2013-04-28,85.0,135.0,0.0,10.0,0.0,4.0,36.0,2.0,3.0,1.0,4.0,5.0,0.0,0.0,0.0,0.0,0.0,0.0,3.0,11.0,0.0,63.0,2013,4,28
4168.0,1966.0,Graduation,Single,37070.0,1.0,1.0,2013-03-20,30.0,231.0,7.0,137.0,4.0,15.0,39.0,6.0,5.0,1.0,8.0,7.0,0.0,0.0,0.0,0.0,0.0,0.0,3.0,11.0,0.0,48.0,2013,3,20
8397.0,1951.0,Graduation,Married,44689.0,1.0,1.0,2014-01-10,82.0,18.0,0.0,5.0,0.0,0.0,11.0,2.0,1.0,1.0,2.0,7.0,0.0,0.0,0.0,0.0,0.0,0.0,3.0,11.0,0.0,63.0,2014,1,10
9284.0,1958.0,Graduation,Married,53977.0,0.0,1.0,2013-06-08,21.0,620.0,16.0,165.0,0.0,24.0,82.0,5.0,5.0,5.0,12.0,5.0,0.0,0.0,0.0,0.0,0.0,0.0,3.0,11.0,0.0,56.0,2013,6,8
6237.0,1966.0,Phd,Single,7144.0,0.0,2.0,2013-12-07,92.0,81.0,4.0,33.0,5.0,2.0,126.5,0.0,12.0,1.0,1.0,0.0,0.0,0.0,0.0,0.0,0.0,0.0,3.0,11.0,0.0,48.0,2013,12,7
3130.0,1964.0,Graduation,Single,18701.0,1.0,1.0,2013-06-04,95.0,12.0,4.0,2.0,10.0,6.0,10.0,4.0,2.0,0.0,4.0,5.0,0.0,0.0,0.0,0.0,0.0,0.0,3.0,11.0,0.0,50.0,2013,6,4
1619.0,1956.0,Graduation,Married,90369.0,0.0,0.0,2014-04-28,2.0,292.0,51.0,556.0,120.5,23.0,17.0,1.0,4.0,6.0,6.0,1.0,0.0,0.0,0.0,0.0,0.0,0.0,3.0,11.0,0.0,58.0,2014,4,28
1990.0,1974.0,Phd,Single,63159.0,0.0,0.0,2012-11-05,74.0,965.0,34.0,556.0,89.0,81.0,37.0,1.0,3.0,5.0,8.0,3.0,0.0,0.0,0.0,0.0,0.0,0.0,3.0,11.0,0.0,40.0,2012,11,5
5513.0,1966.0,Graduation,Married,37758.0,1.0,1.0,2012-10-04,49.0,27.0,2.0,10.0,0.0,0.0,1.0,2.0,1.0,0.0,3.0,8.0,0.0,0.0,0.0,0.0,0.0,0.0,3.0,11.0,0.0,48.0,2012,10,4
269.0,1963.0,Phd,Single,46757.0,0.0,1.0,2012-11-16,71.0,777.0,30.0,163.0,0.0,51.0,122.0,6.0,4.0,4.0,7.0,9.0,0.0,0.0,0.0,0.0,0.0,0.0,3.0,11.0,0.0,51.0,2012,11,16
8093.0,1969.0,Master,Married,79734.0,0.0,0.0,2014-06-28,72.0,572.0,8.0,232.0,23.0,62.0,17.0,1.0,4.0,3.0,6.0,1.0,0.0,0.0,0.0,0.0,0.0,0.0,3.0,11.0,0.0,45.0,2014,6,28
10513.0,1992.0,Graduation,Married,63207.0,0.0,0.0,2013-01-20,68.0,438.0,81.0,556.0,91.0,81.0,70.0,1.0,2.0,3.0,6.0,7.0,0.0,0.0,0.0,0.0,0.0,0.0,3.0,11.0,0.0,22.0,2013,1,20
10177.0,1954.0,Graduation,Divorced,72071.0,0.0,1.0,2013-02-14,4.0,531.0,69.0,300.0,120.5,81.0,126.5,3.0,5.0,4.0,8.0,2.0,0.0,0.0,0.0,0.0,0.0,0.0,3.0,11.0,0.0,60.0,2013,2,14
2549.0,1983.0,Phd,Married,21840.0,1.0,0.0,2013-07-21,80.0,17.0,0.0,9.0,0.0,0.0,1.0,1.0,1.0,0.0,3.0,9.0,0.0,0.0,0.0,0.0,0.0,0.0,3.0,11.0,0.0,31.0,2013,7,21
5782.0,1982.0,2N Cycle,Married,58582.0,0.0,1.0,2013-09-28,15.0,402.0,35.0,106.0,101.0,77.0,42.0,2.0,9.0,2.0,9.0,5.0,0.0,0.0,0.0,0.0,0.0,0.0,3.0,11.0,0.0,32.0,2013,9,28
10057.0,1951.0,Graduation,Single,72282.0,0.0,0.0,2013-07-19,70.0,503.0,27.0,419.0,90.0,81.0,126.5,1.0,5.0,7.0,9.0,7.0,0.0,0.0,0.0,0.0,0.0,0.0,3.0,11.0,0.0,63.0,2013,7,19
10307.0,1956.0,Graduation,Married,50387.0,0.0,2.0,2013-08-31,91.0,369.0,9.0,87.0,12.0,14.0,34.0,3.0,6.0,2.0,8.0,5.0,0.0,0.0,0.0,0.0,0.0,0.0,3.0,11.0,0.0,58.0,2013,8,31
8566.0,1961.0,Phd,Married,32583.0,1.0,1.0,2014-06-15,10.0,5.0,0.0,3.0,0.0,0.0,1.0,1.0,1.0,0.0,2.0,7.0,0.0,0.0,0.0,0.0,0.0,0.0,3.0,11.0,0.0,53.0,2014,6,15
2415.0,1962.0,Graduation,Married,62568.0,0.0,1.0,2014-04-07,99.0,362.0,17.0,398.0,80.0,35.0,61.0,3.0,5.0,3.0,5.0,4.0,0.0,0.0,0.0,0.0,0.0,0.0,3.0,11.0,0.0,52.0,2014,4,7
5684.0,1971.0,Master,Divorced,44635.0,1.0,1.0,2013-10-11,25.0,56.0,0.0,9.0,0.0,0.0,3.0,2.0,2.0,0.0,3.0,7.0,0.0,0.0,0.0,0.0,0.0,0.0,3.0,11.0,0.0,43.0,2013,10,11
8334.0,1971.0,Master,Single,33316.0,1.0,1.0,2013-10-04,34.0,79.0,1.0,31.0,4.0,4.0,12.0,3.0,2.0,1.0,4.0,6.0,0.0,0.0,0.0,0.0,0.0,0.0,3.0,11.0,0.0,43.0,2013,10,4
9166.0,1968.0,Graduation,Married,63967.0,0.0,1.0,2013-08-09,57.0,387.0,81.0,141.0,73.0,35.0,126.5,3.0,4.0,4.0,12.0,2.0,0.0,0.0,0.0,0.0,0.0,0.0,3.0,11.0,0.0,46.0,2013,8,9
1440.0,1978.0,2N Cycle,Married,52513.0,0.0,0.0,2012-09-04,84.0,367.0,17.0,241.0,104.0,81.0,126.5,2.0,9.0,5.0,9.0,7.0,0.0,0.0,0.0,0.0,0.0,0.0,3.0,11.0,0.0,36.0,2012,9,4
78.0,1969.0,Graduation,Married,25293.0,1.0,0.0,2013-09-15,51.0,15.0,0.0,11.0,0.0,2.0,9.0,1.0,1.0,1.0,2.0,8.0,0.0,0.0,0.0,0.0,0.0,0.0,3.0,11.0,0.0,45.0,2013,9,15
5441.0,1965.0,Phd,Widow,54111.0,0.0,1.0,2013-08-25,97.0,267.0,6.0,54.0,8.0,3.0,50.0,2.0,5.0,2.0,6.0,5.0,0.0,0.0,0.0,0.0,0.0,0.0,3.0,11.0,0.0,49.0,2013,8,25
5302.0,1986.0,Graduation,Married,78394.0,0.0,0.0,2013-02-15,13.0,298.0,27.0,556.0,120.5,24.0,126.5,1.0,4.0,6.0,5.0,2.0,0.0,0.0,0.0,0.0,0.0,0.0,3.0,11.0,0.0,28.0,2013,2,15
4687.0,1958.0,Master,Married,80739.0,0.0,0.0,2013-05-23,92.0,674.0,81.0,556.0,39.0,0.0,92.0,1.0,3.0,10.0,9.0,1.0,0.0,0.0,0.0,0.0,0.0,0.0,3.0,11.0,0.0,56.0,2013,5,23
1087.0,1975.0,Master,Married,22669.0,1.0,0.0,2013-05-22,30.0,16.0,14.0,36.0,37.0,22.0,48.0,3.0,4.0,1.0,2.0,9.0,0.0,0.0,0.0,0.0,0.0,0.0,3.0,11.0,0.0,39.0,2013,5,22
6859.0,1987.0,Graduation,Single,29236.0,1.0,0.0,2013-10-08,30.0,37.0,4.0,24.0,16.0,9.0,9.0,2.0,4.0,0.0,3.0,9.0,0.0,0.0,0.0,0.0,0.0,0.0,3.0,11.0,0.0,27.0,2013,10,8
9860.0,1959.0,Graduation,Married,44911.0,0.0,1.0,2013-03-15,11.0,159.0,0.0,22.0,2.0,1.0,31.0,3.0,4.0,1.0,4.0,7.0,0.0,0.0,0.0,0.0,0.0,0.0,3.0,11.0,0.0,55.0,2013,3,15
7129.0,1962.0,Phd,Married,54693.0,0.0,1.0,2013-02-17,72.0,686.0,17.0,142.0,23.0,26.0,35.0,6.0,6.0,4.0,13.0,6.0,0.0,0.0,0.0,0.0,0.0,0.0,3.0,11.0,0.0,52.0,2013,2,17
5866.0,1974.0,Graduation,Married,48186.0,1.0,0.0,2014-03-20,39.0,97.0,3.0,66.0,12.0,7.0,34.0,3.0,4.0,1.0,4.0,7.0,0.0,0.0,0.0,0.0,0.0,0.0,3.0,11.0,0.0,40.0,2014,3,20
10521.0,1977.0,Graduation,Married,54809.0,1.0,1.0,2013-09-11,0.0,63.0,6.0,57.0,13.0,13.0,22.0,4.0,2.0,1.0,5.0,4.0,0.0,0.0,0.0,0.0,0.0,0.0,3.0,11.0,0.0,37.0,2013,9,11
7393.0,1978.0,Graduation,Married,41580.0,1.0,1.0,2012-12-10,15.0,56.0,5.0,24.0,4.0,0.0,3.0,3.0,2.0,1.0,3.0,5.0,0.0,0.0,0.0,0.0,0.0,0.0,3.0,11.0,0.0,36.0,2012,12,10
7849.0,1970.0,Phd,Married,80336.0,0.0,0.0,2013-09-09,12.0,209.0,19.0,456.0,120.5,81.0,66.0,1.0,2.0,9.0,13.0,1.0,0.0,0.0,0.0,0.0,0.0,0.0,3.0,11.0,0.0,44.0,2013,9,9
332.0,1957.0,Graduation,Married,47743.0,0.0,1.0,2013-03-22,56.0,198.0,2.0,43.0,0.0,12.0,20.0,3.0,4.0,1.0,6.0,6.0,0.0,0.0,0.0,0.0,0.0,0.0,3.0,11.0,0.0,57.0,2013,3,22
9847.0,1955.0,2N Cycle,Married,62972.0,0.0,1.0,2012-08-03,39.0,313.0,15.0,47.0,20.0,0.0,126.5,2.0,7.0,4.0,3.0,6.0,0.0,0.0,0.0,0.0,0.0,0.0,3.0,11.0,0.0,59.0,2012,8,3
531.0,1954.0,Phd,Divorced,57333.0,0.0,1.0,2012-09-22,55.0,941.0,14.0,397.0,76.0,58.0,126.5,6.0,8.0,5.0,9.0,6.0,0.0,0.0,0.0,0.0,0.0,0.0,3.0,11.0,0.0,60.0,2012,9,22
9576.0,1982.0,Phd,Married,32313.0,1.0,0.0,2013-02-11,60.0,86.0,4.0,56.0,2.0,4.0,7.0,3.0,4.0,0.0,4.0,9.0,0.0,0.0,0.0,0.0,0.0,0.0,3.0,11.0,0.0,32.0,2013,2,11
6906.0,1953.0,Master,Widow,84953.0,0.0,0.0,2013-06-03,73.0,167.0,48.0,556.0,63.0,72.0,72.0,1.0,3.0,10.0,4.0,2.0,0.0,0.0,0.0,0.0,0.0,0.0,3.0,11.0,0.0,61.0,2013,6,3
7419.0,1968.0,Master,Divorced,27071.0,1.0,0.0,2014-04-23,90.0,8.0,3.0,19.0,0.0,2.0,3.0,2.0,2.0,0.0,3.0,6.0,0.0,0.0,0.0,0.0,0.0,0.0,3.0,11.0,0.0,46.0,2014,4,23
3170.0,1957.0,Master,Married,68148.0,0.0,0.0,2013-08-31,86.0,389.0,66.0,408.0,37.0,57.0,85.0,1.0,4.0,4.0,6.0,2.0,0.0,0.0,0.0,0.0,0.0,0.0,3.0,11.0,0.0,57.0,2013,8,31
8527.0,1965.0,Master,Married,65735.0,1.0,1.0,2013-12-07,37.0,239.0,7.0,119.0,4.0,15.0,11.0,5.0,6.0,2.0,6.0,7.0,0.0,0.0,0.0,0.0,0.0,0.0,3.0,11.0,0.0,49.0,2013,12,7
7872.0,1975.0,Phd,Married,86836.0,0.0,0.0,2012-09-12,7.0,179.0,21.0,273.0,0.0,21.0,63.0,1.0,6.0,10.0,6.0,5.0,0.0,0.0,0.0,0.0,0.0,0.0,3.0,11.0,0.0,39.0,2012,9,12
9931.0,1963.0,Phd,Married,4023.0,1.0,1.0,2014-06-23,29.0,5.0,0.0,1.0,1.0,1.0,1.0,6.0,0.0,0.0,0.0,13.0,0.0,0.0,0.0,0.0,0.0,0.0,3.0,11.0,0.0,51.0,2014,6,23
10595.0,1990.0,Graduation,Married,30093.0,0.0,0.0,2013-07-08,19.0,2.0,6.0,28.0,13.0,4.0,16.0,1.0,2.0,0.0,3.0,7.0,0.0,0.0,0.0,0.0,0.0,0.0,3.0,11.0,0.0,24.0,2013,7,8
4609.0,1966.0,Phd,Married,57705.0,0.0,1.0,2014-01-11,14.0,383.0,0.0,53.0,6.0,4.0,40.0,3.0,8.0,1.0,6.0,6.0,0.0,0.0,0.0,0.0,0.0,0.0,3.0,11.0,0.0,48.0,2014,1,11
5010.0,1988.0,Graduation,Single,25008.0,1.0,0.0,2014-02-02,72.0,2.0,8.0,8.0,6.0,1.0,9.0,2.0,1.0,0.0,3.0,8.0,0.0,0.0,0.0,0.0,0.0,0.0,3.0,11.0,0.0,26.0,2014,2,2
4427.0,1995.0,2N Cycle,Single,83257.0,0.0,0.0,2012-09-18,56.0,536.0,27.0,556.0,38.0,81.0,67.0,1.0,5.0,10.0,12.0,6.0,0.0,0.0,0.0,0.0,0.0,0.0,3.0,11.0,0.0,19.0,2012,9,18
11148.0,1975.0,Graduation,Married,22280.0,1.0,0.0,2013-05-19,85.0,2.0,1.0,4.0,3.0,1.0,2.0,1.0,1.0,0.0,2.0,8.0,0.0,0.0,0.0,0.0,0.0,0.0,3.0,11.0,0.0,39.0,2013,5,19
1168.0,1978.0,Phd,Married,72159.0,0.0,0.0,2012-10-29,62.0,322.0,53.0,556.0,34.0,40.0,53.0,1.0,4.0,6.0,10.0,2.0,0.0,0.0,0.0,0.0,0.0,0.0,3.0,11.0,0.0,36.0,2012,10,29
9595.0,1961.0,Graduation,Married,64260.0,0.0,0.0,2013-01-11,1.0,539.0,81.0,556.0,20.0,0.0,30.0,1.0,4.0,5.0,4.0,3.0,0.0,0.0,0.0,0.0,0.0,0.0,3.0,11.0,0.0,53.0,2013,1,11
10163.0,1984.0,Phd,Single,82733.0,0.0,0.0,2013-09-10,28.0,712.0,50.0,420.0,65.0,38.0,38.0,1.0,8.0,4.0,7.0,4.0,0.0,0.0,0.0,0.0,0.0,0.0,3.0,11.0,0.0,30.0,2013,9,10
2886.0,1971.0,Master,Divorced,74290.0,0.0,1.0,2013-08-12,70.0,1121.0,0.0,72.0,0.0,12.0,12.0,4.0,10.0,8.0,10.0,6.0,0.0,0.0,0.0,0.0,0.0,0.0,3.0,11.0,0.0,43.0,2013,8,12
6710.0,1951.0,Master,Single,58217.0,2.0,1.0,2012-11-17,84.0,68.0,1.0,13.0,3.0,5.0,13.0,1.0,2.0,0.0,4.0,6.0,0.0,0.0,0.0,0.0,0.0,0.0,3.0,11.0,0.0,63.0,2012,11,17
5316.0,1976.0,Master,Married,21024.0,0.0,0.0,2013-07-04,89.0,36.0,4.0,18.0,6.0,2.0,18.0,1.0,2.0,0.0,4.0,7.0,0.0,0.0,0.0,0.0,0.0,0.0,3.0,11.0,0.0,38.0,2013,7,4
9029.0,1972.0,Phd,Married,70116.0,0.0,0.0,2013-01-26,73.0,707.0,44.0,556.0,95.0,58.0,29.0,1.0,2.0,8.0,12.0,1.0,0.0,0.0,0.0,0.0,0.0,0.0,3.0,11.0,0.0,42.0,2013,1,26
521.0,1985.0,Graduation,Married,54006.0,1.0,0.0,2012-09-18,42.0,174.0,77.0,203.0,6.0,24.0,97.0,2.0,8.0,1.0,7.0,7.0,0.0,0.0,0.0,0.0,0.0,0.0,3.0,11.0,0.0,29.0,2012,9,18
1459.0,1966.0,Phd,Married,69063.0,0.0,1.0,2012-11-07,16.0,666.0,35.0,124.0,69.0,8.0,26.0,1.0,5.0,3.0,5.0,3.0,0.0,0.0,0.0,0.0,0.0,0.0,3.0,11.0,0.0,48.0,2012,11,7
10241.0,1975.0,2N Cycle,Divorced,11448.0,0.0,0.0,2013-12-15,16.0,0.0,0.0,0.0,6.0,2.0,6.0,1.0,1.0,0.0,2.0,6.0,0.0,0.0,0.0,0.0,0.0,0.0,3.0,11.0,0.0,39.0,2013,12,15
1630.0,1979.0,Graduation,Single,61825.0,0.0,1.0,2013-08-07,56.0,162.0,50.0,100.0,55.0,30.0,27.0,1.0,4.0,2.0,8.0,4.0,0.0,0.0,0.0,0.0,0.0,0.0,3.0,11.0,0.0,35.0,2013,8,7
3254.0,1971.0,Graduation,Married,70886.0,1.0,0.0,2013-10-14,65.0,407.0,70.0,239.0,103.0,81.0,53.0,1.0,5.0,4.0,4.0,2.0,0.0,0.0,0.0,0.0,0.0,0.0,3.0,11.0,0.0,43.0,2013,10,14
9064.0,1982.0,Graduation,Married,69109.0,0.0,0.0,2012-11-09,10.0,823.0,25.0,459.0,120.5,29.0,95.0,1.0,6.0,6.0,7.0,4.0,0.0,0.0,0.0,0.0,0.0,0.0,3.0,11.0,0.0,32.0,2012,11,9
3678.0,1973.0,Graduation,Widow,60208.0,1.0,1.0,2012-10-07,13.0,488.0,23.0,71.0,15.0,0.0,59.0,6.0,8.0,3.0,7.0,7.0,0.0,0.0,0.0,0.0,0.0,0.0,3.0,11.0,0.0,41.0,2012,10,7
4227.0,1968.0,Master,Married,32889.0,1.0,1.0,2013-09-06,78.0,28.0,0.0,13.0,4.0,2.0,8.0,3.0,2.0,1.0,3.0,5.0,0.0,0.0,0.0,0.0,0.0,0.0,3.0,11.0,0.0,46.0,2013,9,6
9467.0,1984.0,Graduation,Single,34738.0,1.0,0.0,2014-05-11,51.0,3.0,2.0,10.0,3.0,0.0,2.0,1.0,1.0,0.0,3.0,6.0,0.0,0.0,0.0,0.0,0.0,0.0,3.0,11.0,0.0,30.0,2014,5,11
8486.0,1971.0,Master,Married,30538.0,1.0,0.0,2012-10-01,27.0,284.0,0.0,52.0,8.0,3.0,20.0,4.0,9.0,0.0,4.0,10.0,0.0,0.0,0.0,0.0,0.0,0.0,3.0,11.0,0.0,43.0,2012,10,1
2186.0,1977.0,2N Cycle,Married,82326.0,0.0,0.0,2014-03-10,30.0,938.0,81.0,556.0,120.5,81.0,126.5,1.0,5.0,10.0,6.0,2.0,0.0,0.0,0.0,0.0,0.0,0.0,3.0,11.0,0.0,37.0,2014,3,10
3286.0,1967.0,Phd,Divorced,26642.0,1.0,0.0,2014-03-01,71.0,13.0,2.0,15.0,2.0,2.0,8.0,2.0,2.0,0.0,3.0,6.0,0.0,0.0,0.0,0.0,0.0,0.0,3.0,11.0,0.0,47.0,2014,3,1
8602.0,1964.0,Graduation,Divorced,69932.0,0.0,1.0,2013-06-12,97.0,412.0,81.0,153.0,120.5,81.0,57.0,2.0,7.0,6.0,11.0,4.0,0.0,0.0,0.0,0.0,0.0,0.0,3.0,11.0,0.0,50.0,2013,6,12
3722.0,1972.0,Graduation,Single,44503.0,1.0,1.0,2014-04-16,83.0,31.0,1.0,8.0,0.0,0.0,8.0,2.0,2.0,0.0,3.0,6.0,0.0,0.0,0.0,0.0,0.0,0.0,3.0,11.0,0.0,42.0,2014,4,16
6715.0,1948.0,Phd,Single,60200.0,0.0,1.0,2013-01-02,3.0,502.0,19.0,132.0,0.0,6.0,26.0,6.0,6.0,2.0,11.0,6.0,0.0,0.0,0.0,0.0,0.0,0.0,3.0,11.0,0.0,66.0,2013,1,2
4796.0,1952.0,Graduation,Divorced,49638.0,0.0,1.0,2014-04-19,71.0,18.0,10.0,3.0,3.0,5.0,0.0,1.0,1.0,0.0,3.0,2.0,0.0,0.0,0.0,0.0,0.0,0.0,3.0,11.0,0.0,62.0,2014,4,19
9612.0,1987.0,2N Cycle,Single,23830.0,0.0,0.0,2014-02-07,3.0,1.0,8.0,6.0,4.0,8.0,16.0,1.0,1.0,0.0,3.0,7.0,0.0,0.0,0.0,0.0,0.0,0.0,3.0,11.0,0.0,27.0,2014,2,7
3766.0,1959.0,Master,Widow,33051.0,0.0,0.0,2012-08-16,15.0,100.0,71.0,243.0,108.0,81.0,126.5,3.0,9.0,1.0,8.0,9.0,0.0,0.0,0.0,0.0,0.0,0.0,3.0,11.0,0.0,55.0,2012,8,16
1399.0,1958.0,Graduation,Married,72905.0,0.0,0.0,2014-01-21,52.0,407.0,81.0,445.0,120.5,81.0,126.5,1.0,3.0,7.0,9.0,1.0,0.0,0.0,0.0,0.0,0.0,0.0,3.0,11.0,0.0,56.0,2014,1,21
1570.0,1951.0,Phd,Married,69702.0,0.0,1.0,2013-02-19,8.0,664.0,9.0,240.0,50.0,19.0,57.0,2.0,7.0,7.0,10.0,4.0,0.0,0.0,0.0,0.0,0.0,0.0,3.0,11.0,0.0,63.0,2013,2,19
3426.0,1975.0,Graduation,Divorced,70300.0,1.0,0.0,2013-07-15,89.0,1045.0,61.0,338.0,60.0,46.0,46.0,3.0,5.0,5.0,13.0,8.0,0.0,0.0,0.0,0.0,0.0,0.0,3.0,11.0,0.0,39.0,2013,7,15
3074.0,1984.0,Phd,Married,70643.0,0.0,0.0,2012-10-15,66.0,1218.0,81.0,304.0,23.0,81.0,33.0,1.0,5.0,8.0,4.0,6.0,0.0,0.0,0.0,0.0,0.0,0.0,3.0,11.0,0.0,30.0,2012,10,15
8341.0,1969.0,Phd,Married,30396.0,1.0,0.0,2014-04-30,22.0,15.0,0.0,6.0,0.0,1.0,12.0,2.0,1.0,1.0,2.0,7.0,0.0,0.0,0.0,0.0,0.0,0.0,3.0,11.0,0.0,45.0,2014,4,30
5180.0,1968.0,Phd,Divorced,50616.0,0.0,1.0,2014-04-18,56.0,128.0,0.0,16.0,0.0,1.0,4.0,2.0,4.0,0.0,4.0,7.0,0.0,0.0,0.0,0.0,0.0,0.0,3.0,11.0,0.0,46.0,2014,4,18
6461.0,1969.0,Master,Single,62772.0,0.0,1.0,2013-05-19,74.0,581.0,49.0,157.0,43.0,8.0,108.0,1.0,5.0,6.0,11.0,2.0,0.0,0.0,0.0,0.0,0.0,0.0,3.0,11.0,0.0,45.0,2013,5,19
7679.0,1985.0,Phd,Single,30298.0,0.0,0.0,2014-05-19,48.0,6.0,3.0,12.0,6.0,1.0,0.0,1.0,1.0,1.0,3.0,3.0,0.0,0.0,0.0,0.0,0.0,0.0,3.0,11.0,0.0,29.0,2014,5,19
10702.0,1984.0,Graduation,Single,52413.0,1.0,0.0,2012-11-03,67.0,185.0,8.0,133.0,56.0,56.0,12.0,2.0,7.0,1.0,7.0,7.0,0.0,0.0,0.0,0.0,0.0,0.0,3.0,11.0,0.0,30.0,2012,11,3
7505.0,1957.0,Phd,Married,44155.0,1.0,1.0,2014-01-19,24.0,22.0,1.0,9.0,0.0,0.0,14.0,1.0,1.0,1.0,2.0,4.0,0.0,0.0,0.0,0.0,0.0,0.0,3.0,11.0,0.0,57.0,2014,1,19
5113.0,1971.0,Phd,Divorced,86979.0,0.0,0.0,2013-11-07,67.0,584.0,81.0,556.0,65.0,81.0,35.0,1.0,5.0,5.0,5.0,2.0,0.0,0.0,0.0,0.0,0.0,0.0,3.0,11.0,0.0,43.0,2013,11,7
10858.0,1975.0,Graduation,Married,76532.0,1.0,1.0,2013-09-09,38.0,355.0,30.0,177.0,90.0,81.0,30.0,4.0,9.0,5.0,7.0,5.0,0.0,0.0,0.0,0.0,0.0,0.0,3.0,11.0,0.0,39.0,2013,9,9
2961.0,1982.0,Graduation,Married,42081.0,1.0,0.0,2013-02-26,86.0,175.0,10.0,110.0,54.0,6.0,27.0,2.0,6.0,3.0,4.0,6.0,0.0,0.0,0.0,0.0,0.0,0.0,3.0,11.0,0.0,32.0,2013,2,26
2747.0,1988.0,Phd,Married,67546.0,0.0,0.0,2012-08-31,90.0,864.0,81.0,556.0,120.5,38.0,126.5,1.0,4.0,10.0,5.0,3.0,0.0,0.0,0.0,0.0,0.0,0.0,3.0,11.0,0.0,26.0,2012,8,31
3010.0,1989.0,Master,Married,88420.0,0.0,0.0,2014-05-02,87.0,957.0,81.0,556.0,99.0,81.0,126.5,1.0,4.0,7.0,8.0,1.0,0.0,0.0,0.0,0.0,0.0,0.0,3.0,11.0,0.0,25.0,2014,5,2
5790.0,1985.0,Graduation,Married,31158.0,1.0,0.0,2013-01-27,62.0,25.0,6.0,16.0,20.0,0.0,5.0,2.0,2.0,0.0,3.0,8.0,0.0,0.0,0.0,0.0,0.0,0.0,3.0,11.0,0.0,29.0,2013,1,27
6892.0,1968.0,Graduation,Divorced,61671.0,0.0,1.0,2014-06-03,23.0,641.0,7.0,56.0,0.0,0.0,28.0,6.0,10.0,4.0,6.0,8.0,0.0,0.0,0.0,0.0,0.0,0.0,3.0,11.0,0.0,46.0,2014,6,3
1743.0,1974.0,Graduation,Single,69719.0,0.0,0.0,2014-05-26,99.0,273.0,81.0,208.0,120.5,14.0,43.0,1.0,2.0,3.0,5.0,1.0,0.0,0.0,0.0,0.0,0.0,0.0,3.0,11.0,0.0,40.0,2014,5,26
3578.0,1949.0,Graduation,Divorced,49160.0,0.0,1.0,2013-10-20,29.0,122.0,21.0,43.0,25.0,10.0,15.0,2.0,3.0,1.0,6.0,6.0,0.0,0.0,0.0,0.0,0.0,0.0,3.0,11.0,0.0,65.0,2013,10,20
8462.0,1978.0,Basic,Married,24882.0,1.0,0.0,2012-09-09,52.0,1.0,4.0,10.0,29.0,0.0,36.0,1.0,1.0,1.0,2.0,6.0,0.0,0.0,0.0,0.0,0.0,0.0,3.0,11.0,0.0,36.0,2012,9,9
5558.0,1954.0,Phd,Single,90933.0,0.0,0.0,2014-03-31,90.0,1020.0,31.0,430.0,62.0,63.0,79.0,1.0,4.0,6.0,4.0,1.0,0.0,0.0,0.0,0.0,0.0,0.0,3.0,11.0,0.0,60.0,2014,3,31
4619.0,1945.0,Phd,Single,113734.0,0.0,0.0,2014-05-28,9.0,6.0,2.0,3.0,1.0,81.0,3.0,0.0,12.0,0.0,0.0,1.0,0.0,0.0,0.0,0.0,0.0,0.0,3.0,11.0,0.0,69.0,2014,5,28
8780.0,1950.0,Phd,Married,59292.0,0.0,1.0,2013-06-13,71.0,378.0,14.0,68.0,19.0,14.0,14.0,2.0,3.0,5.0,8.0,3.0,0.0,0.0,0.0,0.0,0.0,0.0,3.0,11.0,0.0,64.0,2013,6,13
10789.0,1964.0,Phd,Married,45759.0,1.0,1.0,2013-02-23,13.0,42.0,1.0,18.0,3.0,0.0,4.0,2.0,2.0,0.0,3.0,7.0,0.0,0.0,0.0,0.0,0.0,0.0,3.0,11.0,0.0,50.0,2013,2,23
10779.0,1983.0,Graduation,Single,22148.0,0.0,0.0,2014-04-13,16.0,15.0,5.0,14.0,0.0,4.0,11.0,1.0,1.0,0.0,3.0,7.0,0.0,0.0,0.0,0.0,0.0,0.0,3.0,11.0,0.0,31.0,2014,4,13
5896.0,1987.0,Master,Married,73395.0,0.0,0.0,2014-03-18,94.0,272.0,7.0,80.0,20.0,7.0,11.0,1.0,4.0,4.0,6.0,2.0,0.0,0.0,0.0,0.0,0.0,0.0,3.0,11.0,0.0,27.0,2014,3,18
2337.0,1971.0,Graduation,Divorced,29819.0,1.0,0.0,2013-10-24,77.0,9.0,1.0,24.0,2.0,1.0,2.0,3.0,3.0,0.0,3.0,6.0,0.0,0.0,0.0,0.0,0.0,0.0,3.0,11.0,0.0,43.0,2013,10,24
10951.0,1968.0,Graduation,Married,45688.0,0.0,1.0,2014-01-25,20.0,279.0,0.0,18.0,0.0,0.0,9.0,2.0,3.0,1.0,8.0,4.0,0.0,0.0,0.0,0.0,0.0,0.0,3.0,11.0,0.0,46.0,2014,1,25
544.0,1954.0,Graduation,Married,62820.0,0.0,0.0,2013-05-11,51.0,398.0,61.0,265.0,120.5,61.0,53.0,1.0,3.0,4.0,6.0,1.0,0.0,0.0,0.0,0.0,0.0,0.0,3.0,11.0,0.0,60.0,2013,5,11
17.0,1971.0,Phd,Married,60491.0,0.0,1.0,2013-09-06,81.0,637.0,47.0,237.0,12.0,19.0,76.0,4.0,6.0,10.0,7.0,5.0,0.0,0.0,0.0,0.0,0.0,0.0,3.0,11.0,0.0,43.0,2013,9,6
10680.0,1986.0,Graduation,Married,33235.0,1.0,0.0,2014-02-05,71.0,45.0,0.0,16.0,2.0,1.0,6.0,1.0,3.0,0.0,3.0,7.0,0.0,0.0,0.0,0.0,0.0,0.0,3.0,11.0,0.0,28.0,2014,2,5
3265.0,1959.0,Graduation,Married,35701.0,0.0,0.0,2013-03-19,36.0,21.0,1.0,9.0,7.0,3.0,5.0,1.0,1.0,0.0,3.0,6.0,0.0,0.0,0.0,0.0,0.0,0.0,3.0,11.0,0.0,55.0,2013,3,19
5623.0,1980.0,Master,Married,31535.0,1.0,0.0,2013-09-26,95.0,15.0,4.0,13.0,0.0,0.0,19.0,1.0,1.0,1.0,2.0,7.0,0.0,0.0,0.0,0.0,0.0,0.0,3.0,11.0,0.0,34.0,2013,9,26
5832.0,1960.0,2N Cycle,Married,92556.0,0.0,0.0,2014-04-20,32.0,493.0,81.0,352.0,120.5,23.0,28.0,0.0,3.0,5.0,13.0,0.0,0.0,0.0,0.0,0.0,0.0,0.0,3.0,11.0,0.0,54.0,2014,4,20
5544.0,1970.0,Graduation,Single,67384.0,0.0,1.0,2012-11-10,32.0,957.0,40.0,175.0,120.5,53.0,107.0,2.0,7.0,8.0,5.0,5.0,0.0,0.0,0.0,0.0,0.0,0.0,3.0,11.0,0.0,44.0,2012,11,10
6417.0,1971.0,Master,Married,80573.0,0.0,0.0,2012-10-14,85.0,829.0,81.0,430.0,60.0,81.0,15.0,1.0,4.0,6.0,13.0,2.0,0.0,0.0,0.0,0.0,0.0,0.0,3.0,11.0,0.0,43.0,2012,10,14
5831.0,1967.0,Graduation,Married,77870.0,0.0,1.0,2012-08-22,93.0,1017.0,50.0,500.0,65.0,50.0,126.5,3.0,5.0,5.0,5.0,8.0,0.0,0.0,0.0,0.0,0.0,0.0,3.0,11.0,0.0,47.0,2012,8,22
7101.0,1963.0,Phd,Widow,52278.0,0.0,1.0,2013-01-25,24.0,953.0,0.0,71.0,0.0,0.0,126.5,6.0,10.0,5.0,10.0,8.0,0.0,0.0,0.0,0.0,0.0,0.0,3.0,11.0,0.0,51.0,2013,1,25
10176.0,1968.0,Graduation,Single,57107.0,0.0,1.0,2012-08-24,44.0,159.0,0.0,120.0,0.0,0.0,126.5,6.0,4.0,4.0,8.0,8.0,0.0,0.0,0.0,0.0,0.0,0.0,3.0,11.0,0.0,46.0,2012,8,24
2326.0,1990.0,Graduation,Married,18929.0,0.0,0.0,2013-02-16,15.0,32.0,0.0,8.0,23.0,4.0,18.0,1.0,1.0,0.0,4.0,6.0,0.0,0.0,0.0,0.0,0.0,0.0,3.0,11.0,0.0,24.0,2013,2,16
4385.0,1981.0,Phd,Single,36038.0,1.0,0.0,2013-05-31,82.0,23.0,0.0,15.0,0.0,2.0,7.0,2.0,3.0,0.0,3.0,6.0,0.0,0.0,0.0,0.0,0.0,0.0,3.0,11.0,0.0,33.0,2013,5,31
2929.0,1976.0,Graduation,Single,20180.0,0.0,0.0,2013-02-20,27.0,18.0,42.0,24.0,15.0,20.0,18.0,1.0,2.0,1.0,4.0,7.0,0.0,0.0,0.0,0.0,0.0,0.0,3.0,11.0,0.0,38.0,2013,2,20
10686.0,1965.0,Phd,Married,34230.0,1.0,1.0,2012-12-26,72.0,15.0,0.0,4.0,0.0,0.0,2.0,1.0,1.0,0.0,2.0,7.0,0.0,0.0,0.0,0.0,0.0,0.0,3.0,11.0,0.0,49.0,2012,12,26
2546.0,1977.0,2N Cycle,Single,31878.0,0.0,1.0,2014-06-22,7.0,23.0,4.0,5.0,10.0,5.0,23.0,1.0,1.0,0.0,4.0,3.0,0.0,0.0,0.0,0.0,0.0,0.0,3.0,11.0,0.0,37.0,2014,6,22
3283.0,1972.0,2N Cycle,Married,70932.0,0.0,1.0,2014-01-19,57.0,200.0,81.0,100.0,46.0,81.0,126.5,2.0,6.0,2.0,12.0,3.0,0.0,0.0,0.0,0.0,0.0,0.0,3.0,11.0,0.0,42.0,2014,1,19
3138.0,1956.0,Graduation,Single,91249.0,0.0,0.0,2012-10-20,84.0,1225.0,27.0,119.0,71.0,81.0,27.0,0.0,7.0,9.0,6.0,4.0,0.0,0.0,0.0,0.0,0.0,0.0,3.0,11.0,0.0,58.0,2012,10,20
4994.0,1943.0,Master,Single,77598.0,0.0,0.0,2013-10-01,53.0,1193.0,33.0,281.0,120.5,66.0,33.0,1.0,7.0,5.0,13.0,3.0,0.0,0.0,0.0,0.0,0.0,0.0,3.0,11.0,0.0,71.0,2013,10,1
7966.0,1959.0,Graduation,Single,80982.0,1.0,1.0,2013-01-08,48.0,505.0,81.0,401.0,104.0,22.0,22.0,3.0,11.0,5.0,11.0,5.0,0.0,0.0,0.0,0.0,0.0,0.0,3.0,11.0,0.0,55.0,2013,1,8
3112.0,1977.0,Master,Married,22701.0,1.0,0.0,2013-09-05,2.0,2.0,4.0,9.0,0.0,4.0,5.0,1.0,1.0,0.0,3.0,5.0,0.0,0.0,0.0,0.0,0.0,0.0,3.0,11.0,0.0,37.0,2013,9,5
10872.0,1969.0,Phd,Married,55212.0,0.0,1.0,2012-11-23,65.0,1103.0,0.0,45.0,0.0,0.0,34.0,3.0,4.0,2.0,11.0,8.0,0.0,0.0,0.0,0.0,0.0,0.0,3.0,11.0,0.0,45.0,2012,11,23
2181.0,1970.0,Graduation,Married,70617.0,0.0,0.0,2013-06-23,45.0,353.0,61.0,556.0,40.0,46.0,27.0,1.0,3.0,3.0,7.0,2.0,0.0,0.0,0.0,0.0,0.0,0.0,3.0,11.0,0.0,44.0,2013,6,23
1867.0,1957.0,Graduation,Single,64849.0,0.0,0.0,2012-11-13,42.0,652.0,48.0,350.0,94.0,81.0,108.0,1.0,9.0,3.0,6.0,5.0,0.0,0.0,0.0,0.0,0.0,0.0,3.0,11.0,0.0,57.0,2012,11,13
1518.0,1965.0,Master,Married,62694.0,1.0,1.0,2013-06-17,29.0,379.0,6.0,157.0,25.0,81.0,91.0,5.0,9.0,3.0,7.0,7.0,0.0,0.0,0.0,0.0,0.0,0.0,3.0,11.0,0.0,49.0,2013,6,17
5734.0,1974.0,Phd,Married,61917.0,1.0,1.0,2013-11-20,83.0,46.0,4.0,36.0,2.0,2.0,1.0,1.0,2.0,0.0,4.0,5.0,0.0,0.0,0.0,0.0,0.0,0.0,3.0,11.0,0.0,40.0,2013,11,20
2878.0,1947.0,Phd,Married,67472.0,0.0,1.0,2013-09-28,93.0,162.0,31.0,127.0,8.0,17.0,69.0,2.0,4.0,2.0,7.0,3.0,0.0,0.0,0.0,0.0,0.0,0.0,3.0,11.0,0.0,67.0,2013,9,28
1458.0,1982.0,Master,Married,21059.0,1.0,0.0,2014-01-07,40.0,8.0,3.0,19.0,3.0,3.0,8.0,3.0,3.0,0.0,3.0,6.0,0.0,0.0,0.0,0.0,0.0,0.0,3.0,11.0,0.0,32.0,2014,1,7
7007.0,1968.0,Master,Married,29543.0,2.0,0.0,2014-04-01,47.0,17.0,3.0,18.0,3.0,4.0,18.0,2.0,3.0,1.0,2.0,7.0,0.0,0.0,0.0,0.0,0.0,0.0,3.0,11.0,0.0,46.0,2014,4,1
6200.0,1951.0,Graduation,Married,75903.0,0.0,1.0,2013-04-08,50.0,340.0,81.0,185.0,120.5,38.0,100.0,2.0,6.0,6.0,9.0,3.0,0.0,0.0,0.0,0.0,0.0,0.0,3.0,11.0,0.0,63.0,2013,4,8
1403.0,1975.0,2N Cycle,Married,34984.0,1.0,1.0,2012-09-06,40.0,8.0,4.0,15.0,3.0,5.0,3.0,2.0,1.0,0.0,3.0,7.0,0.0,0.0,0.0,0.0,0.0,0.0,3.0,11.0,0.0,39.0,2012,9,6
4827.0,1956.0,Phd,Single,54998.0,0.0,1.0,2013-03-10,3.0,154.0,22.0,202.0,39.0,30.0,8.0,5.0,4.0,2.0,9.0,4.0,0.0,0.0,0.0,0.0,0.0,0.0,3.0,11.0,0.0,58.0,2013,3,10
6250.0,1949.0,Phd,Widow,54356.0,0.0,1.0,2012-11-19,62.0,710.0,15.0,30.0,20.0,0.0,0.0,3.0,11.0,2.0,8.0,8.0,0.0,0.0,0.0,0.0,0.0,0.0,3.0,11.0,0.0,65.0,2012,11,19
9291.0,1959.0,Master,Married,34242.0,0.0,1.0,2014-03-23,25.0,8.0,2.0,4.0,0.0,0.0,1.0,1.0,0.0,0.0,3.0,5.0,0.0,0.0,0.0,0.0,0.0,0.0,3.0,11.0,0.0,55.0,2014,3,23
2478.0,1973.0,Graduation,Married,25410.0,1.0,0.0,2013-08-31,48.0,2.0,2.0,4.0,13.0,13.0,4.0,1.0,1.0,0.0,4.0,4.0,0.0,0.0,0.0,0.0,0.0,0.0,3.0,11.0,0.0,41.0,2013,8,31
1139.0,1984.0,Phd,Married,73356.0,0.0,0.0,2014-02-06,56.0,1050.0,14.0,322.0,0.0,14.0,112.0,1.0,5.0,10.0,5.0,2.0,0.0,0.0,0.0,0.0,0.0,0.0,3.0,11.0,0.0,30.0,2014,2,6
5138.0,1950.0,Graduation,Married,28320.0,0.0,1.0,2013-01-14,68.0,19.0,1.0,14.0,3.0,2.0,4.0,1.0,1.0,0.0,3.0,8.0,0.0,0.0,0.0,0.0,0.0,0.0,3.0,11.0,0.0,64.0,2013,1,14
5393.0,1977.0,Graduation,Single,23763.0,1.0,0.0,2012-08-07,64.0,22.0,0.0,6.0,6.0,2.0,6.0,1.0,1.0,0.0,3.0,7.0,0.0,0.0,0.0,0.0,0.0,0.0,3.0,11.0,0.0,37.0,2012,8,7
10413.0,1984.0,Graduation,Married,72570.0,0.0,0.0,2014-04-25,67.0,274.0,81.0,216.0,120.5,81.0,126.5,1.0,4.0,6.0,12.0,1.0,0.0,0.0,0.0,0.0,0.0,0.0,3.0,11.0,0.0,30.0,2014,4,25
5015.0,1976.0,Master,Married,34529.0,1.0,0.0,2012-09-14,94.0,68.0,6.0,38.0,3.0,6.0,41.0,2.0,2.0,2.0,3.0,7.0,0.0,0.0,0.0,0.0,0.0,0.0,3.0,11.0,0.0,38.0,2012,9,14
10868.0,1951.0,Graduation,Widow,70792.0,0.0,0.0,2013-02-06,82.0,344.0,45.0,556.0,104.0,11.0,114.0,2.0,3.0,4.0,10.0,3.0,0.0,0.0,0.0,0.0,0.0,0.0,3.0,11.0,0.0,63.0,2013,2,6
10676.0,1982.0,Graduation,Married,63211.0,0.0,0.0,2012-11-02,3.0,145.0,81.0,459.0,120.5,26.0,126.5,2.0,3.0,8.0,7.0,2.0,0.0,0.0,0.0,0.0,0.0,0.0,3.0,11.0,0.0,32.0,2012,11,2
2495.0,1974.0,Master,Married,83891.0,0.0,1.0,2014-06-20,24.0,217.0,38.0,350.0,111.0,81.0,15.0,1.0,4.0,7.0,10.0,1.0,0.0,0.0,0.0,0.0,0.0,0.0,3.0,11.0,0.0,40.0,2014,6,20
7842.0,1968.0,Graduation,Single,36065.0,1.0,1.0,2013-03-31,54.0,18.0,7.0,34.0,10.0,2.0,3.0,3.0,3.0,0.0,3.0,8.0,0.0,0.0,0.0,0.0,0.0,0.0,3.0,11.0,0.0,46.0,2013,3,31
9955.0,1954.0,Graduation,Married,39898.0,0.0,1.0,2013-02-12,20.0,69.0,8.0,26.0,12.0,7.0,12.0,2.0,3.0,0.0,4.0,7.0,0.0,0.0,0.0,0.0,0.0,0.0,3.0,11.0,0.0,60.0,2013,2,12
6663.0,1940.0,Phd,Single,51141.0,0.0,0.0,2013-07-08,96.0,144.0,0.0,7.0,0.0,0.0,6.0,1.0,3.0,1.0,4.0,5.0,0.0,0.0,0.0,0.0,0.0,0.0,3.0,11.0,0.0,74.0,2013,7,8
2162.0,1976.0,Graduation,Married,56939.0,0.0,1.0,2013-09-18,19.0,256.0,34.0,103.0,90.0,29.0,49.0,2.0,3.0,3.0,10.0,3.0,0.0,0.0,0.0,0.0,0.0,0.0,3.0,11.0,0.0,38.0,2013,9,18
3434.0,1951.0,Graduation,Single,80872.0,0.0,0.0,2014-05-12,60.0,483.0,72.0,556.0,94.0,12.0,108.0,1.0,4.0,4.0,10.0,1.0,0.0,0.0,0.0,0.0,0.0,0.0,3.0,11.0,0.0,63.0,2014,5,12
7919.0,1976.0,Phd,Married,72335.0,0.0,0.0,2012-08-13,2.0,1225.0,81.0,556.0,28.0,21.0,0.0,1.0,10.0,4.0,8.0,8.0,0.0,0.0,0.0,0.0,0.0,0.0,3.0,11.0,0.0,38.0,2012,8,13
5626.0,1964.0,Phd,Single,61798.0,0.0,0.0,2013-11-23,13.0,338.0,4.0,89.0,11.0,8.0,13.0,1.0,4.0,2.0,9.0,4.0,0.0,0.0,0.0,0.0,0.0,0.0,3.0,11.0,0.0,50.0,2013,11,23
6428.0,1950.0,Phd,Widow,76842.0,0.0,0.0,2014-05-03,37.0,605.0,10.0,345.0,84.0,54.0,32.0,1.0,1.0,8.0,7.0,0.0,0.0,0.0,0.0,0.0,0.0,0.0,3.0,11.0,0.0,64.0,2014,5,3
8514.0,1976.0,Graduation,Married,29478.0,1.0,0.0,2014-01-17,59.0,8.0,0.0,7.0,3.0,1.0,1.0,1.0,1.0,0.0,3.0,6.0,0.0,0.0,0.0,0.0,0.0,0.0,3.0,11.0,0.0,38.0,2014,1,17
10448.0,1956.0,Graduation,Single,46998.0,0.0,1.0,2012-10-22,55.0,172.0,41.0,86.0,45.0,6.0,27.0,5.0,5.0,3.0,5.0,7.0,0.0,0.0,0.0,0.0,0.0,0.0,3.0,11.0,0.0,58.0,2012,10,22
2109.0,1990.0,Graduation,Single,96843.0,0.0,0.0,2013-04-23,60.0,448.0,71.0,556.0,40.0,17.0,17.0,1.0,6.0,10.0,10.0,2.0,0.0,0.0,0.0,0.0,0.0,0.0,3.0,11.0,0.0,24.0,2013,4,23
7530.0,1950.0,Phd,Widow,56551.0,1.0,1.0,2014-05-07,48.0,67.0,4.0,32.0,17.0,2.0,16.0,3.0,2.0,1.0,4.0,4.0,0.0,0.0,0.0,0.0,0.0,0.0,3.0,11.0,0.0,64.0,2014,5,7
8925.0,1965.0,Master,Married,70053.0,0.0,1.0,2013-07-03,38.0,512.0,53.0,98.0,81.0,81.0,89.0,3.0,8.0,5.0,10.0,5.0,0.0,0.0,0.0,0.0,0.0,0.0,3.0,11.0,0.0,49.0,2013,7,3
3009.0,1962.0,Phd,Widow,71670.0,0.0,0.0,2013-07-09,8.0,1225.0,16.0,128.0,0.0,0.0,126.5,1.0,5.0,3.0,6.0,6.0,0.0,0.0,0.0,0.0,0.0,0.0,3.0,11.0,0.0,52.0,2013,7,9
6355.0,1978.0,Graduation,Married,44359.0,1.0,1.0,2014-06-17,19.0,20.0,0.0,14.0,7.0,3.0,1.0,3.0,2.0,0.0,4.0,3.0,0.0,0.0,0.0,0.0,0.0,0.0,3.0,11.0,0.0,36.0,2014,6,17
3517.0,1952.0,Graduation,Single,40887.0,1.0,1.0,2013-05-06,32.0,50.0,4.0,44.0,10.0,10.0,43.0,3.0,3.0,1.0,3.0,9.0,0.0,0.0,0.0,0.0,0.0,0.0,3.0,11.0,0.0,62.0,2013,5,6
1158.0,1966.0,Graduation,Divorced,48877.0,0.0,1.0,2014-01-05,27.0,102.0,1.0,15.0,2.0,0.0,24.0,1.0,3.0,0.0,4.0,7.0,0.0,0.0,0.0,0.0,0.0,0.0,3.0,11.0,0.0,48.0,2014,1,5
6203.0,1947.0,Graduation,Married,74485.0,0.0,0.0,2013-08-24,58.0,499.0,81.0,556.0,120.5,49.0,49.0,1.0,6.0,7.0,12.0,3.0,0.0,0.0,0.0,0.0,0.0,0.0,3.0,11.0,0.0,67.0,2013,8,24
7165.0,1972.0,Graduation,Married,64474.0,0.0,1.0,2013-10-22,59.0,381.0,35.0,172.0,56.0,81.0,93.0,2.0,8.0,2.0,10.0,5.0,0.0,0.0,0.0,0.0,0.0,0.0,3.0,11.0,0.0,42.0,2013,10,22
3595.0,1963.0,Graduation,Married,77226.0,0.0,1.0,2014-02-28,29.0,631.0,43.0,239.0,120.5,76.0,21.0,2.0,6.0,8.0,12.0,3.0,0.0,0.0,0.0,0.0,0.0,0.0,3.0,11.0,0.0,51.0,2014,2,28
8537.0,1949.0,Graduation,Widow,72643.0,0.0,0.0,2013-02-27,60.0,526.0,80.0,553.0,120.5,81.0,53.0,1.0,3.0,10.0,7.0,2.0,0.0,0.0,0.0,0.0,0.0,0.0,3.0,11.0,0.0,65.0,2013,2,27
4331.0,1978.0,Master,Married,85738.0,0.0,0.0,2014-01-23,41.0,913.0,26.0,376.0,17.0,26.0,13.0,1.0,3.0,6.0,11.0,1.0,0.0,0.0,0.0,0.0,0.0,0.0,3.0,11.0,0.0,36.0,2014,1,23
6281.0,1966.0,Graduation,Divorced,55686.0,0.0,1.0,2013-02-14,27.0,673.0,0.0,199.0,37.0,47.0,26.0,2.0,6.0,3.0,5.0,4.0,0.0,0.0,0.0,0.0,0.0,0.0,3.0,11.0,0.0,48.0,2013,2,14
4338.0,1983.0,Graduation,Single,39062.0,1.0,0.0,2014-03-25,28.0,23.0,0.0,9.0,0.0,0.0,12.0,1.0,1.0,0.0,3.0,4.0,0.0,0.0,0.0,0.0,0.0,0.0,3.0,11.0,0.0,31.0,2014,3,25
2452.0,1971.0,Graduation,Married,34600.0,1.0,1.0,2013-01-01,8.0,199.0,33.0,60.0,8.0,3.0,15.0,5.0,5.0,2.0,5.0,8.0,0.0,0.0,0.0,0.0,0.0,0.0,3.0,11.0,0.0,43.0,2013,1,1
9507.0,1975.0,Graduation,Married,40794.0,0.0,1.0,2013-04-07,18.0,261.0,23.0,73.0,4.0,23.0,50.0,2.0,6.0,3.0,5.0,7.0,0.0,0.0,0.0,0.0,0.0,0.0,3.0,11.0,0.0,39.0,2013,4,7
8360.0,1971.0,2N Cycle,Married,54690.0,1.0,1.0,2013-11-07,76.0,111.0,16.0,37.0,7.0,9.0,18.0,3.0,3.0,1.0,5.0,3.0,0.0,0.0,0.0,0.0,0.0,0.0,3.0,11.0,0.0,43.0,2013,11,7
10311.0,1969.0,Graduation,Married,4428.0,0.0,1.0,2013-10-05,0.0,16.0,4.0,12.0,2.0,4.0,126.5,0.0,12.0,0.0,0.0,1.0,0.0,0.0,0.0,0.0,0.0,0.0,3.0,11.0,0.0,45.0,2013,10,5
5117.0,1963.0,2N Cycle,Married,32632.0,0.0,0.0,2012-08-02,32.0,63.0,81.0,137.0,120.5,19.0,53.0,2.0,4.0,4.0,8.0,5.0,0.0,0.0,0.0,0.0,0.0,0.0,3.0,11.0,0.0,51.0,2012,8,2
4867.0,1968.0,Phd,Single,38236.0,1.0,1.0,2013-09-20,2.0,58.0,0.0,18.0,2.0,0.0,10.0,4.0,3.0,0.0,4.0,7.0,0.0,0.0,0.0,0.0,0.0,0.0,3.0,11.0,0.0,46.0,2013,9,20
9289.0,1979.0,Graduation,Married,36781.0,1.0,0.0,2014-04-10,16.0,29.0,1.0,17.0,0.0,3.0,13.0,1.0,2.0,1.0,2.0,8.0,0.0,0.0,0.0,0.0,0.0,0.0,3.0,11.0,0.0,35.0,2014,4,10
10913.0,1984.0,Master,Single,31385.0,1.0,0.0,2012-12-05,56.0,3.0,2.0,12.0,0.0,1.0,9.0,1.0,1.0,0.0,2.0,8.0,0.0,0.0,0.0,0.0,0.0,0.0,3.0,11.0,0.0,30.0,2012,12,5
3032.0,1984.0,Graduation,Married,24570.0,1.0,0.0,2013-02-27,97.0,28.0,34.0,62.0,11.0,14.0,44.0,3.0,4.0,0.0,4.0,9.0,0.0,0.0,0.0,0.0,0.0,0.0,3.0,11.0,0.0,30.0,2013,2,27
8524.0,1974.0,Phd,Divorced,25509.0,1.0,0.0,2012-09-18,15.0,40.0,3.0,30.0,10.0,7.0,11.0,3.0,3.0,0.0,3.0,9.0,0.0,0.0,0.0,0.0,0.0,0.0,3.0,11.0,0.0,40.0,2012,9,18
3334.0,1951.0,Graduation,Married,94642.0,0.0,0.0,2014-02-12,35.0,879.0,81.0,556.0,106.0,81.0,126.5,0.0,5.0,7.0,9.0,1.0,0.0,0.0,0.0,0.0,0.0,0.0,3.0,11.0,0.0,63.0,2014,2,12
4470.0,1962.0,Master,Married,58646.0,0.0,1.0,2013-06-10,3.0,62.0,1.0,44.0,6.0,5.0,22.0,1.0,2.0,1.0,4.0,4.0,0.0,0.0,0.0,0.0,0.0,0.0,3.0,11.0,0.0,52.0,2013,6,10
1406.0,1975.0,Graduation,Single,53201.0,1.0,1.0,2013-02-12,49.0,280.0,7.0,81.0,20.0,0.0,27.0,6.0,6.0,3.0,5.0,7.0,0.0,0.0,0.0,0.0,0.0,0.0,3.0,11.0,0.0,39.0,2013,2,12
8619.0,1957.0,Graduation,Married,21994.0,0.0,1.0,2012-12-24,4.0,9.0,0.0,6.0,3.0,1.0,3.0,1.0,0.0,0.0,3.0,5.0,0.0,0.0,0.0,0.0,0.0,0.0,3.0,11.0,0.0,57.0,2012,12,24
10821.0,1978.0,Graduation,Married,57113.0,1.0,1.0,2013-02-06,45.0,182.0,4.0,33.0,0.0,2.0,42.0,6.0,4.0,1.0,5.0,7.0,0.0,0.0,0.0,0.0,0.0,0.0,3.0,11.0,0.0,36.0,2013,2,6
4552.0,1991.0,Graduation,Married,51373.0,0.0,0.0,2013-06-22,37.0,83.0,2.0,101.0,64.0,26.0,117.0,1.0,3.0,5.0,3.0,4.0,0.0,0.0,0.0,0.0,0.0,0.0,3.0,11.0,0.0,23.0,2013,6,22
898.0,1986.0,Graduation,Married,23477.0,1.0,0.0,2013-10-21,39.0,38.0,15.0,54.0,3.0,8.0,29.0,3.0,3.0,0.0,4.0,8.0,0.0,0.0,0.0,0.0,0.0,0.0,3.0,11.0,0.0,28.0,2013,10,21
9797.0,1956.0,Graduation,Married,58116.0,0.0,1.0,2014-04-13,38.0,228.0,19.0,130.0,4.0,11.0,51.0,2.0,3.0,3.0,8.0,2.0,0.0,0.0,0.0,0.0,0.0,0.0,3.0,11.0,0.0,58.0,2014,4,13
10949.0,1963.0,Phd,Divorced,72968.0,0.0,0.0,2013-12-16,8.0,1092.0,37.0,556.0,120.5,37.0,55.0,1.0,5.0,5.0,8.0,3.0,0.0,0.0,0.0,0.0,0.0,0.0,3.0,11.0,0.0,51.0,2013,12,16
8212.0,1971.0,Master,Married,39791.0,0.0,1.0,2013-03-28,89.0,85.0,15.0,27.0,13.0,13.0,21.0,2.0,3.0,1.0,4.0,7.0,0.0,0.0,0.0,0.0,0.0,0.0,3.0,11.0,0.0,43.0,2013,3,28
6248.0,1947.0,Master,Single,91712.0,0.0,0.0,2013-10-17,47.0,1225.0,24.0,556.0,94.0,29.0,48.0,0.0,9.0,7.0,11.0,3.0,0.0,0.0,0.0,0.0,0.0,0.0,3.0,11.0,0.0,67.0,2013,10,17
10164.0,1958.0,Graduation,Single,94472.0,0.0,1.0,2014-04-03,75.0,1017.0,33.0,417.0,108.0,81.0,16.0,1.0,5.0,5.0,5.0,5.0,0.0,0.0,0.0,0.0,0.0,0.0,3.0,11.0,0.0,56.0,2014,4,3
4547.0,1960.0,Graduation,Married,13672.0,1.0,1.0,2013-04-17,86.0,6.0,2.0,9.0,2.0,1.0,5.0,2.0,1.0,0.0,3.0,8.0,0.0,0.0,0.0,0.0,0.0,0.0,3.0,11.0,0.0,54.0,2013,4,17
6815.0,1980.0,2N Cycle,Married,96547.0,0.0,0.0,2014-05-23,4.0,448.0,21.0,125.0,52.0,81.0,62.0,0.0,7.0,6.0,8.0,2.0,0.0,0.0,0.0,0.0,0.0,0.0,3.0,11.0,0.0,34.0,2014,5,23
4122.0,1975.0,Graduation,Married,79205.0,0.0,0.0,2012-08-29,73.0,504.0,23.0,117.0,120.5,28.0,44.0,1.0,6.0,5.0,4.0,4.0,0.0,0.0,0.0,0.0,0.0,0.0,3.0,11.0,0.0,39.0,2012,8,29
10841.0,1975.0,Phd,Married,56559.0,0.0,1.0,2012-12-25,46.0,226.0,22.0,133.0,41.0,31.0,31.0,3.0,4.0,3.0,8.0,4.0,0.0,0.0,0.0,0.0,0.0,0.0,3.0,11.0,0.0,39.0,2012,12,25
5370.0,1973.0,Phd,Married,32644.0,1.0,0.0,2013-01-16,38.0,239.0,3.0,141.0,0.0,7.0,23.0,4.0,7.0,1.0,6.0,8.0,0.0,0.0,0.0,0.0,0.0,0.0,3.0,11.0,0.0,41.0,2013,1,16
176.0,1980.0,2N Cycle,Single,67506.0,0.0,1.0,2014-01-02,73.0,90.0,38.0,67.0,33.0,36.0,67.0,1.0,4.0,1.0,6.0,3.0,0.0,0.0,0.0,0.0,0.0,0.0,3.0,11.0,0.0,34.0,2014,1,2
4860.0,1970.0,Graduation,Single,24206.0,1.0,0.0,2013-03-08,66.0,7.0,2.0,8.0,3.0,2.0,3.0,1.0,1.0,0.0,3.0,6.0,0.0,0.0,0.0,0.0,0.0,0.0,3.0,11.0,0.0,44.0,2013,3,8
10757.0,1967.0,Phd,Divorced,28420.0,1.0,0.0,2013-12-24,36.0,4.0,2.0,5.0,2.0,0.0,0.0,1.0,1.0,0.0,2.0,6.0,0.0,0.0,0.0,0.0,0.0,0.0,3.0,11.0,0.0,47.0,2013,12,24
4023.0,1970.0,Graduation,Married,22979.0,1.0,0.0,2012-09-06,29.0,16.0,17.0,19.0,20.0,21.0,22.0,3.0,3.0,2.0,2.0,8.0,0.0,0.0,0.0,0.0,0.0,0.0,3.0,11.0,0.0,44.0,2012,9,6
6679.0,1966.0,Graduation,Single,33279.0,0.0,0.0,2014-06-12,29.0,10.0,3.0,3.0,0.0,0.0,0.0,1.0,0.0,0.0,3.0,3.0,0.0,0.0,0.0,0.0,0.0,0.0,3.0,11.0,0.0,48.0,2014,6,12
9923.0,1972.0,Master,Single,46423.0,1.0,1.0,2013-09-18,6.0,68.0,0.0,16.0,0.0,0.0,8.0,3.0,2.0,0.0,4.0,7.0,0.0,0.0,0.0,0.0,0.0,0.0,3.0,11.0,0.0,42.0,2013,9,18
7181.0,1977.0,Graduation,Married,30368.0,0.0,1.0,2013-11-07,97.0,35.0,0.0,13.0,2.0,0.0,2.0,2.0,2.0,0.0,3.0,8.0,0.0,0.0,0.0,0.0,0.0,0.0,3.0,11.0,0.0,37.0,2013,11,7
3599.0,1970.0,Graduation,Married,63684.0,0.0,1.0,2012-11-26,61.0,575.0,80.0,428.0,120.5,81.0,80.0,3.0,8.0,4.0,8.0,5.0,0.0,0.0,0.0,0.0,0.0,0.0,3.0,11.0,0.0,44.0,2012,11,26
405.0,1964.0,Graduation,Divorced,41638.0,0.0,1.0,2013-02-13,68.0,315.0,0.0,31.0,4.0,0.0,91.0,4.0,5.0,5.0,3.0,8.0,0.0,0.0,0.0,0.0,0.0,0.0,3.0,11.0,0.0,50.0,2013,2,13
6870.0,1959.0,Phd,Divorced,68805.0,0.0,1.0,2013-09-17,73.0,182.0,2.0,49.0,17.0,13.0,20.0,1.0,3.0,1.0,7.0,2.0,0.0,0.0,0.0,0.0,0.0,0.0,3.0,11.0,0.0,55.0,2013,9,17
832.0,1966.0,Phd,Married,65814.0,0.0,1.0,2014-03-02,90.0,561.0,14.0,113.0,10.0,14.0,35.0,3.0,8.0,2.0,10.0,5.0,0.0,0.0,0.0,0.0,0.0,0.0,3.0,11.0,0.0,48.0,2014,3,2
2002.0,1958.0,Graduation,Divorced,71964.0,0.0,0.0,2013-05-20,81.0,587.0,51.0,556.0,120.5,34.0,86.0,1.0,5.0,6.0,5.0,3.0,0.0,0.0,0.0,0.0,0.0,0.0,3.0,11.0,0.0,56.0,2013,5,20
3657.0,1986.0,Graduation,Single,39146.0,1.0,0.0,2013-02-14,1.0,94.0,1.0,33.0,13.0,12.0,12.0,3.0,4.0,0.0,4.0,8.0,0.0,0.0,0.0,0.0,0.0,0.0,3.0,11.0,0.0,28.0,2013,2,14
500.0,1977.0,Graduation,Married,96876.0,0.0,0.0,2013-08-06,79.0,908.0,43.0,556.0,40.0,81.0,21.0,1.0,7.0,7.0,9.0,2.0,0.0,0.0,0.0,0.0,0.0,0.0,3.0,11.0,0.0,37.0,2013,8,6
1951.0,1981.0,Basic,Married,34445.0,0.0,0.0,2013-01-27,92.0,228.0,81.0,122.0,120.5,81.0,30.0,6.0,11.0,2.0,8.0,9.0,0.0,0.0,0.0,0.0,0.0,0.0,3.0,11.0,0.0,33.0,2013,1,27
3262.0,1958.0,Graduation,Single,68281.0,0.0,0.0,2012-08-07,31.0,995.0,81.0,417.0,42.0,48.0,41.0,1.0,2.0,9.0,13.0,5.0,0.0,0.0,0.0,0.0,0.0,0.0,3.0,11.0,0.0,56.0,2012,8,7
4102.0,1975.0,2N Cycle,Married,37284.0,1.0,1.0,2013-03-29,46.0,11.0,1.0,2.0,2.0,1.0,6.0,1.0,0.0,0.0,3.0,6.0,0.0,0.0,0.0,0.0,0.0,0.0,3.0,11.0,0.0,39.0,2013,3,29
7042.0,1983.0,Graduation,Married,36790.0,0.0,0.0,2013-03-01,14.0,3.0,3.0,14.0,15.0,21.0,10.0,1.0,2.0,1.0,2.0,9.0,0.0,0.0,0.0,0.0,0.0,0.0,3.0,11.0,0.0,31.0,2013,3,1
10598.0,1967.0,Graduation,Married,27943.0,1.0,1.0,2013-04-15,89.0,12.0,1.0,16.0,4.0,1.0,3.0,3.0,2.0,0.0,3.0,8.0,0.0,0.0,0.0,0.0,0.0,0.0,3.0,11.0,0.0,47.0,2013,4,15
255.0,1951.0,Graduation,Divorced,22263.0,1.0,1.0,2014-03-30,31.0,17.0,0.0,2.0,0.0,0.0,2.0,2.0,1.0,0.0,3.0,6.0,0.0,0.0,0.0,0.0,0.0,0.0,3.0,11.0,0.0,63.0,2014,3,30
2375.0,1972.0,Graduation,Married,30261.0,1.0,2.0,2012-09-25,75.0,8.0,0.0,5.0,0.0,3.0,6.0,1.0,0.0,0.0,3.0,8.0,0.0,0.0,0.0,0.0,0.0,0.0,3.0,11.0,0.0,42.0,2012,9,25
9829.0,1978.0,Graduation,Married,28587.0,1.0,0.0,2014-02-12,42.0,22.0,4.0,17.0,12.0,10.0,13.0,3.0,2.0,0.0,4.0,6.0,0.0,0.0,0.0,0.0,0.0,0.0,3.0,11.0,0.0,36.0,2014,2,12
6214.0,1982.0,Master,Married,43815.0,1.0,0.0,2013-04-05,53.0,14.0,10.0,29.0,4.0,7.0,15.0,1.0,2.0,0.0,3.0,6.0,0.0,0.0,0.0,0.0,0.0,0.0,3.0,11.0,0.0,32.0,2013,4,5
4954.0,1956.0,Graduation,Married,48195.0,1.0,1.0,2014-01-21,53.0,106.0,27.0,68.0,52.0,7.0,5.0,6.0,4.0,2.0,5.0,6.0,0.0,0.0,0.0,0.0,0.0,0.0,3.0,11.0,0.0,58.0,2014,1,21
7861.0,1952.0,Master,Married,77027.0,0.0,1.0,2014-02-05,23.0,820.0,57.0,242.0,45.0,0.0,11.0,2.0,8.0,3.0,6.0,4.0,0.0,0.0,0.0,0.0,0.0,0.0,3.0,11.0,0.0,62.0,2014,2,5
4837.0,1965.0,Phd,Married,71322.0,0.0,1.0,2013-02-16,57.0,753.0,43.0,226.0,69.0,10.0,126.5,2.0,8.0,5.0,13.0,4.0,0.0,0.0,0.0,0.0,0.0,0.0,3.0,11.0,0.0,49.0,2013,2,16
9423.0,1979.0,Master,Married,32765.0,1.0,0.0,2014-02-23,49.0,13.0,3.0,17.0,7.0,3.0,3.0,2.0,2.0,0.0,4.0,5.0,0.0,0.0,0.0,0.0,0.0,0.0,3.0,11.0,0.0,35.0,2014,2,23
4198.0,1965.0,Graduation,Married,29672.0,1.0,1.0,2013-03-12,6.0,9.0,1.0,3.0,0.0,4.0,8.0,1.0,0.0,0.0,3.0,6.0,0.0,0.0,0.0,0.0,0.0,0.0,3.0,11.0,0.0,49.0,2013,3,12
153.0,1953.0,Graduation,Divorced,23272.0,0.0,0.0,2013-10-17,29.0,19.0,3.0,6.0,4.0,2.0,12.0,1.0,1.0,0.0,3.0,4.0,0.0,0.0,0.0,0.0,0.0,0.0,3.0,11.0,0.0,61.0,2013,10,17
9323.0,1949.0,Master,Married,49912.0,0.0,1.0,2012-09-07,5.0,520.0,8.0,223.0,32.0,49.0,42.0,4.0,10.0,5.0,7.0,8.0,0.0,0.0,0.0,0.0,0.0,0.0,3.0,11.0,0.0,65.0,2012,9,7
10001.0,1985.0,2N Cycle,Married,7500.0,1.0,0.0,2012-08-01,98.0,5.0,17.0,17.0,13.0,14.0,34.0,4.0,2.0,1.0,3.0,9.0,0.0,0.0,0.0,0.0,0.0,0.0,3.0,11.0,0.0,29.0,2012,8,1
3945.0,1947.0,Phd,Widow,68117.0,0.0,1.0,2013-03-10,80.0,618.0,44.0,215.0,0.0,17.0,36.0,2.0,11.0,8.0,4.0,6.0,0.0,0.0,0.0,0.0,0.0,0.0,3.0,11.0,0.0,67.0,2013,3,10
3799.0,1955.0,Graduation,Married,67225.0,0.0,1.0,2013-11-26,4.0,315.0,35.0,322.0,46.0,7.0,126.5,3.0,7.0,2.0,11.0,5.0,0.0,0.0,0.0,0.0,0.0,0.0,3.0,11.0,0.0,59.0,2013,11,26
8625.0,1976.0,Graduation,Married,17649.0,1.0,0.0,2013-11-12,70.0,15.0,1.0,23.0,0.0,5.0,1.0,3.0,3.0,0.0,3.0,8.0,0.0,0.0,0.0,0.0,0.0,0.0,3.0,11.0,0.0,38.0,2013,11,12
3491.0,1975.0,Graduation,Married,55914.0,0.0,1.0,2013-04-29,32.0,384.0,60.0,364.0,119.0,81.0,126.5,4.0,11.0,6.0,8.0,7.0,0.0,0.0,0.0,0.0,0.0,0.0,3.0,11.0,0.0,39.0,2013,4,29
983.0,1984.0,Graduation,Married,40059.0,1.0,0.0,2013-09-28,82.0,110.0,29.0,92.0,28.0,10.0,126.5,1.0,6.0,2.0,3.0,8.0,0.0,0.0,0.0,0.0,0.0,0.0,3.0,11.0,0.0,30.0,2013,9,28
9119.0,1950.0,Graduation,Married,60905.0,0.0,1.0,2013-12-05,27.0,208.0,17.0,76.0,36.0,17.0,38.0,2.0,3.0,3.0,7.0,2.0,0.0,0.0,0.0,0.0,0.0,0.0,3.0,11.0,0.0,64.0,2013,12,5
4786.0,1977.0,Graduation,Married,75330.0,1.0,1.0,2012-10-04,94.0,555.0,81.0,257.0,93.0,61.0,61.0,4.0,10.0,3.0,12.0,6.0,0.0,0.0,0.0,0.0,0.0,0.0,3.0,11.0,0.0,37.0,2012,10,4
5872.0,1951.0,Graduation,Single,60689.0,0.0,1.0,2013-06-01,23.0,240.0,81.0,216.0,63.0,6.0,24.0,4.0,4.0,4.0,10.0,3.0,0.0,0.0,0.0,0.0,0.0,0.0,3.0,11.0,0.0,63.0,2013,6,1
6568.0,1984.0,Graduation,Married,38680.0,1.0,0.0,2013-03-28,97.0,11.0,0.0,36.0,15.0,5.0,12.0,1.0,2.0,0.0,3.0,7.0,0.0,0.0,0.0,0.0,0.0,0.0,3.0,11.0,0.0,30.0,2013,3,28
5628.0,1982.0,Graduation,Married,61416.0,0.0,0.0,2013-02-08,25.0,848.0,81.0,323.0,120.5,61.0,78.0,1.0,10.0,3.0,10.0,6.0,0.0,0.0,0.0,0.0,0.0,0.0,3.0,11.0,0.0,32.0,2013,2,8
5631.0,1991.0,Graduation,Single,49767.0,0.0,0.0,2013-05-02,92.0,202.0,47.0,197.0,55.0,42.0,126.5,1.0,5.0,4.0,8.0,4.0,0.0,0.0,0.0,0.0,0.0,0.0,3.0,11.0,0.0,23.0,2013,5,2
4974.0,1970.0,Graduation,Single,83273.0,1.0,2.0,2012-09-25,98.0,433.0,81.0,556.0,16.0,81.0,102.0,6.0,4.0,6.0,9.0,7.0,0.0,0.0,0.0,0.0,0.0,0.0,3.0,11.0,0.0,44.0,2012,9,25
8416.0,1981.0,Graduation,Married,29009.0,1.0,0.0,2013-11-29,19.0,6.0,6.0,15.0,10.0,5.0,2.0,2.0,2.0,0.0,3.0,6.0,0.0,0.0,0.0,0.0,0.0,0.0,3.0,11.0,0.0,33.0,2013,11,29
5454.0,1979.0,Master,Married,45057.0,1.0,0.0,2013-12-01,80.0,37.0,0.0,7.0,3.0,0.0,3.0,1.0,2.0,0.0,3.0,5.0,0.0,0.0,0.0,0.0,0.0,0.0,3.0,11.0,0.0,35.0,2013,12,1
4095.0,1971.0,Graduation,Married,37150.0,1.0,0.0,2012-09-11,80.0,167.0,37.0,64.0,49.0,34.0,116.0,6.0,4.0,3.0,6.0,7.0,0.0,0.0,0.0,0.0,0.0,0.0,3.0,11.0,0.0,43.0,2012,9,11
5474.0,1970.0,Graduation,Single,43020.0,1.0,0.0,2013-11-30,79.0,45.0,7.0,99.0,4.0,25.0,43.0,3.0,4.0,1.0,4.0,6.0,0.0,0.0,0.0,0.0,0.0,0.0,3.0,11.0,0.0,44.0,2013,11,30
4268.0,1959.0,Graduation,Married,53154.0,0.0,1.0,2014-06-09,50.0,129.0,0.0,21.0,0.0,1.0,7.0,1.0,3.0,1.0,4.0,4.0,0.0,0.0,0.0,0.0,0.0,0.0,3.0,11.0,0.0,55.0,2014,6,9
10701.0,1973.0,Graduation,Married,65308.0,0.0,0.0,2013-09-11,60.0,713.0,0.0,264.0,120.0,80.0,34.0,1.0,7.0,8.0,12.0,4.0,0.0,0.0,0.0,0.0,0.0,0.0,3.0,11.0,0.0,41.0,2013,9,11
3507.0,1970.0,Graduation,Single,76467.0,1.0,0.0,2012-08-17,44.0,676.0,81.0,426.0,120.5,44.0,58.0,2.0,2.0,5.0,5.0,6.0,0.0,0.0,0.0,0.0,0.0,0.0,3.0,11.0,0.0,44.0,2012,8,17
2079.0,1947.0,2N Cycle,Married,81044.0,0.0,0.0,2013-12-27,0.0,450.0,26.0,535.0,73.0,81.0,26.0,1.0,5.0,6.0,10.0,1.0,0.0,0.0,0.0,0.0,0.0,0.0,3.0,11.0,0.0,67.0,2013,12,27
626.0,1951.0,Graduation,Married,32871.0,1.0,1.0,2013-03-09,28.0,22.0,2.0,12.0,0.0,2.0,5.0,1.0,1.0,0.0,3.0,4.0,0.0,0.0,0.0,0.0,0.0,0.0,3.0,11.0,0.0,63.0,2013,3,9
4426.0,1975.0,Graduation,Single,55801.0,1.0,1.0,2013-09-22,35.0,367.0,4.0,51.0,6.0,4.0,95.0,6.0,7.0,2.0,6.0,7.0,0.0,0.0,0.0,0.0,0.0,0.0,3.0,11.0,0.0,39.0,2013,9,22
2591.0,1959.0,Graduation,Widow,76320.0,0.0,1.0,2014-06-22,49.0,526.0,35.0,214.0,69.0,53.0,35.0,2.0,6.0,3.0,4.0,2.0,0.0,0.0,0.0,0.0,0.0,0.0,3.0,11.0,0.0,55.0,2014,6,22
10509.0,1955.0,Master,Single,36927.0,1.0,1.0,2014-06-02,46.0,51.0,0.0,16.0,0.0,0.0,4.0,2.0,3.0,0.0,3.0,8.0,0.0,0.0,0.0,0.0,0.0,0.0,3.0,11.0,0.0,59.0,2014,6,2
6382.0,1953.0,Graduation,Married,48794.0,1.0,1.0,2014-06-26,97.0,25.0,0.0,11.0,3.0,0.0,15.0,1.0,1.0,0.0,3.0,4.0,0.0,0.0,0.0,0.0,0.0,0.0,3.0,11.0,0.0,61.0,2014,6,26
6673.0,1965.0,Graduation,Single,23478.0,0.0,0.0,2013-03-19,51.0,28.0,6.0,27.0,12.0,17.0,39.0,1.0,3.0,0.0,3.0,8.0,0.0,0.0,0.0,0.0,0.0,0.0,3.0,11.0,0.0,49.0,2013,3,19
7441.0,1973.0,Graduation,Divorced,71128.0,1.0,0.0,2012-10-06,80.0,958.0,81.0,447.0,20.0,0.0,31.0,3.0,2.0,10.0,12.0,7.0,0.0,0.0,0.0,0.0,0.0,0.0,3.0,11.0,0.0,41.0,2012,10,6
1071.0,1976.0,Phd,Divorced,70179.0,0.0,1.0,2013-07-21,10.0,532.0,81.0,168.0,69.0,44.0,126.5,3.0,7.0,3.0,13.0,5.0,0.0,0.0,0.0,0.0,0.0,0.0,3.0,11.0,0.0,38.0,2013,7,21
10061.0,1950.0,Graduation,Married,59462.0,0.0,1.0,2013-01-05,29.0,724.0,17.0,143.0,0.0,8.0,126.5,2.0,9.0,2.0,12.0,7.0,0.0,0.0,0.0,0.0,0.0,0.0,3.0,11.0,0.0,64.0,2013,1,5
7187.0,1969.0,Master,Married,51381.5,1.0,1.0,2013-05-18,52.0,375.0,42.0,48.0,94.0,66.0,96.0,6.0,4.0,10.0,4.0,3.0,0.0,0.0,0.0,0.0,0.0,0.0,3.0,11.0,0.0,45.0,2013,5,18
8775.0,1969.0,Graduation,Married,38361.0,1.0,0.0,2013-12-27,74.0,39.0,0.0,56.0,20.0,8.0,14.0,3.0,3.0,1.0,3.0,7.0,0.0,0.0,0.0,0.0,0.0,0.0,3.0,11.0,0.0,45.0,2013,12,27
1612.0,1981.0,Phd,Single,51381.5,1.0,0.0,2013-05-31,82.0,23.0,0.0,15.0,0.0,2.0,7.0,2.0,3.0,0.0,3.0,6.0,0.0,0.0,0.0,0.0,0.0,0.0,3.0,11.0,0.0,33.0,2013,5,31
2345.0,1982.0,Phd,Married,70038.0,0.0,0.0,2013-10-25,54.0,587.0,54.0,348.0,71.0,54.0,126.5,1.0,4.0,4.0,8.0,2.0,0.0,0.0,0.0,0.0,0.0,0.0,3.0,11.0,0.0,32.0,2013,10,25
322.0,1978.0,Graduation,Married,42554.0,1.0,1.0,2013-01-12,93.0,29.0,1.0,11.0,0.0,0.0,0.0,2.0,2.0,0.0,3.0,4.0,0.0,0.0,0.0,0.0,0.0,0.0,3.0,11.0,0.0,36.0,2013,1,12
10897.0,1974.0,Graduation,Married,67445.0,0.0,1.0,2012-08-12,63.0,757.0,80.0,217.0,29.0,80.0,11.0,5.0,9.0,6.0,12.0,6.0,0.0,0.0,0.0,0.0,0.0,0.0,3.0,11.0,0.0,40.0,2012,8,12
123.0,1951.0,Graduation,Widow,67046.0,0.0,1.0,2013-01-06,92.0,544.0,35.0,133.0,23.0,81.0,107.0,2.0,4.0,5.0,4.0,2.0,0.0,0.0,0.0,0.0,0.0,0.0,3.0,11.0,0.0,63.0,2013,1,6
6103.0,1948.0,Graduation,Married,42192.0,0.0,0.0,2013-09-06,40.0,40.0,15.0,15.0,17.0,6.0,7.0,1.0,2.0,1.0,3.0,4.0,0.0,0.0,0.0,0.0,0.0,0.0,3.0,11.0,0.0,66.0,2013,9,6
7899.0,1952.0,Phd,Married,77610.0,0.0,1.0,2012-10-29,70.0,1225.0,33.0,332.0,21.0,33.0,16.0,2.0,4.0,7.0,4.0,7.0,0.0,0.0,0.0,0.0,0.0,0.0,3.0,11.0,0.0,62.0,2012,10,29
10500.0,1984.0,Graduation,Married,31761.0,1.0,0.0,2014-04-05,96.0,19.0,1.0,20.0,16.0,14.0,28.0,2.0,3.0,0.0,4.0,5.0,0.0,0.0,0.0,0.0,0.0,0.0,3.0,11.0,0.0,30.0,2014,4,5
1655.0,1979.0,Graduation,Married,34350.0,1.0,0.0,2013-10-19,81.0,16.0,3.0,15.0,2.0,1.0,11.0,1.0,1.0,0.0,3.0,7.0,0.0,0.0,0.0,0.0,0.0,0.0,3.0,11.0,0.0,35.0,2013,10,19
2406.0,1949.0,Graduation,Married,54591.0,0.0,1.0,2013-08-05,63.0,376.0,4.0,94.0,12.0,9.0,24.0,3.0,6.0,2.0,8.0,5.0,0.0,0.0,0.0,0.0,0.0,0.0,3.0,11.0,0.0,65.0,2013,8,5
2712.0,1956.0,Graduation,Married,71866.0,0.0,1.0,2013-12-25,85.0,184.0,81.0,178.0,103.0,39.0,33.0,1.0,6.0,3.0,10.0,3.0,0.0,0.0,0.0,0.0,0.0,0.0,3.0,11.0,0.0,58.0,2013,12,25
5517.0,1969.0,Graduation,Married,25293.0,1.0,0.0,2013-09-15,51.0,15.0,0.0,11.0,0.0,2.0,9.0,1.0,1.0,1.0,2.0,8.0,0.0,0.0,0.0,0.0,0.0,0.0,3.0,11.0,0.0,45.0,2013,9,15
10643.0,1987.0,Phd,Single,42000.0,0.0,0.0,2013-01-10,23.0,124.0,81.0,267.0,85.0,59.0,35.0,2.0,5.0,2.0,11.0,5.0,0.0,0.0,0.0,0.0,0.0,0.0,3.0,11.0,0.0,27.0,2013,1,10
2254.0,1983.0,Graduation,Married,69520.0,0.0,0.0,2013-07-07,95.0,627.0,81.0,414.0,120.5,80.0,93.0,1.0,9.0,6.0,5.0,5.0,0.0,0.0,0.0,0.0,0.0,0.0,3.0,11.0,0.0,31.0,2013,7,7
10281.0,1970.0,Graduation,Divorced,64713.0,1.0,0.0,2014-02-07,11.0,180.0,60.0,241.0,13.0,54.0,54.0,2.0,5.0,5.0,7.0,4.0,0.0,0.0,0.0,0.0,0.0,0.0,3.0,11.0,0.0,44.0,2014,2,7
6958.0,1977.0,Master,Married,27889.0,1.0,0.0,2013-07-05,42.0,14.0,0.0,4.0,0.0,0.0,8.0,1.0,1.0,1.0,2.0,6.0,0.0,0.0,0.0,0.0,0.0,0.0,3.0,11.0,0.0,37.0,2013,7,5
954.0,1960.0,Basic,Widow,22123.0,0.0,0.0,2014-03-27,77.0,3.0,3.0,24.0,34.0,7.0,31.0,1.0,2.0,1.0,3.0,5.0,0.0,0.0,0.0,0.0,0.0,0.0,3.0,11.0,0.0,54.0,2014,3,27
5079.0,1971.0,Graduation,Married,51381.5,1.0,1.0,2013-03-03,82.0,71.0,1.0,16.0,0.0,0.0,9.0,4.0,2.0,1.0,3.0,8.0,0.0,0.0,0.0,0.0,0.0,0.0,3.0,11.0,0.0,43.0,2013,3,3
10339.0,1954.0,Master,Married,51381.5,0.0,1.0,2013-06-23,83.0,161.0,0.0,22.0,0.0,0.0,24.0,2.0,4.0,1.0,4.0,6.0,0.0,0.0,0.0,0.0,0.0,0.0,3.0,11.0,0.0,60.0,2013,6,23
4643.0,1973.0,Graduation,Married,27803.0,1.0,0.0,2012-08-26,40.0,8.0,26.0,46.0,38.0,9.0,49.0,2.0,3.0,0.0,4.0,8.0,0.0,0.0,0.0,0.0,0.0,0.0,3.0,11.0,0.0,41.0,2012,8,26
3117.0,1955.0,Graduation,Single,51381.5,0.0,1.0,2013-10-18,95.0,264.0,0.0,21.0,12.0,6.0,126.5,3.0,6.0,1.0,5.0,7.0,0.0,0.0,0.0,0.0,0.0,0.0,3.0,11.0,0.0,59.0,2013,10,18
6497.0,1960.0,Graduation,Married,51651.0,0.0,1.0,2012-11-07,32.0,293.0,6.0,23.0,13.0,6.0,92.0,4.0,6.0,2.0,5.0,8.0,0.0,0.0,0.0,0.0,0.0,0.0,3.0,11.0,0.0,54.0,2012,11,7
5396.0,1988.0,Graduation,Married,68487.0,0.0,0.0,2013-01-13,48.0,758.0,12.0,385.0,33.0,81.0,89.0,1.0,9.0,7.0,13.0,4.0,0.0,0.0,0.0,0.0,0.0,0.0,3.0,11.0,0.0,26.0,2013,1,13
5250.0,1943.0,Master,Widow,51381.5,0.0,0.0,2013-10-30,75.0,532.0,81.0,490.0,120.5,81.0,126.0,1.0,5.0,5.0,11.0,1.0,0.0,0.0,0.0,0.0,0.0,0.0,3.0,11.0,0.0,71.0,2013,10,30
1052.0,1969.0,Graduation,Married,56796.0,0.0,1.0,2013-02-16,24.0,656.0,38.0,161.0,62.0,47.0,37.0,3.0,8.0,9.0,7.0,7.0,0.0,0.0,0.0,0.0,0.0,0.0,3.0,11.0,0.0,45.0,2013,2,16
2802.0,1992.0,2N Cycle,Married,87000.0,0.0,0.0,2012-12-15,61.0,196.0,25.0,556.0,67.0,17.0,49.0,1.0,4.0,6.0,7.0,2.0,0.0,0.0,0.0,0.0,0.0,0.0,3.0,11.0,0.0,22.0,2012,12,15
6343.0,1959.0,Graduation,Married,79823.0,0.0,1.0,2014-03-31,6.0,835.0,73.0,380.0,114.0,73.0,43.0,1.0,6.0,9.0,7.0,2.0,0.0,0.0,0.0,0.0,0.0,0.0,3.0,11.0,0.0,55.0,2014,3,31
6507.0,1980.0,Graduation,Single,30828.0,1.0,0.0,2013-10-04,16.0,16.0,11.0,15.0,2.0,0.0,12.0,2.0,1.0,1.0,4.0,3.0,0.0,0.0,0.0,0.0,0.0,0.0,3.0,11.0,0.0,34.0,2013,10,4
7901.0,1971.0,Master,Married,34109.0,0.0,1.0,2013-11-06,39.0,9.0,1.0,5.0,2.0,1.0,4.0,1.0,0.0,0.0,3.0,4.0,0.0,0.0,0.0,0.0,0.0,0.0,3.0,11.0,0.0,43.0,2013,11,6
4865.0,1974.0,Master,Divorced,53367.0,1.0,1.0,2013-08-31,2.0,229.0,7.0,140.0,10.0,3.0,11.0,6.0,5.0,1.0,8.0,7.0,0.0,0.0,0.0,0.0,0.0,0.0,3.0,11.0,0.0,40.0,2013,8,31
2686.0,1969.0,Basic,Married,22390.0,0.0,0.0,2013-10-21,49.0,0.0,1.0,4.0,15.0,1.0,5.0,1.0,1.0,0.0,2.0,7.0,0.0,0.0,0.0,0.0,0.0,0.0,3.0,11.0,0.0,45.0,2013,10,21
3107.0,1976.0,Graduation,Married,71322.0,0.0,1.0,2014-05-02,31.0,121.0,24.0,124.0,24.0,15.0,42.0,1.0,4.0,1.0,7.0,2.0,0.0,0.0,0.0,0.0,0.0,0.0,3.0,11.0,0.0,38.0,2014,5,2
7734.0,1993.0,Graduation,Single,79244.0,0.0,0.0,2012-12-19,58.0,471.0,81.0,125.0,120.5,61.0,126.5,1.0,4.0,10.0,7.0,1.0,0.0,0.0,0.0,0.0,0.0,0.0,3.0,11.0,0.0,21.0,2012,12,19
1146.0,1949.0,Master,Married,49912.0,0.0,1.0,2012-09-07,5.0,520.0,8.0,223.0,32.0,49.0,42.0,4.0,10.0,5.0,7.0,8.0,0.0,0.0,0.0,0.0,0.0,0.0,3.0,11.0,0.0,65.0,2012,9,7
11031.0,1950.0,Phd,Married,48699.0,1.0,1.0,2013-05-21,90.0,26.0,1.0,10.0,2.0,0.0,1.0,1.0,1.0,0.0,3.0,5.0,0.0,0.0,0.0,0.0,0.0,0.0,3.0,11.0,0.0,64.0,2013,5,21
7428.0,1975.0,Graduation,Married,80144.0,0.0,0.0,2013-09-30,47.0,240.0,81.0,445.0,120.5,81.0,108.0,1.0,3.0,7.0,8.0,1.0,0.0,0.0,0.0,0.0,0.0,0.0,3.0,11.0,0.0,39.0,2013,9,30
975.0,1956.0,Graduation,Single,54252.0,1.0,1.0,2013-05-28,25.0,178.0,4.0,26.0,8.0,4.0,44.0,5.0,4.0,1.0,5.0,6.0,0.0,0.0,0.0,0.0,0.0,0.0,3.0,11.0,0.0,58.0,2013,5,28
1103.0,1976.0,Master,Married,81929.0,1.0,0.0,2012-09-29,60.0,1225.0,55.0,278.0,49.0,0.0,126.5,2.0,4.0,4.0,10.0,6.0,0.0,0.0,0.0,0.0,0.0,0.0,3.0,11.0,0.0,38.0,2012,9,29
3422.0,1975.0,Graduation,Married,76068.0,0.0,1.0,2012-11-29,67.0,1115.0,12.0,128.0,33.0,12.0,76.0,1.0,2.0,3.0,4.0,6.0,0.0,0.0,0.0,0.0,0.0,0.0,3.0,11.0,0.0,39.0,2012,11,29
1055.0,1976.0,Master,Married,53204.0,1.0,1.0,2014-03-20,40.0,29.0,0.0,8.0,2.0,0.0,6.0,1.0,1.0,0.0,3.0,4.0,0.0,0.0,0.0,0.0,0.0,0.0,3.0,11.0,0.0,38.0,2014,3,20
6544.0,1949.0,Phd,Married,67911.0,0.0,1.0,2014-05-22,63.0,529.0,0.0,356.0,63.0,28.0,0.0,3.0,6.0,7.0,11.0,3.0,0.0,0.0,0.0,0.0,0.0,0.0,3.0,11.0,0.0,65.0,2014,5,22
1241.0,1984.0,2N Cycle,Married,14796.0,1.0,0.0,2012-09-17,1.0,13.0,3.0,8.0,7.0,4.0,16.0,2.0,1.0,0.0,3.0,9.0,0.0,0.0,0.0,0.0,0.0,0.0,3.0,11.0,0.0,30.0,2012,9,17
2909.0,1974.0,Phd,Married,78128.0,0.0,1.0,2014-02-19,89.0,934.0,24.0,230.0,16.0,24.0,36.0,2.0,8.0,4.0,6.0,3.0,0.0,0.0,0.0,0.0,0.0,0.0,3.0,11.0,0.0,40.0,2014,2,19
5802.0,1972.0,Basic,Married,14188.0,0.0,0.0,2013-02-28,40.0,2.0,7.0,11.0,16.0,12.0,27.0,1.0,2.0,0.0,4.0,6.0,0.0,0.0,0.0,0.0,0.0,0.0,3.0,11.0,0.0,42.0,2013,2,28
1407.0,1986.0,Basic,Married,20425.0,1.0,0.0,2012-10-29,5.0,4.0,12.0,5.0,3.0,16.0,17.0,2.0,2.0,0.0,3.0,7.0,0.0,0.0,0.0,0.0,0.0,0.0,3.0,11.0,0.0,28.0,2012,10,29
6183.0,1962.0,Master,Married,58646.0,0.0,1.0,2013-06-10,3.0,62.0,1.0,44.0,6.0,5.0,22.0,1.0,2.0,1.0,4.0,4.0,0.0,0.0,0.0,0.0,0.0,0.0,3.0,11.0,0.0,52.0,2013,6,10
340.0,1970.0,Graduation,Divorced,72967.0,0.0,1.0,2012-12-15,1.0,158.0,35.0,179.0,0.0,0.0,125.0,2.0,7.0,2.0,8.0,5.0,0.0,0.0,0.0,0.0,0.0,0.0,3.0,11.0,0.0,44.0,2012,12,15
5991.0,1949.0,Master,Married,48150.0,0.0,1.0,2013-06-08,24.0,173.0,2.0,39.0,3.0,2.0,47.0,3.0,5.0,1.0,4.0,7.0,0.0,0.0,0.0,0.0,0.0,0.0,3.0,11.0,0.0,65.0,2013,6,8
3104.0,1961.0,Graduation,Single,82332.0,0.0,0.0,2012-09-17,89.0,830.0,59.0,556.0,51.0,79.0,19.0,1.0,5.0,3.0,12.0,2.0,0.0,0.0,0.0,0.0,0.0,0.0,3.0,11.0,0.0,53.0,2012,9,17
9729.0,1955.0,Graduation,Widow,58275.0,1.0,1.0,2013-06-02,48.0,189.0,10.0,253.0,56.0,43.0,64.0,6.0,8.0,2.0,7.0,7.0,0.0,0.0,0.0,0.0,0.0,0.0,3.0,11.0,0.0,59.0,2013,6,2
1008.0,1981.0,Phd,Married,44953.0,0.0,0.0,2012-12-21,31.0,728.0,17.0,133.0,11.0,8.0,124.0,1.0,7.0,3.0,13.0,6.0,0.0,0.0,0.0,0.0,0.0,0.0,3.0,11.0,0.0,33.0,2012,12,21
11091.0,1953.0,Graduation,Married,34587.0,1.0,1.0,2014-05-16,68.0,7.0,2.0,9.0,2.0,0.0,2.0,2.0,1.0,0.0,3.0,4.0,0.0,0.0,0.0,0.0,0.0,0.0,3.0,11.0,0.0,61.0,2014,5,16
3969.0,1974.0,Master,Married,43018.0,0.0,1.0,2013-11-01,46.0,35.0,4.0,17.0,7.0,6.0,64.0,1.0,2.0,2.0,2.0,5.0,0.0,0.0,0.0,0.0,0.0,0.0,3.0,11.0,0.0,40.0,2013,11,1
1916.0,1954.0,Master,Married,45736.0,0.0,1.0,2013-07-24,92.0,188.0,3.0,180.0,20.0,3.0,43.0,5.0,7.0,1.0,6.0,7.0,0.0,0.0,0.0,0.0,0.0,0.0,3.0,11.0,0.0,60.0,2013,7,24
9907.0,1969.0,Master,Married,66476.0,0.0,1.0,2013-12-04,80.0,742.0,28.0,152.0,25.0,9.0,57.0,2.0,6.0,8.0,10.0,4.0,0.0,0.0,0.0,0.0,0.0,0.0,3.0,11.0,0.0,45.0,2013,12,4
87.0,1981.0,2N Cycle,Married,27733.0,1.0,0.0,2013-08-26,16.0,0.0,7.0,5.0,26.0,2.0,17.0,2.0,2.0,0.0,3.0,7.0,0.0,0.0,0.0,0.0,0.0,0.0,3.0,11.0,0.0,33.0,2013,8,26
8659.0,1952.0,Phd,Married,69805.0,0.0,1.0,2014-01-21,50.0,750.0,71.0,174.0,13.0,10.0,20.0,2.0,6.0,8.0,11.0,2.0,0.0,0.0,0.0,0.0,0.0,0.0,3.0,11.0,0.0,62.0,2014,1,21
6262.0,1962.0,Master,Single,72217.0,0.0,0.0,2013-04-10,93.0,816.0,42.0,450.0,55.0,56.0,126.5,1.0,3.0,10.0,8.0,2.0,0.0,0.0,0.0,0.0,0.0,0.0,3.0,11.0,0.0,52.0,2013,4,10
6147.0,1971.0,Graduation,Divorced,25818.0,1.0,0.0,2012-10-18,51.0,5.0,2.0,8.0,2.0,2.0,9.0,1.0,0.0,1.0,2.0,7.0,0.0,0.0,0.0,0.0,0.0,0.0,3.0,11.0,0.0,43.0,2012,10,18
8832.0,1976.0,Master,Married,37509.0,1.0,0.0,2012-09-12,24.0,37.0,5.0,56.0,12.0,8.0,5.0,2.0,3.0,0.0,4.0,7.0,0.0,0.0,0.0,0.0,0.0,0.0,3.0,11.0,0.0,38.0,2012,9,12
10067.0,1976.0,2N Cycle,Married,25176.0,1.0,1.0,2013-08-10,79.0,4.0,0.0,4.0,0.0,0.0,5.0,1.0,1.0,0.0,2.0,7.0,0.0,0.0,0.0,0.0,0.0,0.0,3.0,11.0,0.0,38.0,2013,8,10
7532.0,1980.0,Graduation,Married,43586.0,0.0,1.0,2012-08-30,26.0,99.0,2.0,11.0,4.0,0.0,16.0,3.0,3.0,0.0,4.0,8.0,0.0,0.0,0.0,0.0,0.0,0.0,3.0,11.0,0.0,34.0,2012,8,30
4915.0,1956.0,2N Cycle,Married,53230.0,0.0,1.0,2012-08-03,86.0,176.0,72.0,98.0,120.5,21.0,126.5,4.0,5.0,2.0,12.0,5.0,0.0,0.0,0.0,0.0,0.0,0.0,3.0,11.0,0.0,58.0,2012,8,3
2115.0,1957.0,Graduation,Married,50116.0,1.0,1.0,2014-06-20,68.0,54.0,0.0,10.0,0.0,0.0,2.0,2.0,1.0,0.0,4.0,5.0,0.0,0.0,0.0,0.0,0.0,0.0,3.0,11.0,0.0,57.0,2014,6,20
2088.0,1972.0,Graduation,Married,84906.0,0.0,0.0,2013-10-04,98.0,997.0,15.0,414.0,99.0,30.0,76.0,1.0,5.0,6.0,12.0,2.0,0.0,0.0,0.0,0.0,0.0,0.0,3.0,11.0,0.0,42.0,2013,10,4
2493.0,1966.0,Graduation,Married,61286.0,0.0,1.0,2013-08-02,34.0,356.0,0.0,107.0,19.0,9.0,117.0,2.0,7.0,1.0,8.0,5.0,0.0,0.0,0.0,0.0,0.0,0.0,3.0,11.0,0.0,48.0,2013,8,2
6292.0,1986.0,Phd,Married,82333.0,0.0,0.0,2013-03-30,60.0,1225.0,0.0,359.0,46.0,81.0,17.0,1.0,4.0,3.0,10.0,2.0,0.0,0.0,0.0,0.0,0.0,0.0,3.0,11.0,0.0,28.0,2013,3,30
1631.0,1965.0,Phd,Married,65220.0,0.0,0.0,2012-09-03,3.0,890.0,63.0,292.0,0.0,25.0,12.0,4.0,8.0,4.0,7.0,6.0,0.0,0.0,0.0,0.0,0.0,0.0,3.0,11.0,0.0,49.0,2012,9,3
10104.0,1974.0,Graduation,Married,33590.0,2.0,1.0,2013-11-03,65.0,4.0,0.0,2.0,0.0,0.0,2.0,1.0,1.0,0.0,2.0,7.0,0.0,0.0,0.0,0.0,0.0,0.0,3.0,11.0,0.0,40.0,2013,11,3
3006.0,1976.0,Graduation,Divorced,30992.0,1.0,0.0,2013-04-22,83.0,17.0,0.0,14.0,7.0,3.0,2.0,1.0,1.0,0.0,3.0,7.0,0.0,0.0,0.0,0.0,0.0,0.0,3.0,11.0,0.0,38.0,2013,4,22
3919.0,1976.0,Master,Single,72309.0,0.0,0.0,2013-03-11,64.0,960.0,0.0,556.0,50.0,38.0,0.0,1.0,5.0,6.0,8.0,3.0,0.0,0.0,0.0,0.0,0.0,0.0,3.0,11.0,0.0,38.0,2013,3,11
11181.0,1949.0,Phd,Married,117416.25,0.0,0.0,2013-08-29,85.0,2.0,1.0,2.0,1.0,1.0,1.0,0.0,0.0,0.0,0.0,0.0,0.0,0.0,0.0,0.0,0.0,0.0,3.0,11.0,0.0,65.0,2013,8,29
642.0,1980.0,Basic,Married,16005.0,1.0,0.0,2012-08-14,69.0,1.0,3.0,2.0,20.0,30.0,47.0,3.0,2.0,1.0,2.0,8.0,0.0,0.0,0.0,0.0,0.0,0.0,3.0,11.0,0.0,34.0,2012,8,14
4369.0,1957.0,Master,Single,65487.0,0.0,0.0,2014-01-10,48.0,240.0,67.0,500.0,120.5,0.0,126.5,3.0,3.0,5.0,6.0,2.0,0.0,0.0,0.0,0.0,0.0,0.0,3.0,11.0,0.0,57.0,2014,1,10
10127.0,1965.0,Graduation,Married,58692.0,0.0,1.0,2014-04-06,21.0,301.0,11.0,61.0,4.0,7.0,11.0,1.0,8.0,2.0,4.0,7.0,0.0,0.0,0.0,0.0,0.0,0.0,3.0,11.0,0.0,49.0,2014,4,6
271.0,1969.0,Graduation,Widow,40590.0,1.0,1.0,2013-10-02,30.0,154.0,0.0,50.0,6.0,11.0,37.0,5.0,3.0,4.0,3.0,6.0,0.0,0.0,0.0,0.0,0.0,0.0,3.0,11.0,0.0,45.0,2013,10,2
4973.0,1970.0,Graduation,Single,20587.0,1.0,0.0,2014-05-11,39.0,2.0,3.0,6.0,4.0,1.0,9.0,1.0,1.0,1.0,2.0,7.0,0.0,0.0,0.0,0.0,0.0,0.0,3.0,11.0,0.0,44.0,2014,5,11
2948.0,1954.0,Master,Divorced,62637.0,0.0,1.0,2014-03-01,76.0,104.0,12.0,48.0,4.0,12.0,5.0,1.0,2.0,2.0,5.0,2.0,0.0,0.0,0.0,0.0,0.0,0.0,3.0,11.0,0.0,60.0,2014,3,1
2715.0,1966.0,Master,Divorced,29435.0,1.0,1.0,2012-08-06,11.0,70.0,3.0,37.0,4.0,2.0,64.0,4.0,3.0,2.0,2.0,9.0,0.0,0.0,0.0,0.0,0.0,0.0,3.0,11.0,0.0,48.0,2012,8,6
10432.0,1974.0,Graduation,Divorced,19346.0,1.0,0.0,2014-01-30,26.0,2.0,0.0,9.0,3.0,6.0,2.0,1.0,1.0,0.0,3.0,8.0,0.0,0.0,0.0,0.0,0.0,0.0,3.0,11.0,0.0,40.0,2014,1,30
9216.0,1971.0,Graduation,Married,35788.0,1.0,1.0,2014-01-23,34.0,23.0,2.0,11.0,3.0,1.0,4.0,2.0,2.0,0.0,3.0,6.0,0.0,0.0,0.0,0.0,0.0,0.0,3.0,11.0,0.0,43.0,2014,1,23
7124.0,1968.0,Graduation,Divorced,36997.0,1.0,1.0,2013-02-01,72.0,43.0,4.0,12.0,8.0,0.0,27.0,5.0,2.0,1.0,4.0,5.0,0.0,0.0,0.0,0.0,0.0,0.0,3.0,11.0,0.0,46.0,2013,2,1
9727.0,1957.0,Graduation,Married,23539.0,0.0,0.0,2014-02-28,13.0,4.0,24.0,11.0,16.0,1.0,25.0,1.0,2.0,0.0,4.0,6.0,0.0,0.0,0.0,0.0,0.0,0.0,3.0,11.0,0.0,57.0,2014,2,28
5136.0,1973.0,Graduation,Single,65333.0,0.0,1.0,2014-01-17,58.0,654.0,7.0,92.0,0.0,15.0,30.0,6.0,9.0,4.0,8.0,6.0,0.0,0.0,0.0,0.0,0.0,0.0,3.0,11.0,0.0,41.0,2014,1,17
9790.0,1957.0,Graduation,Single,78499.0,0.0,0.0,2013-11-23,12.0,912.0,72.0,170.0,47.0,36.0,97.0,1.0,11.0,3.0,4.0,4.0,0.0,0.0,0.0,0.0,0.0,0.0,3.0,11.0,0.0,57.0,2013,11,23
1818.0,1971.0,Phd,Married,29732.0,1.0,0.0,2014-03-25,23.0,25.0,0.0,8.0,0.0,1.0,4.0,1.0,2.0,0.0,2.0,9.0,0.0,0.0,0.0,0.0,0.0,0.0,3.0,11.0,0.0,43.0,2014,3,25
1100.0,1960.0,Master,Married,41275.0,1.0,2.0,2014-03-24,33.0,24.0,4.0,22.0,0.0,2.0,9.0,4.0,3.0,1.0,3.0,5.0,0.0,0.0,0.0,0.0,0.0,0.0,3.0,11.0,0.0,54.0,2014,3,24
7873.0,1973.0,Phd,Married,63516.0,1.0,1.0,2013-07-06,30.0,141.0,11.0,114.0,15.0,14.0,5.0,4.0,4.0,1.0,7.0,5.0,0.0,0.0,0.0,0.0,0.0,0.0,3.0,11.0,0.0,41.0,2013,7,6
10609.0,1962.0,Phd,Married,42769.0,0.0,1.0,2013-10-12,15.0,71.0,0.0,13.0,3.0,1.0,0.0,2.0,1.0,1.0,4.0,4.0,0.0,0.0,0.0,0.0,0.0,0.0,3.0,11.0,0.0,52.0,2013,10,12
6950.0,1958.0,Master,Married,49572.0,1.0,1.0,2013-12-15,25.0,35.0,1.0,16.0,0.0,1.0,1.0,2.0,2.0,0.0,3.0,7.0,0.0,0.0,0.0,0.0,0.0,0.0,3.0,11.0,0.0,56.0,2013,12,15
7233.0,1972.0,Graduation,Married,69209.0,0.0,0.0,2012-09-17,4.0,496.0,32.0,556.0,120.5,48.0,126.5,2.0,5.0,3.0,6.0,4.0,0.0,0.0,0.0,0.0,0.0,0.0,3.0,11.0,0.0,42.0,2012,9,17
9481.0,1976.0,Graduation,Married,17148.0,1.0,0.0,2014-01-28,80.0,9.0,9.0,11.0,13.0,10.0,16.0,4.0,3.0,1.0,3.0,8.0,0.0,0.0,0.0,0.0,0.0,0.0,3.0,11.0,0.0,38.0,2014,1,28
7699.0,1969.0,Graduation,Widow,40590.0,1.0,1.0,2013-10-02,30.0,154.0,0.0,50.0,6.0,11.0,37.0,5.0,3.0,4.0,3.0,6.0,0.0,0.0,0.0,0.0,0.0,0.0,3.0,11.0,0.0,45.0,2013,10,2
2711.0,1976.0,Master,Married,30560.0,1.0,0.0,2013-06-27,6.0,9.0,1.0,5.0,4.0,5.0,7.0,1.0,1.0,0.0,3.0,7.0,0.0,0.0,0.0,0.0,0.0,0.0,3.0,11.0,0.0,38.0,2013,6,27
8933.0,1983.0,2N Cycle,Married,32146.0,1.0,0.0,2014-05-12,16.0,26.0,3.0,23.0,4.0,7.0,3.0,2.0,2.0,0.0,4.0,6.0,0.0,0.0,0.0,0.0,0.0,0.0,3.0,11.0,0.0,31.0,2014,5,12
8726.0,1964.0,2N Cycle,Divorced,41713.0,1.0,1.0,2014-04-29,57.0,77.0,8.0,44.0,10.0,10.0,25.0,5.0,3.0,1.0,4.0,6.0,0.0,0.0,0.0,0.0,0.0,0.0,3.0,11.0,0.0,50.0,2014,4,29
1515.0,1975.0,Master,Married,34176.0,0.0,1.0,2014-01-22,9.0,11.0,2.0,7.0,4.0,2.0,2.0,1.0,1.0,0.0,3.0,3.0,0.0,0.0,0.0,0.0,0.0,0.0,3.0,11.0,0.0,39.0,2014,1,22
5186.0,1955.0,Phd,Married,58482.0,0.0,1.0,2014-03-12,59.0,576.0,7.0,115.0,19.0,7.0,7.0,2.0,7.0,4.0,9.0,6.0,0.0,0.0,0.0,0.0,0.0,0.0,3.0,11.0,0.0,59.0,2014,3,12
10157.0,1965.0,Graduation,Single,59686.0,0.0,1.0,2014-01-25,78.0,89.0,15.0,89.0,34.0,42.0,5.0,1.0,4.0,1.0,6.0,4.0,0.0,0.0,0.0,0.0,0.0,0.0,3.0,11.0,0.0,49.0,2014,1,25
5667.0,1964.0,Phd,Married,60896.0,0.0,1.0,2012-10-11,90.0,1013.0,30.0,399.0,60.0,46.0,126.5,3.0,9.0,10.0,4.0,6.0,0.0,0.0,0.0,0.0,0.0,0.0,3.0,11.0,0.0,50.0,2012,10,11
902.0,1980.0,Graduation,Married,62994.0,1.0,0.0,2014-03-04,74.0,224.0,12.0,48.0,4.0,12.0,12.0,1.0,6.0,2.0,4.0,6.0,0.0,0.0,0.0,0.0,0.0,0.0,3.0,11.0,0.0,34.0,2014,3,4
977.0,1957.0,Graduation,Married,47320.0,0.0,1.0,2013-08-01,10.0,200.0,19.0,111.0,50.0,15.0,19.0,6.0,5.0,1.0,8.0,6.0,0.0,0.0,0.0,0.0,0.0,0.0,3.0,11.0,0.0,57.0,2013,8,1
7313.0,1949.0,2N Cycle,Widow,74859.0,0.0,0.0,2013-06-03,63.0,570.0,73.0,556.0,120.5,81.0,73.0,1.0,6.0,5.0,11.0,3.0,0.0,0.0,0.0,0.0,0.0,0.0,3.0,11.0,0.0,65.0,2013,6,3
7600.0,1992.0,Basic,Single,15253.0,1.0,0.0,2013-10-28,13.0,1.0,3.0,3.0,8.0,1.0,13.0,2.0,1.0,0.0,3.0,7.0,0.0,0.0,0.0,0.0,0.0,0.0,3.0,11.0,0.0,22.0,2013,10,28
9706.0,1974.0,Phd,Single,31560.0,1.0,0.0,2013-06-24,98.0,62.0,1.0,20.0,4.0,0.0,7.0,2.0,2.0,1.0,3.0,8.0,0.0,0.0,0.0,0.0,0.0,0.0,3.0,11.0,0.0,40.0,2013,6,24
2429.0,1954.0,Graduation,Divorced,72071.0,0.0,1.0,2013-02-14,4.0,531.0,69.0,300.0,120.5,81.0,126.5,3.0,5.0,4.0,8.0,2.0,0.0,0.0,0.0,0.0,0.0,0.0,3.0,11.0,0.0,60.0,2013,2,14
3520.0,1990.0,Master,Single,91172.0,0.0,0.0,2013-03-27,94.0,162.0,28.0,556.0,0.0,28.0,56.0,0.0,4.0,3.0,7.0,3.0,0.0,0.0,0.0,0.0,0.0,0.0,3.0,11.0,0.0,24.0,2013,3,27
10394.0,1984.0,Graduation,Married,90000.0,0.0,0.0,2013-12-23,91.0,675.0,81.0,133.0,94.0,81.0,126.5,1.0,4.0,8.0,5.0,1.0,0.0,0.0,0.0,0.0,0.0,0.0,3.0,11.0,0.0,30.0,2013,12,23
4548.0,1981.0,Graduation,Single,41967.0,1.0,1.0,2013-11-23,66.0,23.0,4.0,10.0,0.0,2.0,15.0,1.0,1.0,0.0,3.0,4.0,0.0,0.0,0.0,0.0,0.0,0.0,3.0,11.0,0.0,33.0,2013,11,23
9362.0,1965.0,Graduation,Single,69263.0,0.0,1.0,2014-03-05,14.0,492.0,5.0,32.0,13.0,5.0,21.0,1.0,9.0,1.0,7.0,6.0,0.0,0.0,0.0,0.0,0.0,0.0,3.0,11.0,0.0,49.0,2014,3,5
3968.0,1970.0,2N Cycle,Divorced,65706.0,0.0,0.0,2013-06-28,77.0,918.0,10.0,129.0,13.0,0.0,126.5,1.0,11.0,3.0,12.0,7.0,0.0,0.0,0.0,0.0,0.0,0.0,3.0,11.0,0.0,44.0,2013,6,28
4084.0,1975.0,Graduation,Married,60934.0,0.0,1.0,2014-01-17,41.0,224.0,81.0,155.0,120.5,81.0,54.0,2.0,6.0,4.0,11.0,4.0,0.0,0.0,0.0,0.0,0.0,0.0,3.0,11.0,0.0,39.0,2014,1,17
6721.0,1951.0,Graduation,Married,71965.0,0.0,1.0,2013-07-29,21.0,572.0,19.0,286.0,50.0,38.0,126.5,3.0,6.0,3.0,5.0,3.0,0.0,0.0,0.0,0.0,0.0,0.0,3.0,11.0,0.0,63.0,2013,7,29
2829.0,1955.0,Graduation,Married,65210.0,0.0,1.0,2014-03-10,25.0,626.0,0.0,70.0,0.0,7.0,28.0,2.0,9.0,3.0,8.0,6.0,0.0,0.0,0.0,0.0,0.0,0.0,3.0,11.0,0.0,59.0,2014,3,10
1772.0,1975.0,Phd,Married,79174.0,0.0,0.0,2013-01-11,2.0,1074.0,37.0,518.0,120.5,81.0,126.5,1.0,5.0,6.0,7.0,2.0,0.0,0.0,0.0,0.0,0.0,0.0,3.0,11.0,0.0,39.0,2013,1,11
1544.0,1967.0,Master,Divorced,81380.0,0.0,0.0,2012-12-22,51.0,741.0,68.0,556.0,120.5,68.0,103.0,1.0,4.0,2.0,10.0,2.0,0.0,0.0,0.0,0.0,0.0,0.0,3.0,11.0,0.0,47.0,2012,12,22
492.0,1973.0,Phd,Single,48432.0,0.0,1.0,2012-10-18,3.0,322.0,3.0,50.0,4.0,3.0,42.0,5.0,7.0,1.0,6.0,8.0,0.0,0.0,0.0,0.0,0.0,0.0,3.0,11.0,0.0,41.0,2012,10,18
4377.0,1971.0,Graduation,Married,52914.0,0.0,1.0,2013-01-07,32.0,254.0,10.0,44.0,30.0,10.0,126.5,2.0,7.0,3.0,3.0,7.0,0.0,0.0,0.0,0.0,0.0,0.0,3.0,11.0,0.0,43.0,2013,1,7
4541.0,1955.0,Graduation,Married,38946.0,0.0,1.0,2013-10-24,84.0,116.0,6.0,82.0,6.0,6.0,41.0,2.0,3.0,1.0,6.0,5.0,0.0,0.0,0.0,0.0,0.0,0.0,3.0,11.0,0.0,59.0,2013,10,24
1321.0,1974.0,Graduation,Married,26067.0,1.0,0.0,2013-11-04,49.0,22.0,2.0,18.0,0.0,2.0,12.0,3.0,3.0,0.0,3.0,8.0,0.0,0.0,0.0,0.0,0.0,0.0,3.0,11.0,0.0,40.0,2013,11,4
8858.0,1972.0,Phd,Married,44325.0,0.0,1.0,2013-03-07,69.0,516.0,0.0,21.0,0.0,0.0,5.0,4.0,8.0,2.0,7.0,8.0,0.0,0.0,0.0,0.0,0.0,0.0,3.0,11.0,0.0,42.0,2013,3,7
3266.0,1964.0,Graduation,Married,42523.0,0.0,0.0,2014-04-23,96.0,14.0,36.0,11.0,3.0,26.0,35.0,1.0,1.0,1.0,4.0,2.0,0.0,0.0,0.0,0.0,0.0,0.0,3.0,11.0,0.0,50.0,2014,4,23
11187.0,1978.0,Basic,Single,26487.0,1.0,0.0,2013-05-20,23.0,2.0,8.0,10.0,12.0,14.0,23.0,3.0,2.0,1.0,3.0,5.0,0.0,0.0,0.0,0.0,0.0,0.0,3.0,11.0,0.0,36.0,2013,5,20
8207.0,1957.0,2N Cycle,Married,53233.0,0.0,1.0,2014-03-18,18.0,28.0,0.0,9.0,3.0,0.0,0.0,1.0,1.0,0.0,3.0,4.0,0.0,0.0,0.0,0.0,0.0,0.0,3.0,11.0,0.0,57.0,2014,3,18
9723.0,1960.0,Graduation,Married,67716.0,0.0,1.0,2013-01-10,8.0,530.0,81.0,217.0,62.0,9.0,56.0,4.0,7.0,4.0,13.0,5.0,0.0,0.0,0.0,0.0,0.0,0.0,3.0,11.0,0.0,54.0,2013,1,10
2666.0,1972.0,Master,Married,76234.0,0.0,1.0,2014-02-06,21.0,519.0,50.0,167.0,120.5,0.0,41.0,1.0,8.0,3.0,11.0,3.0,0.0,0.0,0.0,0.0,0.0,0.0,3.0,11.0,0.0,42.0,2014,2,6
5721.0,1956.0,Phd,Married,84117.0,0.0,0.0,2014-05-11,60.0,611.0,76.0,556.0,59.0,45.0,26.0,1.0,7.0,10.0,6.0,2.0,0.0,0.0,0.0,0.0,0.0,0.0,3.0,11.0,0.0,58.0,2014,5,11
10652.0,1957.0,Master,Married,65487.0,0.0,0.0,2014-01-10,48.0,240.0,67.0,500.0,120.5,0.0,126.5,3.0,3.0,5.0,6.0,2.0,0.0,0.0,0.0,0.0,0.0,0.0,3.0,11.0,0.0,57.0,2014,1,10
1646.0,1972.0,Basic,Married,25224.0,1.0,0.0,2014-03-16,36.0,4.0,9.0,12.0,11.0,2.0,8.0,2.0,1.0,1.0,3.0,3.0,0.0,0.0,0.0,0.0,0.0,0.0,3.0,11.0,0.0,42.0,2014,3,16
4418.0,1983.0,Master,Single,89616.0,0.0,0.0,2013-02-25,36.0,671.0,47.0,556.0,120.5,81.0,15.0,1.0,7.0,5.0,12.0,2.0,0.0,0.0,0.0,0.0,0.0,0.0,3.0,11.0,0.0,31.0,2013,2,25
2656.0,1971.0,Graduation,Divorced,40851.0,1.0,1.0,2013-02-21,63.0,23.0,1.0,7.0,0.0,4.0,24.0,1.0,1.0,1.0,2.0,7.0,0.0,0.0,0.0,0.0,0.0,0.0,3.0,11.0,0.0,43.0,2013,2,21
7990.0,1947.0,Graduation,Married,27469.0,0.0,0.0,2012-08-02,2.0,9.0,1.0,2.0,3.0,2.0,0.0,1.0,0.0,0.0,3.0,6.0,0.0,0.0,0.0,0.0,0.0,0.0,3.0,11.0,0.0,67.0,2012,8,2
8722.0,1957.0,2N Cycle,Married,82347.0,0.0,0.0,2012-11-06,38.0,556.0,54.0,556.0,120.5,81.0,63.0,1.0,7.0,7.0,10.0,3.0,0.0,0.0,0.0,0.0,0.0,0.0,3.0,11.0,0.0,57.0,2012,11,6
7118.0,1957.0,Graduation,Married,73803.0,0.0,1.0,2012-08-01,61.0,833.0,80.0,363.0,52.0,26.0,126.5,2.0,9.0,5.0,6.0,6.0,0.0,0.0,0.0,0.0,0.0,0.0,3.0,11.0,0.0,57.0,2012,8,1
2980.0,1952.0,Master,Single,8820.0,1.0,1.0,2013-03-22,52.0,12.0,0.0,13.0,4.0,2.0,4.0,4.0,3.0,0.0,3.0,8.0,0.0,0.0,0.0,0.0,0.0,0.0,3.0,11.0,0.0,62.0,2013,3,22
1839.0,1974.0,Graduation,Single,43322.0,0.0,0.0,2014-04-21,25.0,56.0,7.0,48.0,10.0,2.0,18.0,1.0,3.0,0.0,4.0,7.0,0.0,0.0,0.0,0.0,0.0,0.0,3.0,11.0,0.0,40.0,2014,4,21
10722.0,1973.0,Graduation,Married,55593.0,0.0,1.0,2013-08-21,63.0,293.0,8.0,124.0,11.0,4.0,106.0,2.0,6.0,6.0,3.0,6.0,0.0,0.0,0.0,0.0,0.0,0.0,3.0,11.0,0.0,41.0,2013,8,21
2632.0,1954.0,Graduation,Married,50501.0,1.0,1.0,2013-06-18,10.0,297.0,0.0,38.0,13.0,0.0,126.5,6.0,5.0,4.0,4.0,6.0,0.0,0.0,0.0,0.0,0.0,0.0,3.0,11.0,0.0,60.0,2013,6,18
9014.0,1975.0,Graduation,Married,37085.0,1.0,1.0,2014-06-26,65.0,39.0,1.0,16.0,2.0,0.0,3.0,4.0,3.0,0.0,3.0,8.0,0.0,0.0,0.0,0.0,0.0,0.0,3.0,11.0,0.0,39.0,2014,6,26
7620.0,1990.0,Basic,Single,16185.0,1.0,0.0,2013-08-05,71.0,5.0,11.0,16.0,21.0,8.0,45.0,2.0,2.0,2.0,2.0,8.0,0.0,0.0,0.0,0.0,0.0,0.0,3.0,11.0,0.0,24.0,2013,8,5
10968.0,1969.0,Graduation,Single,57731.0,0.0,1.0,2012-11-23,0.0,266.0,21.0,300.0,65.0,8.0,44.0,4.0,8.0,8.0,6.0,6.0,0.0,0.0,0.0,0.0,0.0,0.0,3.0,11.0,0.0,45.0,2012,11,23
11133.0,1973.0,Phd,Single,48432.0,0.0,1.0,2012-10-18,3.0,322.0,3.0,50.0,4.0,3.0,42.0,5.0,7.0,1.0,6.0,8.0,0.0,0.0,0.0,0.0,0.0,0.0,3.0,11.0,0.0,41.0,2012,10,18
2736.0,1978.0,Graduation,Married,73807.0,0.0,1.0,2013-01-02,88.0,366.0,81.0,156.0,71.0,78.0,54.0,2.0,5.0,5.0,11.0,2.0,0.0,0.0,0.0,0.0,0.0,0.0,3.0,11.0,0.0,36.0,2013,1,2
1876.0,1990.0,Graduation,Married,18929.0,0.0,0.0,2013-02-16,15.0,32.0,0.0,8.0,23.0,4.0,18.0,1.0,1.0,0.0,4.0,6.0,0.0,0.0,0.0,0.0,0.0,0.0,3.0,11.0,0.0,24.0,2013,2,16
5959.0,1968.0,Graduation,Single,35893.0,1.0,1.0,2012-10-15,80.0,158.0,0.0,23.0,0.0,0.0,18.0,6.0,3.0,1.0,5.0,8.0,0.0,0.0,0.0,0.0,0.0,0.0,3.0,11.0,0.0,46.0,2012,10,15
1092.0,1980.0,Graduation,Married,61014.0,0.0,1.0,2012-08-11,17.0,269.0,81.0,495.0,120.5,43.0,29.0,4.0,9.0,3.0,4.0,7.0,0.0,0.0,0.0,0.0,0.0,0.0,3.0,11.0,0.0,34.0,2012,8,11
4333.0,1954.0,Graduation,Married,32144.0,1.0,1.0,2014-03-23,76.0,41.0,0.0,10.0,0.0,0.0,3.0,4.0,2.0,1.0,3.0,7.0,0.0,0.0,0.0,0.0,0.0,0.0,3.0,11.0,0.0,60.0,2014,3,23
3850.0,1963.0,Basic,Married,14918.0,0.0,1.0,2012-12-07,52.0,3.0,3.0,3.0,15.0,4.0,15.0,1.0,1.0,0.0,3.0,6.0,0.0,0.0,0.0,0.0,0.0,0.0,3.0,11.0,0.0,51.0,2012,12,7
6168.0,1963.0,Graduation,Divorced,45146.0,1.0,1.0,2013-07-15,28.0,33.0,0.0,5.0,0.0,0.0,15.0,2.0,1.0,1.0,2.0,4.0,0.0,0.0,0.0,0.0,0.0,0.0,3.0,11.0,0.0,51.0,2013,7,15
607.0,1955.0,2N Cycle,Divorced,41769.0,0.0,1.0,2013-02-13,31.0,302.0,29.0,131.0,32.0,0.0,27.0,6.0,8.0,1.0,7.0,8.0,0.0,0.0,0.0,0.0,0.0,0.0,3.0,11.0,0.0,59.0,2013,2,13
10469.0,1981.0,Graduation,Married,88325.0,0.0,0.0,2014-02-05,42.0,519.0,71.0,556.0,93.0,27.0,53.0,1.0,6.0,2.0,9.0,2.0,0.0,0.0,0.0,0.0,0.0,0.0,3.0,11.0,0.0,33.0,2014,2,5
6983.0,1950.0,Master,Divorced,38054.0,1.0,1.0,2014-05-01,24.0,23.0,2.0,17.0,2.0,1.0,0.0,2.0,2.0,0.0,3.0,7.0,0.0,0.0,0.0,0.0,0.0,0.0,3.0,11.0,0.0,64.0,2014,5,1
3661.0,1995.0,2N Cycle,Single,80617.0,0.0,0.0,2012-10-12,42.0,594.0,51.0,556.0,72.0,55.0,32.0,1.0,4.0,6.0,8.0,2.0,0.0,0.0,0.0,0.0,0.0,0.0,3.0,11.0,0.0,19.0,2012,10,12
9303.0,1976.0,Graduation,Married,5305.0,0.0,1.0,2013-07-30,12.0,12.0,4.0,7.0,1.0,3.0,5.0,0.0,1.0,0.0,0.0,13.0,0.0,0.0,0.0,0.0,0.0,0.0,3.0,11.0,0.0,38.0,2013,7,30
692.0,1954.0,Graduation,Married,36807.0,1.0,1.0,2012-12-20,88.0,4.0,2.0,5.0,0.0,0.0,5.0,1.0,1.0,0.0,2.0,6.0,0.0,0.0,0.0,0.0,0.0,0.0,3.0,11.0,0.0,60.0,2012,12,20
736.0,1983.0,Graduation,Married,28427.0,1.0,0.0,2013-03-21,67.0,18.0,3.0,19.0,3.0,3.0,6.0,2.0,2.0,0.0,3.0,8.0,0.0,0.0,0.0,0.0,0.0,0.0,3.0,11.0,0.0,31.0,2013,3,21
9589.0,1948.0,Phd,Widow,82032.0,0.0,0.0,2014-04-05,54.0,332.0,81.0,377.0,120.5,81.0,57.0,0.0,4.0,6.0,7.0,1.0,0.0,0.0,0.0,0.0,0.0,0.0,3.0,11.0,0.0,66.0,2014,4,5
4838.0,1978.0,Graduation,Married,22775.0,1.0,0.0,2013-06-19,40.0,5.0,1.0,8.0,0.0,0.0,1.0,1.0,1.0,0.0,2.0,8.0,0.0,0.0,0.0,0.0,0.0,0.0,3.0,11.0,0.0,36.0,2013,6,19
9246.0,1985.0,Master,Married,40101.0,1.0,0.0,2012-10-14,73.0,171.0,3.0,129.0,26.0,24.0,62.0,4.0,6.0,1.0,6.0,7.0,0.0,0.0,0.0,0.0,0.0,0.0,3.0,11.0,0.0,29.0,2012,10,14
6261.0,1979.0,Graduation,Married,58025.0,0.0,1.0,2013-11-26,81.0,270.0,31.0,88.0,11.0,48.0,22.0,3.0,3.0,2.0,10.0,4.0,0.0,0.0,0.0,0.0,0.0,0.0,3.0,11.0,0.0,35.0,2013,11,26
7366.0,1982.0,Master,Single,75777.0,0.0,0.0,2013-07-04,12.0,712.0,26.0,538.0,69.0,13.0,80.0,1.0,3.0,6.0,11.0,1.0,0.0,0.0,0.0,0.0,0.0,0.0,3.0,11.0,0.0,32.0,2013,7,4
10659.0,1979.0,2N Cycle,Married,7500.0,1.0,0.0,2013-05-07,7.0,2.0,8.0,11.0,3.0,8.0,21.0,4.0,3.0,2.0,2.0,7.0,0.0,0.0,0.0,0.0,0.0,0.0,3.0,11.0,0.0,35.0,2013,5,7
1448.0,1963.0,Master,Married,33562.0,1.0,2.0,2014-06-25,33.0,21.0,12.0,12.0,0.0,3.0,3.0,3.0,2.0,0.0,4.0,4.0,0.0,0.0,0.0,0.0,0.0,0.0,3.0,11.0,0.0,51.0,2014,6,25
4286.0,1970.0,Phd,Single,57642.0,0.0,1.0,2014-01-09,24.0,580.0,6.0,58.0,8.0,0.0,27.0,3.0,7.0,6.0,6.0,4.0,0.0,0.0,0.0,0.0,0.0,0.0,3.0,11.0,0.0,44.0,2014,1,9
4749.0,1968.0,Graduation,Married,58554.0,1.0,1.0,2012-09-26,55.0,368.0,24.0,68.0,38.0,0.0,88.0,6.0,8.0,2.0,6.0,7.0,0.0,0.0,0.0,0.0,0.0,0.0,3.0,11.0,0.0,46.0,2012,9,26
4478.0,1979.0,Graduation,Married,63777.0,1.0,1.0,2013-03-24,87.0,457.0,5.0,106.0,15.0,17.0,53.0,6.0,11.0,1.0,6.0,8.0,0.0,0.0,0.0,0.0,0.0,0.0,3.0,11.0,0.0,35.0,2013,3,24
4201.0,1962.0,Graduation,Single,57967.0,0.0,1.0,2013-03-03,39.0,229.0,7.0,137.0,4.0,0.0,91.0,5.0,4.0,2.0,8.0,5.0,0.0,0.0,0.0,0.0,0.0,0.0,3.0,11.0,0.0,52.0,2013,3,3
8720.0,1978.0,2N Cycle,Married,51381.5,0.0,0.0,2012-08-12,53.0,32.0,2.0,556.0,12.0,4.0,22.0,0.0,0.0,0.0,1.0,0.0,0.0,0.0,0.0,0.0,0.0,0.0,3.0,11.0,0.0,36.0,2012,8,12
10084.0,1972.0,Graduation,Married,24434.0,2.0,0.0,2014-05-18,9.0,3.0,2.0,8.0,20.0,0.0,17.0,2.0,2.0,1.0,2.0,7.0,0.0,0.0,0.0,0.0,0.0,0.0,3.0,11.0,0.0,42.0,2014,5,18
7004.0,1984.0,Graduation,Single,11012.0,1.0,0.0,2013-03-16,82.0,24.0,3.0,26.0,7.0,1.0,23.0,3.0,3.0,1.0,2.0,9.0,0.0,0.0,0.0,0.0,0.0,0.0,3.0,11.0,0.0,30.0,2013,3,16
9817.0,1970.0,Master,Single,44802.0,0.0,0.0,2012-08-21,71.0,853.0,10.0,143.0,13.0,10.0,20.0,2.0,9.0,4.0,12.0,8.0,0.0,0.0,0.0,0.0,0.0,0.0,3.0,11.0,0.0,44.0,2012,8,21
8080.0,1986.0,Graduation,Single,26816.0,0.0,0.0,2012-08-17,50.0,5.0,1.0,6.0,3.0,4.0,3.0,1.0,0.0,0.0,3.0,4.0,0.0,0.0,0.0,0.0,0.0,0.0,3.0,11.0,0.0,28.0,2012,8,17
9432.0,1977.0,Graduation,Married,117416.25,1.0,0.0,2013-06-02,23.0,9.0,14.0,18.0,8.0,1.0,12.0,4.0,3.0,1.0,3.0,6.0,0.0,0.0,0.0,0.0,0.0,0.0,3.0,11.0,0.0,37.0,2013,6,2
8372.0,1974.0,Graduation,Married,34421.0,1.0,0.0,2013-07-01,81.0,3.0,3.0,7.0,6.0,2.0,9.0,1.0,1.0,0.0,2.0,7.0,0.0,0.0,0.0,0.0,0.0,0.0,3.0,11.0,0.0,40.0,2013,7,1
10870.0,1967.0,Graduation,Married,61223.0,0.0,1.0,2013-06-13,46.0,709.0,43.0,182.0,42.0,81.0,126.5,2.0,9.0,3.0,4.0,5.0,0.0,0.0,0.0,0.0,0.0,0.0,3.0,11.0,0.0,47.0,2013,6,13
4001.0,1946.0,Phd,Married,64014.0,2.0,1.0,2014-06-10,56.0,406.0,0.0,30.0,0.0,0.0,8.0,6.0,8.0,2.0,5.0,7.0,0.0,0.0,0.0,0.0,0.0,0.0,3.0,11.0,0.0,68.0,2014,6,10
7270.0,1981.0,Graduation,Divorced,56981.0,0.0,0.0,2014-01-25,91.0,908.0,48.0,217.0,32.0,12.0,24.0,1.0,2.0,3.0,13.0,6.0,0.0,0.0,0.0,0.0,0.0,0.0,3.0,11.0,0.0,33.0,2014,1,25
8235.0,1956.0,Master,Married,69245.0,0.0,1.0,2014-01-24,8.0,428.0,30.0,214.0,80.0,30.0,61.0,2.0,6.0,5.0,10.0,3.0,0.0,0.0,0.0,0.0,0.0,0.0,3.0,11.0,0.0,58.0,2014,1,24
9405.0,1954.0,Phd,Married,52869.0,1.0,1.0,2012-10-15,40.0,84.0,3.0,61.0,2.0,1.0,21.0,3.0,3.0,1.0,4.0,7.0,0.0,0.0,0.0,0.0,0.0,0.0,3.0,11.0,0.0,60.0,2012,10,15
